UserID,Train
1,"[2762, 1246, 2918, 531, 3114, 2791, 1029, 594, 2398, 1545, 527, 595, 588, 1]"
2,"[2396, 356, 589, 2028, 2571, 457, 1610, 480, 163, 380, 3418, 349, 1527, 2353]"
3,"[480, 1615, 653, 733, 2006, 2470, 2115, 1049, 552, 2735, 1136, 3421, 1394, 1304]"
4,"[0, 0, 1097, 3468, 480, 260, 1198, 1387, 2028, 2366, 1201, 2692, 2947, 1214]"
5,"[1535, 1759, 1517, 1885, 1392, 1610, 1732, 1729, 509, 348, 515, 1715, 506, 377]"
6,"[1380, 1035, 3604, 1947, 914, 1028, 368, 383, 266, 3074, 3578, 3753, 3536, 3408]"
7,"[1997, 3753, 1610, 589, 2571, 457, 110, 2028, 2916, 6, 733, 474, 1580, 861]"
8,"[3186, 1653, 650, 253, 1589, 24, 269, 151, 465, 3259, 1836, 266, 230, 1701]"
9,"[1721, 778, 1060, 300, 1777, 2890, 1682, 994, 1921, 590, 480, 2302, 2268, 529]"
10,"[1240, 1023, 1035, 1233, 3347, 1292, 527, 1022, 2087, 2717, 2498, 1831, 3593, 275]"
11,"[2174, 1197, 3448, 3608, 2109, 3129, 2795, 3809, 2746, 104, 1777, 1732, 1753, 663]"
12,"[0, 0, 0, 0, 0, 0, 999, 3265, 1303, 1198, 3897, 858, 1221, 919]"
13,"[329, 736, 1544, 1262, 1198, 919, 1204, 1287, 260, 1259, 590, 1210, 3479, 1374]"
14,"[0, 0, 0, 0, 0, 0, 0, 3033, 2920, 2997, 3578, 2686, 2692, 2762]"
15,"[593, 1619, 161, 1213, 1466, 367, 1805, 1804, 2389, 1892, 648, 1422, 1597, 3489]"
16,"[0, 0, 0, 0, 0, 0, 0, 1269, 1682, 2572, 2683, 2699, 2355, 2975]"
17,"[2657, 2011, 1580, 2105, 3927, 2985, 3033, 1019, 780, 3156, 2377, 610, 2021, 2116]"
18,"[1784, 1357, 3255, 3108, 3252, 302, 1639, 412, 1271, 1643, 1721, 475, 2573, 249]"
19,"[785, 3174, 3752, 2502, 1215, 111, 32, 2918, 480, 589, 2858, 2836, 1961, 1148]"
20,"[0, 2028, 1617, 47, 3578, 648, 70, 589, 1912, 2571, 457, 110, 1923, 2858]"
21,"[0, 0, 0, 0, 0, 0, 0, 0, 0, 0, 0, 0, 0, 0]"
22,"[429, 2195, 555, 733, 485, 2161, 2193, 2005, 1127, 678, 1198, 1291, 1884, 2046]"
23,"[2762, 1218, 1267, 1036, 1994, 1625, 3505, 16, 377, 3510, 911, 1258, 1204, 1222]"
24,"[902, 3685, 50, 260, 919, 1198, 2987, 1291, 3175, 1073, 3699, 2640, 592, 858]"
25,"[2012, 1580, 3156, 1573, 2011, 1291, 1205, 1676, 1917, 2501, 150, 1610, 1704, 546]"
26,"[499, 3261, 3152, 2409, 2528, 3506, 1084, 902, 1179, 198, 1876, 16, 3614, 45]"
27,"[1294, 3037, 260, 2174, 1097, 1073, 923, 1237, 912, 1217, 3469, 908, 1207, 318]"
28,"[3334, 778, 1956, 2282, 1244, 1968, 39, 1179, 2321, 906, 2947, 1660, 2858, 551]"
29,"[3527, 3702, 3753, 2490, 288, 3726, 480, 353, 3740, 2991, 2993, 2406, 2527, 610]"
30,"[3943, 318, 17, 527, 593, 2028, 1617, 1041, 2858, 50, 1176, 2762, 2997, 2571]"
31,"[955, 2001, 440, 898, 3039, 3671, 3516, 2208, 933, 3363, 3397, 2371, 3028, 1125]"
32,"[2020, 1088, 2959, 32, 2762, 1208, 3787, 1296, 1250, 2108, 3079, 593, 745, 1358]"
33,"[3836, 2983, 3363, 3204, 1061, 1084, 1635, 474, 3105, 2467, 586, 36, 1834, 2640]"
34,"[353, 2424, 1735, 2572, 497, 1835, 838, 2581, 339, 1441, 543, 1722, 708, 605]"
35,"[3566, 3852, 1148, 2692, 969, 28, 911, 2708, 1197, 915, 1210, 838, 2100, 2171]"
36,"[581, 3142, 556, 1191, 3359, 553, 1283, 3827, 2774, 2269, 1701, 3786, 2369, 3174]"
37,"[2080, 2081, 1722, 497, 356, 357, 377, 2108, 2671, 361, 708, 1569, 236, 1457]"
38,"[2431, 1704, 1247, 500, 1088, 381, 3408, 1672, 47, 1620, 2096, 1, 588, 364]"
39,"[2772, 2599, 2959, 2716, 2580, 3578, 3175, 3160, 2723, 3623, 3753, 24, 2692, 2395]"
40,"[912, 3196, 1294, 1208, 1272, 1242, 2202, 2944, 2662, 897, 976, 3406, 3628, 356]"
41,"[0, 0, 0, 0, 0, 0, 531, 2067, 1721, 2628, 260, 1210, 1196, 1688]"
42,"[593, 2858, 919, 3421, 1265, 1079, 3868, 1257, 2915, 1663, 3526, 1968, 2423, 1297]"
43,"[356, 2371, 1307, 1197, 830, 2706, 2707, 2997, 3298, 2369, 2599, 2605, 2581, 2394]"
44,"[3612, 969, 1073, 733, 2406, 2167, 2006, 2, 316, 2135, 552, 741, 2011, 3928]"
45,"[3451, 2779, 3099, 3466, 3507, 3608, 2245, 2407, 3852, 2671, 52, 1580, 3516, 2496]"
46,"[1984, 1986, 891, 2107, 1974, 1975, 1976, 1977, 1978, 1979, 1980, 1981, 1407, 1717]"
47,"[0, 0, 0, 1193, 902, 527, 318, 858, 36, 1221, 1208, 2804, 1956, 1247]"
48,"[1036, 2947, 1242, 2993, 1101, 2115, 1479, 3404, 903, 913, 924, 1219, 608, 3363]"
49,"[474, 2278, 89, 288, 1101, 198, 380, 1676, 2641, 494, 1554, 1252, 3741, 1952]"
50,"[0, 0, 0, 0, 0, 0, 0, 2338, 902, 524, 2858, 2160, 3863, 3565]"
51,"[3556, 3785, 3793, 3618, 3553, 3409, 3484, 318, 3897, 1, 1265, 588, 3114, 3255]"
52,"[733, 780, 1608, 3107, 3274, 165, 1876, 1676, 1379, 517, 70, 1552, 886, 3020]"
53,"[259, 1290, 35, 1620, 81, 1888, 282, 697, 1918, 148, 268, 1836, 3045, 893]"
54,"[3504, 2300, 2788, 1304, 1278, 1235, 1394, 3363, 3685, 2150, 909, 235, 3671, 3037]"
55,"[0, 0, 3250, 593, 912, 3672, 2687, 678, 318, 527, 3114, 1704, 110, 2762]"
56,"[2355, 2359, 2427, 110, 2890, 2028, 1408, 151, 3948, 34, 39, 3114, 1923, 588]"
57,"[1249, 3578, 551, 3793, 3556, 661, 3794, 522, 2033, 3786, 1198, 3694, 1228, 1196]"
58,"[2454, 2528, 2640, 2011, 671, 3070, 2657, 2311, 2054, 674, 2364, 316, 780, 2613]"
59,"[509, 1066, 58, 2919, 959, 1304, 3359, 1234, 1283, 1226, 515, 608, 1935, 2028]"
60,"[2094, 60, 2617, 1894, 1, 2396, 2390, 1500, 2355, 356, 3176, 3386, 1422, 1459]"
61,"[0, 0, 0, 0, 0, 0, 0, 0, 0, 0, 0, 1721, 3578, 3753]"
62,"[1945, 1104, 904, 916, 899, 1944, 1283, 910, 2186, 2664, 3871, 969, 1946, 1203]"
63,"[2395, 2396, 2762, 3176, 2700, 2070, 3114, 2987, 2427, 2596, 1682, 70, 6, 1950]"
64,"[2028, 2913, 3793, 1416, 2700, 2762, 1291, 2115, 316, 1215, 2723, 110, 3578, 2710]"
65,"[2470, 2133, 2421, 2950, 2471, 1797, 3552, 1250, 1090, 1294, 3448, 1298, 3066, 2815]"
66,"[0, 0, 0, 0, 2028, 356, 344, 2858, 3578, 2791, 480, 524, 3753, 1196]"
67,"[954, 36, 1939, 1955, 3152, 3334, 3167, 1185, 150, 3685, 2067, 3471, 3424, 1954]"
68,"[2396, 1639, 1912, 3507, 2690, 562, 1307, 1080, 1243, 1073, 2064, 2324, 223, 2355]"
69,"[1466, 538, 1747, 2439, 26, 1784, 14, 1653, 1682, 1721, 161, 1357, 1810, 3148]"
70,"[3751, 2336, 2959, 3175, 2716, 3578, 3174, 2394, 1513, 2395, 43, 3081, 2396, 2700]"
71,"[0, 1432, 2640, 1198, 1250, 2791, 2948, 3785, 480, 3510, 648, 3717, 2683, 3285]"
72,"[2396, 356, 2324, 3255, 2997, 1188, 587, 3108, 11, 597, 3247, 500, 82, 593]"
73,"[785, 1028, 2657, 1371, 1374, 2001, 2105, 1205, 2370, 3444, 3868, 2081, 3552, 1297]"
74,"[3507, 3451, 1963, 296, 608, 800, 1041, 2357, 36, 3408, 3753, 1589, 1732, 164]"
75,"[780, 480, 2012, 788, 1831, 1544, 745, 2394, 1148, 1460, 2036, 2152, 216, 2555]"
76,"[778, 2501, 1584, 497, 1393, 3105, 3148, 474, 3793, 3578, 3300, 3452, 3717, 3827]"
77,"[0, 0, 0, 0, 0, 0, 0, 0, 2858, 2683, 2997, 3751, 2759, 2599]"
78,"[298, 1243, 1414, 3175, 2384, 2499, 1794, 1042, 52, 471, 1171, 2155, 2302, 1517]"
79,"[0, 0, 0, 0, 3341, 40, 3793, 3159, 3624, 1997, 3510, 3409, 800, 1617]"
80,"[3147, 3418, 356, 3148, 2687, 2006, 3809, 231, 364, 1265, 2427, 597, 1356, 1408]"
81,"[1198, 908, 968, 1084, 973, 2028, 913, 3468, 1214, 3836, 1284, 1299, 3334, 3543]"
82,"[1343, 1610, 587, 733, 2278, 2353, 3256, 349, 1407, 832, 3044, 230, 1370, 1722]"
83,"[2174, 247, 3479, 260, 2797, 2872, 1073, 2968, 1097, 2138, 2140, 2161, 2193, 2005]"
84,"[1215, 1799, 3578, 110, 260, 2028, 1197, 2571, 1200, 1214, 1240, 1291, 457, 1210]"
85,"[0, 0, 0, 0, 0, 3324, 3408, 3409, 3755, 3298, 3617, 3914, 3510, 2858]"
86,"[2184, 1344, 2485, 1721, 2762, 3489, 364, 1907, 2701, 1582, 1760, 2396, 2454, 260]"
87,"[1240, 2194, 589, 1387, 110, 3578, 457, 1291, 145, 2947, 1954, 733, 3178, 3555]"
88,"[1203, 2028, 924, 1228, 1198, 3068, 1957, 1962, 1307, 1259, 1293, 1674, 1956, 1300]"
89,"[0, 0, 0, 0, 0, 0, 0, 3173, 2028, 1193, 920, 1961, 2431, 2947]"
90,"[370, 257, 19, 2791, 2792, 63, 1136, 1080, 3624, 2273, 1284, 913, 903, 3896]"
91,"[3671, 1294, 921, 3543, 2863, 1500, 3104, 21, 1060, 1307, 3060, 2599, 2791, 497]"
92,"[546, 3526, 3397, 2918, 2134, 2413, 2072, 2717, 3438, 3466, 2015, 1291, 592, 3107]"
93,"[2193, 2167, 3704, 2990, 368, 648, 2273, 2826, 2763, 2476, 1587, 1377, 2376, 2699]"
94,"[0, 0, 0, 0, 0, 0, 908, 1961, 551, 2288, 2377, 2455, 2716, 3576]"
95,"[1485, 3175, 2718, 608, 2268, 1466, 47, 3266, 2002, 318, 593, 1280, 527, 36]"
96,"[1036, 2762, 2396, 2501, 150, 1277, 356, 1610, 1358, 3100, 161, 474, 589, 3147]"
97,"[2664, 1104, 3736, 1250, 916, 969, 899, 3196, 2565, 1944, 1945, 3871, 3035, 2186]"
98,"[0, 0, 0, 0, 0, 0, 0, 0, 2028, 920, 1250, 3507, 3578, 2791]"
99,"[1262, 1213, 1259, 1639, 919, 457, 3363, 364, 3421, 1393, 2352, 2018, 1529, 2797]"
100,"[260, 1198, 1210, 800, 1196, 858, 2028, 1291, 969, 1197, 21, 1954, 2406, 329]"
101,"[420, 145, 2763, 466, 849, 3208, 2524, 2826, 1385, 3268, 546, 376, 292, 2616]"
102,"[3435, 2935, 906, 913, 928, 2398, 930, 943, 1269, 2206, 1251, 1193, 3713, 922]"
103,"[95, 3697, 1917, 1918, 434, 208, 1037, 2002, 2881, 836, 2549, 1833, 1591, 393]"
104,"[3763, 2023, 2706, 2826, 2683, 2355, 2770, 3016, 2722, 1911, 3175, 2861, 2959, 3053]"
105,"[2288, 1127, 457, 2949, 3104, 3029, 1374, 2600, 3418, 3384, 2951, 555, 3256, 3527]"
106,"[945, 969, 1094, 497, 1674, 2020, 1307, 2080, 838, 3044, 911, 933, 2100, 2081]"
107,"[1272, 2917, 1231, 2819, 2186, 929, 2664, 1942, 3198, 1029, 1084, 1226, 933, 3365]"
108,"[0, 0, 0, 2006, 593, 2700, 3521, 1249, 2858, 1250, 2791, 1171, 3578, 2948]"
109,"[3361, 2136, 1073, 480, 2470, 2115, 2054, 1359, 780, 1097, 1920, 1269, 903, 924]"
110,"[2542, 293, 47, 2580, 2952, 2268, 2280, 1729, 592, 1732, 2231, 367, 1620, 3301]"
111,"[21, 1672, 1923, 11, 3108, 2359, 222, 1883, 357, 1845, 2671, 1517, 3252, 1542]"
112,"[364, 2899, 1248, 1252, 1260, 2066, 1284, 922, 2186, 3435, 2203, 1617, 942, 1069]"
113,"[1527, 1653, 32, 780, 1573, 2699, 316, 2094, 1037, 1831, 185, 2672, 3354, 3536]"
114,"[1014, 2116, 2, 2090, 1009, 1030, 1018, 1848, 455, 260, 2664, 3471, 594, 1288]"
115,"[2028, 1407, 3101, 3793, 3300, 3745, 3948, 3578, 2858, 2791, 3159, 3751, 3481, 480]"
116,"[2021, 2105, 788, 3793, 3556, 1997, 3617, 3744, 1090, 1258, 1274, 924, 1222, 1036]"
117,"[2531, 2901, 3032, 2365, 2530, 3926, 2615, 1762, 2665, 919, 1220, 2135, 914, 551]"
118,"[1257, 2000, 3072, 1580, 357, 1663, 1226, 1304, 1294, 892, 3035, 3552, 39, 1517]"
119,"[1028, 1032, 34, 2876, 2096, 2097, 837, 2059, 1022, 588, 595, 1907, 586, 2085]"
120,"[527, 1213, 1276, 3783, 50, 1221, 296, 1234, 3104, 2542, 2804, 1198, 318, 1136]"
121,"[3699, 1356, 2346, 2365, 1584, 2901, 610, 1375, 3704, 3033, 1676, 2105, 3934, 674]"
122,"[2529, 457, 1200, 1291, 1954, 2692, 1210, 1220, 592, 733, 3178, 1722, 3527, 2763]"
123,"[1012, 2871, 1287, 1333, 1955, 3296, 906, 3386, 948, 599, 2144, 1641, 1672, 1693]"
124,"[902, 1343, 3101, 2302, 3107, 1650, 527, 1358, 3418, 3078, 1693, 678, 531, 2912]"
125,"[2916, 3654, 2947, 3836, 3527, 1127, 2872, 1408, 3104, 1374, 3256, 2944, 1954, 2000]"
126,"[2947, 390, 589, 1220, 1416, 2369, 1230, 1415, 2291, 3668, 1188, 2020, 930, 2248]"
127,"[858, 1221, 1198, 1287, 1387, 1954, 1304, 2692, 1197, 1291, 2529, 1953, 3418, 474]"
128,"[0, 0, 2253, 3073, 852, 3132, 2533, 1210, 1250, 2948, 1249, 1282, 2160, 2858]"
129,"[1647, 2561, 1252, 541, 1267, 3683, 260, 2871, 1259, 590, 1275, 1261, 1615, 2470]"
130,"[2353, 3639, 1722, 2490, 198, 353, 2989, 3444, 3633, 368, 2985, 2991, 2393, 3197]"
131,"[778, 1339, 1366, 17, 159, 509, 3416, 1748, 912, 1203, 3267, 175, 117, 1248]"
132,"[2502, 3424, 69, 2423, 2706, 2406, 2371, 104, 367, 3052, 1580, 1858, 2883, 585]"
133,"[1959, 2906, 3176, 2841, 2763, 597, 3824, 3261, 350, 1408, 1619, 1727, 1614, 1670]"
134,"[457, 474, 2058, 2879, 1608, 2334, 2353, 2273, 112, 1586, 1858, 1429, 1711, 3897]"
135,"[3160, 3174, 2709, 2723, 2502, 2394, 2598, 2686, 2692, 2395, 2396, 2762, 3176, 2700]"
136,"[1449, 2791, 1259, 3794, 1078, 1285, 471, 3538, 562, 1517, 2109, 3398, 2463, 3087]"
137,"[597, 249, 587, 252, 236, 3, 736, 1527, 1573, 2393, 780, 1876, 50, 1343]"
138,"[3265, 3364, 1912, 2692, 1089, 1234, 2194, 3783, 1396, 3328, 293, 2000, 1227, 2159]"
139,"[1258, 1387, 1333, 3499, 1994, 1997, 1347, 2097, 1345, 1339, 2710, 364, 2090, 1294]"
140,"[3751, 3793, 3536, 3095, 2937, 1212, 1284, 913, 930, 918, 2612, 906, 946, 3535]"
141,"[0, 0, 0, 0, 0, 1721, 1250, 266, 3578, 2791, 480, 490, 913, 942]"
142,"[3578, 296, 50, 318, 1089, 2997, 529, 2321, 2890, 223, 1, 595, 364, 260]"
143,"[1722, 10, 349, 2427, 3256, 380, 648, 1265, 1393, 1680, 249, 3114, 2324, 1784]"
144,"[0, 0, 0, 1961, 1797, 527, 2433, 2605, 3408, 3578, 3753, 2686, 3185, 2763]"
145,"[0, 0, 0, 0, 0, 2858, 2707, 2997, 2908, 2541, 223, 2599, 2959, 2333]"
146,"[50, 778, 2393, 3418, 3552, 2947, 10, 2920, 293, 1357, 950, 3853, 978, 1256]"
147,"[1393, 2797, 2005, 2054, 2, 3763, 1396, 1645, 1805, 1799, 2764, 1059, 440, 11]"
148,"[2805, 370, 798, 2335, 577, 673, 239, 1588, 2953, 455, 1474, 2152, 1731, 2828]"
149,"[3275, 3744, 3625, 3189, 3567, 1942, 3396, 3398, 647, 1734, 1344, 1321, 1955, 3077]"
150,"[1208, 3135, 1954, 1955, 3733, 3152, 1350, 2303, 3751, 1594, 265, 1252, 2932, 3826]"
151,"[2009, 2528, 674, 1297, 2872, 2161, 2193, 858, 1225, 1104, 1300, 1233, 1251, 3089]"
152,"[839, 10, 1753, 1968, 3114, 3255, 2804, 180, 2716, 2396, 1884, 1136, 1, 223]"
153,"[0, 325, 3253, 2858, 2572, 3484, 2706, 3617, 608, 3908, 3450, 3, 2959, 2694]"
154,"[0, 0, 0, 0, 0, 1912, 2826, 2858, 2997, 3203, 1093, 2336, 2599, 2959]"
155,"[2424, 587, 236, 586, 3500, 2252, 3470, 593, 3415, 1221, 2028, 2728, 1227, 1208]"
156,"[1892, 1092, 1422, 2749, 2875, 912, 916, 928, 899, 920, 265, 17, 1247, 2067]"
157,"[527, 1204, 1208, 1263, 1299, 3062, 3811, 1217, 3654, 2944, 1222, 1090, 1408, 3519]"
158,"[0, 0, 0, 912, 943, 376, 3713, 3435, 239, 1284, 73, 2019, 2973, 1262]"
159,"[2706, 2572, 2718, 2599, 2688, 2396, 2485, 2724, 2763, 2987, 3751, 3615, 2881, 3408]"
160,"[0, 0, 0, 0, 0, 0, 0, 0, 0, 0, 0, 260, 1396, 1282]"
161,"[3386, 848, 2401, 1729, 538, 6, 3507, 1271, 3471, 1094, 230, 1955, 2797, 3071]"
162,"[3301, 19, 344, 3624, 648, 3755, 3536, 3916, 3452, 3744, 3821, 1, 1500, 104]"
163,"[2617, 288, 3020, 1378, 70, 39, 1183, 1777, 539, 1721, 2496, 1407, 2710, 253]"
164,"[1283, 356, 3196, 1937, 2996, 3148, 943, 2067, 2100, 1250, 2947, 3330, 2206, 899]"
165,"[2789, 3032, 2346, 3366, 2183, 2700, 3061, 2863, 2946, 3922, 2035, 3921, 3924, 3624]"
166,"[2014, 2794, 88, 2018, 2139, 1032, 2846, 1021, 1367, 3399, 609, 3673, 2137, 8]"
167,"[0, 0, 1693, 3481, 3916, 3554, 3578, 3298, 3755, 3861, 3515, 3534, 3949, 3285]"
168,"[0, 0, 1371, 1097, 1221, 1840, 608, 2599, 2395, 260, 1196, 1394, 3591, 2716]"
169,"[1876, 2613, 3697, 5, 1729, 3948, 3617, 3825, 3916, 2335, 3254, 1073, 2087, 1275]"
170,"[3736, 923, 3469, 593, 2324, 527, 1237, 1178, 912, 3468, 1225, 1283, 1748, 908]"
171,"[0, 1834, 3448, 1230, 527, 858, 1073, 2966, 3578, 2791, 246, 1649, 162, 2677]"
172,"[0, 0, 0, 0, 0, 0, 0, 0, 3254, 3035, 2064, 162, 1179, 2203]"
173,"[515, 3508, 3359, 1265, 1250, 668, 3035, 3038, 3475, 971, 1946, 1103, 669, 970]"
174,"[3178, 3256, 1690, 2115, 1370, 1676, 2662, 353, 1101, 494, 3527, 3635, 3740, 3639]"
175,"[2761, 2333, 2137, 17, 25, 509, 1343, 555, 1921, 194, 3147, 2739, 3706, 1268]"
176,"[3591, 2081, 3087, 2795, 2003, 2011, 3033, 2416, 2372, 2470, 2794, 2369, 2405, 2717]"
177,"[1921, 1077, 480, 2677, 1197, 1204, 2987, 1198, 1291, 3168, 590, 3036, 2628, 904]"
178,"[2083, 48, 3675, 783, 1688, 1083, 3467, 1201, 2951, 1304, 3873, 1276, 3028, 909]"
179,"[2248, 3098, 1957, 1222, 1242, 1090, 3360, 2194, 3169, 1302, 3526, 1246, 2474, 3591]"
180,"[2076, 1361, 2997, 608, 2858, 1617, 34, 296, 593, 1358, 1041, 1094, 3897, 3916]"
181,"[1294, 1208, 1136, 1080, 1234, 3363, 3421, 2109, 3040, 1258, 593, 318, 589, 678]"
182,"[356, 39, 1500, 2700, 1265, 104, 1580, 2706, 2502, 3809, 3450, 2302, 1379, 296]"
183,"[2248, 3359, 1964, 50, 3361, 2757, 3724, 647, 3101, 2463, 1395, 3527, 2105, 2130]"
184,"[2018, 2140, 2078, 2355, 364, 594, 551, 2081, 2096, 1848, 2687, 1022, 1028, 1032]"
185,"[2006, 480, 1356, 1370, 1610, 1580, 2916, 780, 329, 2393, 303, 1801, 2617, 165]"
186,"[3113, 2336, 2599, 2428, 2716, 2580, 2688, 2995, 2606, 785, 2805, 2581, 2490, 24]"
187,"[35, 62, 480, 2108, 3263, 231, 14, 271, 2236, 3247, 2671, 2025, 663, 766]"
188,"[3682, 3712, 3578, 3452, 2826, 3516, 2976, 3203, 2599, 2959, 913, 3053, 3219, 2560]"
189,"[1097, 318, 1717, 170, 3916, 2762, 2858, 2329, 1378, 1379, 2706, 2572, 353, 175]"
190,"[1641, 2734, 474, 2706, 2000, 1968, 3101, 1298, 421, 1124, 594, 2096, 1029, 1732]"
191,"[0, 0, 0, 0, 0, 0, 260, 409, 19, 344, 1608, 2329, 2858, 1693]"
192,"[1186, 3457, 1185, 2918, 1222, 555, 593, 2762, 1032, 1307, 858, 2321, 3174, 1394]"
193,"[1233, 3153, 457, 3267, 3703, 377, 1204, 1073, 2968, 2871, 952, 1127, 1031, 3396]"
194,"[344, 3450, 440, 588, 2496, 2599, 216, 1042, 1513, 2321, 248, 587, 1753, 1367]"
195,"[910, 3095, 3088, 3090, 1953, 3062, 3504, 942, 2488, 1884, 950, 1090, 3658, 1949]"
196,"[3897, 3911, 296, 2858, 608, 1213, 3515, 3481, 3751, 908, 50, 1267, 1089, 903]"
197,"[0, 0, 0, 0, 0, 2272, 1197, 318, 593, 2324, 1222, 1060, 1259, 3160]"
198,"[750, 185, 1373, 1375, 1376, 1272, 2890, 1090, 383, 2478, 1653, 1203, 3147, 3717]"
199,"[434, 95, 1866, 1438, 3841, 71, 3534, 1203, 11, 2858, 1196, 849, 1457, 1744]"
200,"[0, 0, 0, 0, 0, 0, 0, 940, 2572, 170, 1441, 1059, 1127, 3051]"
201,"[377, 539, 2629, 1810, 1845, 265, 2858, 1641, 3534, 3147, 3948, 3566, 3317, 3512]"
202,"[1091, 586, 1405, 2249, 2694, 186, 2683, 289, 3033, 719, 2378, 3752, 3034, 3213]"
203,"[2959, 3250, 1213, 32, 16, 2268, 2443, 3178, 805, 1061, 222, 261, 1680, 3107]"
204,"[1220, 1292, 3508, 3100, 1101, 3552, 3763, 1957, 1136, 1304, 1299, 3360, 1955, 1231]"
205,"[1129, 2970, 1275, 1127, 1261, 1216, 3508, 3327, 2019, 858, 296, 1237, 3435, 3730]"
206,"[0, 0, 0, 0, 0, 0, 252, 1339, 3793, 1544, 3300, 1129, 480, 1196]"
207,"[0, 0, 0, 0, 0, 1210, 1196, 996, 1721, 3538, 2858, 3793, 3481, 3751]"
208,"[356, 3471, 1206, 1199, 2985, 1358, 47, 373, 1227, 3728, 628, 3505, 1250, 1090]"
209,"[0, 0, 0, 0, 0, 0, 0, 0, 0, 0, 0, 1270, 2671, 356]"
210,"[1792, 2826, 2881, 3113, 3257, 3274, 170, 1100, 153, 423, 558, 1431, 694, 1379]"
211,"[3627, 3578, 3510, 2948, 480, 3555, 3753, 3513, 490, 2160, 1129, 3917, 3484, 1286]"
212,"[2352, 3448, 1079, 2174, 2797, 3451, 587, 2245, 125, 344, 1485, 231, 500, 367]"
213,"[0, 920, 1608, 1210, 110, 260, 2355, 588, 1, 3114, 1042, 11, 2321, 852]"
214,"[2999, 1732, 1580, 1566, 543, 2539, 2718, 380, 2390, 368, 1701, 2195, 1057, 3046]"
215,"[3551, 480, 1097, 1617, 1676, 2916, 1584, 1876, 2094, 1372, 24, 2628, 316, 3755]"
216,"[2764, 2212, 1275, 3298, 1797, 1554, 3418, 3203, 2739, 3167, 154, 2077, 1124, 2433]"
217,"[0, 0, 0, 0, 0, 0, 0, 0, 0, 1197, 356, 2918, 1101, 50]"
218,"[3175, 233, 2333, 913, 2761, 2622, 2723, 2734, 3219, 2490, 3606, 1513, 2396, 2763]"
219,"[0, 0, 0, 0, 0, 0, 2028, 2795, 2858, 2657, 3408, 3863, 3911, 2683]"
220,"[2076, 2467, 2064, 2917, 1079, 800, 1617, 2686, 1484, 3176, 1589, 2583, 648, 1732]"
221,"[0, 0, 0, 0, 0, 0, 0, 0, 1270, 3897, 1617, 3386, 451, 3176]"
222,"[2628, 3438, 317, 2021, 653, 788, 1259, 1197, 592, 1291, 3512, 3452, 1250, 3578]"
223,"[832, 1693, 24, 2676, 3257, 3138, 2804, 1961, 1097, 1246, 2872, 2114, 2420, 3478]"
224,"[1584, 1210, 1396, 1356, 904, 527, 2692, 2762, 2396, 529, 1678, 3079, 1148, 910]"
225,"[1392, 3246, 3260, 32, 1, 342, 1050, 523, 364, 1610, 300, 483, 2442, 222]"
226,"[0, 0, 0, 0, 0, 0, 0, 0, 0, 3072, 3361, 1968, 1079, 1036]"
227,"[0, 0, 0, 0, 0, 0, 0, 356, 1193, 2707, 2997, 1093, 2712, 2959]"
228,"[551, 3481, 3917, 3578, 480, 3555, 3753, 1544, 3300, 3513, 3916, 2710, 3793, 3717]"
229,"[86, 2771, 724, 2688, 2154, 2676, 1441, 1196, 260, 1210, 161, 3050, 62, 1282]"
230,"[3503, 3519, 1078, 2013, 1380, 1371, 1214, 3735, 1136, 2871, 2109, 2528, 3328, 3783]"
231,"[3361, 2000, 1036, 1307, 2144, 1286, 2248, 1674, 1220, 1246, 2194, 2110, 2797, 3397]"
232,"[2700, 1517, 2282, 101, 1966, 1449, 3108, 663, 342, 2355, 1784, 441, 1580, 471]"
233,"[918, 1947, 1032, 1035, 588, 2081, 3061, 364, 107, 1951, 3675, 3105, 318, 2028]"
234,"[1291, 1242, 318, 527, 2022, 1678, 1213, 1090, 508, 2971, 1619, 2497, 3053, 2020]"
235,"[2336, 300, 1094, 562, 3000, 2349, 1633, 2700, 2716, 1120, 475, 1948, 1354, 1365]"
236,"[3114, 2396, 1259, 1200, 1304, 1, 1961, 1036, 2324, 1307, 1196, 1197, 2571, 260]"
237,"[3809, 2724, 339, 5, 236, 1584, 3252, 1466, 1961, 1246, 2150, 1777, 1387, 3147]"
238,"[3108, 3037, 1682, 2852, 1747, 508, 3135, 3071, 85, 2310, 3386, 2025, 1693, 3178]"
239,"[3481, 1263, 1196, 1299, 1090, 1960, 1242, 2427, 2890, 110, 3911, 72, 745, 2435]"
240,"[1084, 112, 1396, 3763, 1196, 110, 1291, 1610, 1429, 2353, 2406, 1250, 1262, 1272]"
241,"[2288, 1748, 3702, 3576, 3699, 1376, 2287, 3175, 1127, 3265, 3267, 1912, 2028, 1233]"
242,"[1193, 3071, 272, 2195, 440, 2313, 1693, 2018, 3755, 1304, 3624, 2788, 1293, 2670]"
243,"[0, 1197, 1079, 920, 1125, 1234, 2858, 1, 1641, 1136, 2289, 2542, 933, 1172]"
244,"[2791, 2948, 3623, 1197, 2716, 1172, 1307, 2915, 3072, 2352, 2797, 2100, 3039, 858]"
245,"[1204, 1073, 2021, 1219, 1340, 2648, 2654, 1321, 2633, 1347, 1266, 1283, 3508, 3365]"
246,"[0, 595, 3450, 2028, 2918, 3363, 1270, 2354, 3114, 467, 1259, 2716, 3466, 2355]"
247,"[0, 1263, 475, 2908, 3420, 1207, 3251, 318, 527, 2501, 3105, 3386, 3006, 296]"
248,"[1994, 110, 260, 1198, 1036, 457, 1210, 480, 1242, 2571, 2000, 1222, 1240, 1275]"
249,"[3255, 3256, 3633, 2245, 1573, 349, 1777, 377, 1060, 3421, 2797, 1073, 2706, 2683]"
250,"[0, 0, 0, 0, 0, 0, 0, 0, 1214, 356, 2948, 1249, 2791, 3510]"
251,"[1580, 2046, 1266, 590, 266, 383, 553, 110, 457, 2028, 1233, 1610, 3418, 3256]"
252,"[112, 2600, 163, 368, 1391, 288, 1676, 1690, 380, 292, 3697, 1320, 464, 95]"
253,"[1545, 3083, 1041, 1354, 307, 1233, 800, 162, 2501, 1912, 34, 2966, 2396, 994]"
254,"[0, 0, 0, 0, 1270, 2402, 2399, 1221, 1387, 2288, 1997, 1219, 2366, 2716]"
255,"[1270, 924, 1200, 541, 1374, 1210, 1584, 3703, 1127, 2011, 3702, 480, 3863, 2699]"
256,"[1954, 2000, 3178, 3763, 2991, 2985, 2406, 3107, 1101, 42, 748, 2347, 2476, 376]"
257,"[280, 1092, 3499, 590, 3176, 1408, 110, 527, 2028, 151, 266, 1586, 2858, 2396]"
258,"[593, 866, 457, 930, 3147, 1240, 3256, 1674, 3505, 454, 1198, 1287, 260, 1291]"
259,"[1997, 1883, 3408, 2571, 1784, 1200, 2858, 3746, 2020, 3543, 2973, 2268, 3686, 1446]"
260,"[1552, 1597, 1792, 1876, 1049, 1429, 2826, 2699, 2273, 1917, 2735, 2002, 3444, 15]"
261,"[3438, 3412, 1416, 248, 2616, 165, 3869, 1689, 1916, 1627, 329, 2792, 18, 2328]"
262,"[1373, 610, 1676, 3033, 2054, 172, 2174, 2193, 3479, 1073, 1654, 1967, 2100, 2628]"
263,"[348, 2108, 1270, 1500, 1883, 497, 551, 260, 589, 1240, 2571, 1097, 1210, 1215]"
264,"[1396, 1101, 1292, 3510, 3505, 2140, 3105, 592, 1968, 3552, 3044, 2118, 3243, 2716]"
265,"[527, 608, 1196, 1193, 1704, 3359, 1208, 593, 3363, 969, 265, 1244, 1247, 915]"
266,"[927, 969, 2396, 608, 965, 2858, 2791, 1262, 1957, 1097, 1963, 1231, 595, 1947]"
267,"[832, 1848, 539, 60, 1597, 454, 1177, 10, 3916, 1250, 2858, 2791, 3730, 3555]"
268,"[2987, 2100, 2245, 2797, 1290, 1101, 2115, 3591, 2005, 2081, 1088, 3478, 2420, 2011]"
269,"[0, 1617, 2971, 2795, 3145, 3176, 3618, 3129, 492, 2616, 3948, 3481, 2692, 2908]"
270,"[1254, 1262, 1197, 919, 941, 1931, 1204, 3104, 969, 1085, 1259, 2871, 1291, 3461]"
271,"[3052, 3702, 3703, 180, 1779, 1747, 1639, 3481, 2959, 2692, 2294, 1023, 1024, 2116]"
272,"[3766, 1960, 1408, 110, 151, 527, 2890, 2028, 780, 1586, 1193, 1387, 111, 1206]"
273,"[153, 3257, 196, 2478, 3440, 126, 3439, 50, 1396, 2268, 3896, 3178, 110, 3578]"
274,"[3556, 21, 592, 1252, 1284, 942, 3334, 541, 1617, 1748, 1201, 2947, 2948, 1304]"
275,"[2987, 2000, 1210, 2918, 1994, 1968, 1079, 2144, 3101, 2245, 1374, 2407, 592, 3501]"
276,"[0, 0, 0, 0, 0, 0, 1234, 1350, 1221, 1090, 1249, 951, 2858, 2791]"
277,"[0, 0, 0, 0, 1197, 2762, 1961, 1704, 1210, 593, 1265, 356, 293, 2396]"
278,"[3572, 3696, 2121, 2995, 2327, 2456, 3351, 2719, 2992, 1388, 3840, 2462, 2655, 1862]"
279,"[0, 0, 0, 0, 0, 3261, 1210, 1272, 1294, 1208, 3836, 3339, 1196, 1222]"
280,"[1234, 1294, 2321, 1256, 921, 3671, 2300, 3462, 3873, 235, 3685, 1077, 1269, 3341]"
281,"[265, 1449, 3250, 3253, 2700, 1610, 1729, 1407, 2916, 85, 994, 3903, 3910, 3911]"
282,"[0, 0, 0, 0, 0, 2858, 1721, 349, 593, 1219, 1036, 2762, 47, 1610]"
283,"[3513, 2720, 356, 2985, 527, 2054, 724, 165, 2724, 260, 27, 110, 44, 720]"
284,"[2115, 3555, 2000, 3740, 2406, 2826, 1049, 3763, 2001, 1025, 2700, 3897, 1080, 921]"
285,"[1617, 3706, 3204, 3551, 2871, 427, 903, 904, 50, 3948, 1278, 3147, 1639, 3421]"
286,"[904, 3386, 908, 593, 608, 457, 628, 3421, 39, 1393, 1639, 356, 497, 3552]"
287,"[3100, 110, 232, 58, 529, 2501, 1673, 1059, 2890, 1179, 2268, 307, 1183, 281]"
288,"[3527, 2001, 1275, 1610, 1376, 1580, 1101, 480, 1429, 1573, 1918, 349, 377, 380]"
289,"[1387, 3726, 3384, 1304, 1198, 1201, 2947, 3104, 3702, 1240, 1222, 1610, 377, 474]"
290,"[0, 0, 0, 0, 0, 0, 0, 593, 1097, 2133, 1721, 318, 527, 50]"
291,"[1096, 515, 3271, 590, 62, 1228, 3451, 1296, 1954, 1186, 3363, 261, 1955, 2866]"
292,"[3555, 3422, 307, 3067, 3198, 1196, 858, 1617, 589, 2571, 1921, 32, 2916, 1653]"
293,"[3677, 356, 615, 3746, 3948, 483, 307, 306, 308, 908, 1247, 1254, 913, 1244]"
294,"[246, 1446, 235, 2997, 562, 1914, 34, 2324, 2359, 3174, 3809, 1747, 224, 203]"
295,"[3307, 318, 527, 1207, 908, 2804, 3897, 3949, 3948, 903, 50, 593, 111, 1219]"
296,"[2519, 2634, 2781, 2160, 3932, 1278, 1214, 1219, 2366, 1333, 1407, 2288, 2617, 1345]"
297,"[2949, 110, 112, 2993, 2997, 1449, 1265, 1500, 1641, 2395, 232, 1002, 1883, 1914]"
298,"[1136, 1350, 2321, 3793, 3538, 3481, 3751, 3624, 648, 1282, 2858, 2966, 1249, 551]"
299,"[3911, 1358, 2728, 1207, 1172, 1387, 928, 3469, 296, 1204, 1136, 1247, 541, 1225]"
300,"[3256, 3267, 480, 733, 3107, 2628, 2023, 494, 1616, 10, 780, 1608, 1573, 2763]"
301,"[562, 838, 1476, 141, 3450, 440, 410, 585, 2539, 1777, 312, 435, 719, 3869]"
302,"[1200, 2140, 2529, 2011, 745, 2987, 3424, 1148, 2248, 1077, 3911, 2599, 1297, 1968]"
303,"[3446, 372, 122, 3948, 745, 3538, 1234, 1307, 2243, 39, 1968, 357, 1285, 1060]"
304,"[0, 0, 0, 0, 0, 0, 1617, 2648, 1223, 681, 2940, 1252, 913, 942]"
305,"[1332, 3837, 3839, 3838, 2995, 1288, 1282, 2565, 2096, 1028, 2863, 551, 595, 1947]"
306,"[3826, 2797, 336, 358, 3623, 3298, 3555, 3409, 3798, 3484, 3316, 3753, 1378, 1358]"
307,"[3872, 3196, 2890, 3359, 1, 1344, 1997, 1080, 1214, 3147, 1222, 1704, 1785, 1172]"
308,"[1396, 101, 3255, 587, 3129, 588, 2318, 104, 380, 2155, 1271, 3450, 2023, 3476]"
309,"[185, 3326, 1250, 593, 296, 2761, 2501, 1291, 1960, 110, 1287, 2700, 3366, 1393]"
310,"[1702, 1474, 1359, 1489, 2720, 1822, 3753, 1196, 1197, 260, 2692, 1961, 3536, 2978]"
311,"[0, 0, 0, 1721, 1210, 2762, 1968, 527, 1246, 1704, 3156, 1291, 2115, 480]"
312,"[50, 1244, 919, 1090, 1419, 296, 260, 1953, 2762, 3735, 3363, 2313, 222, 1228]"
313,"[940, 1210, 2219, 1268, 3186, 1961, 3101, 2732, 1248, 3793, 3481, 2858, 3786, 2791]"
314,"[916, 910, 926, 898, 953, 951, 2396, 1086, 3105, 3159, 2599, 1962, 1938, 1265]"
315,"[0, 0, 0, 0, 0, 480, 1196, 1193, 3753, 904, 924, 1269, 903, 950]"
316,"[1527, 2528, 1375, 3927, 2985, 1676, 1876, 2105, 3070, 2393, 2046, 3638, 1320, 2311]"
317,"[0, 0, 0, 0, 1193, 2000, 1196, 1225, 1097, 1957, 1962, 1961, 260, 1136]"
318,"[0, 0, 0, 0, 2077, 920, 1193, 3683, 2355, 3751, 3543, 2336, 2716, 2390]"
319,"[1103, 2866, 2439, 2739, 1302, 1012, 1082, 3011, 1964, 1234, 1387, 111, 1997, 3111]"
320,"[0, 0, 1296, 1196, 361, 2028, 1250, 2858, 1249, 3159, 2160, 3624, 3751, 3753]"
321,"[1748, 3300, 2699, 3697, 1590, 2672, 593, 2762, 50, 2542, 2353, 1732, 2841, 2763]"
322,"[2243, 25, 1721, 2396, 1674, 3871, 590, 3074, 266, 3494, 368, 1276, 1304, 2324]"
323,"[2882, 1513, 2670, 2692, 43, 3081, 3185, 3176, 2700, 2702, 2840, 2070, 2987, 912]"
324,"[1197, 3489, 919, 1028, 588, 2080, 364, 2078, 3549, 1035, 594, 1380, 1022, 2746]"
325,"[708, 1777, 339, 1457, 3247, 1569, 1513, 2002, 542, 2082, 830, 2447, 5, 516]"
326,"[1221, 3469, 2398, 1961, 3076, 1245, 1086, 1250, 2144, 1393, 952, 1580, 3198, 3061]"
327,"[2020, 3362, 337, 3241, 3539, 3188, 3822, 3911, 3185, 3578, 3554, 3598, 3855, 3749]"
328,"[0, 0, 0, 2028, 1907, 1198, 2959, 589, 110, 2571, 1233, 163, 1047, 1676]"
329,"[2791, 3067, 2000, 3685, 1297, 1663, 2150, 3039, 2406, 2926, 2109, 2747, 3740, 2003]"
330,"[3408, 3510, 3301, 3298, 3555, 3755, 3831, 3457, 3355, 3316, 3798, 3753, 3827, 3745]"
331,"[2915, 2918, 2791, 2769, 3952, 3318, 3751, 3911, 3566, 3298, 3747, 3827, 2624, 246]"
332,"[1542, 357, 356, 708, 597, 1569, 509, 3155, 3178, 3893, 3147, 1617, 2391, 3163]"
333,"[915, 2804, 497, 39, 1292, 2355, 3072, 52, 2791, 934, 2918, 3873, 1077, 2102]"
334,"[17, 2067, 914, 3685, 1183, 534, 2941, 3155, 1959, 356, 2424, 509, 105, 3528]"
335,"[3769, 1209, 318, 2804, 50, 3730, 1207, 1089, 1250, 2728, 1276, 1201, 1304, 1234]"
336,"[1375, 2640, 172, 1270, 2407, 1356, 1603, 1676, 2672, 2288, 2053, 2091, 2456, 3660]"
337,"[2273, 2278, 145, 288, 170, 493, 648, 292, 1754, 1586, 3355, 367, 1584, 1200]"
338,"[932, 915, 2176, 1387, 1291, 2278, 2344, 2403, 1587, 110, 1090, 50, 1965, 1907]"
339,"[3198, 3260, 2620, 3105, 2194, 3296, 2239, 1124, 1271, 1183, 3111, 509, 1082, 1279]"
340,"[940, 2018, 3418, 150, 1, 608, 2565, 2915, 1333, 1291, 943, 2916, 3552, 2571]"
341,"[0, 0, 0, 0, 0, 110, 949, 1584, 2640, 327, 2858, 1249, 2791, 3510]"
342,"[1500, 2706, 11, 69, 1060, 356, 588, 3809, 587, 3450, 104, 3471, 32, 1127]"
343,"[1101, 1353, 589, 2194, 2291, 2034, 2243, 1962, 923, 2340, 2918, 153, 2496, 3450]"
344,"[3406, 3372, 296, 260, 1374, 2706, 2858, 3203, 3175, 2716, 3578, 913, 968, 2013]"
345,"[2165, 124, 858, 3138, 1221, 111, 1213, 1228, 2908, 1247, 593, 3359, 2858, 1231]"
346,"[592, 161, 3386, 300, 2194, 3176, 3270, 1061, 1968, 1401, 1290, 538, 590, 1396]"
347,"[1242, 2762, 3471, 1950, 1089, 1961, 1150, 1300, 2070, 2329, 296, 1957, 36, 720]"
348,"[1233, 1250, 1256, 1263, 1944, 1090, 110, 1960, 2944, 969, 3654, 1094, 1408, 3062]"
349,"[2918, 3760, 1663, 1393, 923, 593, 1466, 1953, 1235, 1270, 3071, 1222, 111, 1266]"
350,"[357, 3255, 2321, 1923, 1784, 551, 590, 480, 3175, 2916, 1356, 380, 2006, 2094]"
351,"[1858, 349, 2115, 3635, 3639, 2991, 2989, 1608, 2353, 112, 1597, 3082, 1722, 1429]"
352,"[2126, 2335, 119, 1726, 1677, 1918, 81, 2356, 998, 2505, 193, 42, 1801, 3158]"
353,"[0, 0, 0, 1198, 861, 1221, 1193, 2570, 2333, 3844, 608, 3362, 296, 50]"
354,"[2881, 2959, 3175, 2716, 2688, 2882, 3160, 3354, 3623, 3219, 2502, 3753, 2598, 2013]"
355,"[3452, 1200, 2529, 3752, 2273, 1754, 1375, 1376, 858, 3897, 3911, 2291, 3269, 10]"
356,"[0, 2672, 480, 60, 2617, 3927, 3499, 253, 3016, 1771, 2122, 1690, 2121, 2516]"
357,"[2109, 1297, 253, 3398, 1921, 1222, 1199, 18, 481, 1748, 293, 1246, 1619, 47]"
358,"[594, 919, 2565, 3545, 2080, 914, 899, 1035, 534, 3188, 549, 1111, 3871, 1019]"
359,"[3702, 32, 3793, 2916, 3527, 1653, 2117, 1129, 2640, 3033, 1527, 2985, 2046, 2528]"
360,"[1375, 2099, 2899, 1371, 673, 2046, 2054, 1373, 455, 1957, 1225, 260, 527, 2398]"
361,"[0, 0, 0, 0, 1193, 2115, 3481, 2858, 2791, 3751, 1249, 2160, 3793, 661]"
362,"[1250, 2858, 3751, 2791, 2966, 648, 3952, 3911, 3624, 589, 2571, 2692, 457, 1233]"
363,"[3481, 2791, 551, 661, 1282, 2948, 480, 1171, 1466, 3753, 3150, 3755, 3409, 3510]"
364,"[0, 0, 0, 0, 0, 1719, 252, 1617, 1188, 3536, 2858, 2336, 2599, 43]"
365,"[603, 594, 22, 2506, 1721, 2396, 1393, 1569, 1680, 3259, 2125, 2424, 1597, 852]"
366,"[86, 2420, 3528, 1013, 858, 2951, 1287, 2947, 2993, 3633, 2991, 3384, 368, 3168]"
367,"[1188, 1230, 497, 3097, 3422, 2943, 2248, 509, 914, 265, 2067, 1674, 1265, 1542]"
368,"[1589, 1183, 2336, 3108, 3578, 1095, 3386, 175, 648, 2302, 62, 2321, 3100, 2278]"
369,"[1580, 2302, 2150, 2406, 1777, 231, 344, 3189, 2100, 2110, 2109, 2770, 500, 3450]"
370,"[2355, 223, 2599, 2959, 3175, 2716, 3578, 3160, 2723, 2490, 3512, 2395, 2396, 2762]"
371,"[357, 858, 1221, 750, 2599, 50, 318, 1249, 1275, 1197, 1639, 608, 1089, 1500]"
372,"[2548, 1258, 2716, 2003, 2717, 2513, 3300, 3354, 3826, 3827, 3273, 2053, 1831, 2722]"
373,"[0, 0, 0, 0, 0, 0, 0, 593, 1198, 260, 1210, 733, 2916, 1127]"
374,"[3104, 3168, 1127, 2406, 3479, 610, 1136, 2858, 919, 1207, 296, 593, 608, 1617]"
375,"[1635, 1885, 2959, 2329, 2908, 1704, 529, 1673, 778, 293, 1060, 3386, 1954, 3733]"
376,"[2987, 3798, 2701, 1230, 3814, 1963, 2973, 1077, 348, 261, 904, 2085, 1367, 3420]"
377,"[908, 608, 1358, 2762, 965, 3267, 1834, 319, 912, 527, 920, 1208, 1222, 1090]"
378,"[2324, 1537, 2858, 1148, 50, 1223, 1617, 593, 2355, 2762, 527, 2571, 1635, 2580]"
379,"[356, 902, 914, 11, 440, 539, 2671, 932, 2941, 3684, 3269, 357, 2081, 838]"
380,"[2891, 2109, 3039, 52, 2542, 2797, 1073, 104, 449, 2406, 2463, 380, 543, 587]"
381,"[1214, 589, 924, 2571, 32, 1200, 29, 3793, 2010, 1210, 1240, 1175, 1215, 1965]"
382,"[1290, 1088, 344, 2133, 2520, 2791, 1225, 2706, 1321, 116, 1784, 1517, 2683, 420]"
383,"[0, 0, 0, 0, 0, 0, 1193, 508, 807, 920, 237, 2858, 2707, 2997]"
384,"[0, 0, 0, 0, 0, 0, 0, 1197, 2947, 204, 260, 1207, 3037, 3074]"
385,"[3793, 73, 648, 2414, 1805, 517, 2019, 1196, 1218, 1197, 3265, 1270, 593, 1291]"
386,"[1278, 3396, 2716, 3671, 3210, 3424, 1259, 2918, 1257, 1966, 3868, 2542, 3363, 1297]"
387,"[357, 1408, 497, 2291, 3426, 597, 539, 468, 260, 367, 2797, 2100, 2968, 2]"
388,"[2352, 2312, 1036, 1961, 2915, 3039, 3526, 2797, 1302, 1240, 3505, 3448, 3684, 3101]"
389,"[1584, 553, 595, 647, 364, 1517, 1784, 440, 1401, 3253, 17, 349, 1049, 3300]"
390,"[2203, 922, 3637, 111, 1237, 1252, 593, 904, 1228, 923, 903, 3730, 1193, 1136]"
391,"[2670, 1944, 2202, 912, 946, 897, 1939, 3628, 3508, 2921, 3682, 2401, 1303, 2019]"
392,"[1148, 1079, 3421, 3039, 1265, 3608, 2736, 3108, 700, 2109, 216, 2372, 1193, 3098]"
393,"[1288, 2303, 3836, 1885, 106, 1263, 373, 1077, 2761, 2291, 3361, 3481, 2248, 1809]"
394,"[0, 0, 0, 0, 0, 0, 0, 0, 0, 344, 3300, 1036, 1240, 589]"
395,"[0, 0, 0, 0, 0, 0, 0, 1552, 2355, 527, 3753, 223, 231, 1923]"
396,"[1641, 2390, 3175, 2690, 1220, 440, 2065, 1580, 2883, 1732, 3129, 3255, 141, 2587]"
397,"[260, 589, 1036, 1214, 2028, 1240, 457, 1200, 2194, 2571, 1197, 969, 2858, 1238]"
398,"[1921, 50, 608, 1267, 593, 111, 1249, 457, 1089, 47, 373, 1748, 3551, 2391]"
399,"[2858, 2355, 223, 3751, 3175, 2716, 2392, 2761, 3623, 3219, 2490, 2574, 2394, 2013]"
400,"[1197, 1259, 1291, 2000, 1307, 3527, 1220, 2144, 2918, 1257, 593, 3114, 527, 1148]"
401,"[541, 1233, 110, 2355, 3552, 431, 1345, 16, 1639, 2804, 349, 1597, 647, 1589]"
402,"[2567, 2001, 1184, 2736, 1414, 2301, 1476, 2150, 3301, 2241, 144, 70, 2793, 1127]"
403,"[1012, 2890, 1027, 454, 1680, 3252, 1183, 848, 647, 22, 3147, 3408, 3148, 3513]"
404,"[2997, 3088, 3072, 2599, 648, 1233, 608, 1704, 34, 3260, 150, 3386, 32, 214]"
405,"[1080, 2144, 357, 2918, 3363, 1569, 150, 1496, 2433, 500, 457, 3147, 25, 2375]"
406,"[1358, 2890, 2398, 2401, 2716, 3360, 3361, 150, 47, 3098, 953, 2797, 377, 3505]"
407,"[0, 0, 0, 141, 1210, 707, 3525, 1136, 1197, 2997, 1259, 2804, 2791, 858]"
408,"[1206, 2171, 555, 1450, 1921, 903, 231, 1265, 1051, 3203, 457, 3551, 3418, 2351]"
409,"[3252, 1476, 2011, 231, 2420, 2414, 1120, 198, 3706, 2160, 1680, 225, 3785, 1101]"
410,"[1569, 1747, 2657, 2746, 1010, 104, 357, 2384, 597, 2245, 1380, 3450, 2111, 3524]"
411,"[73, 150, 21, 110, 1584, 3175, 230, 3044, 349, 1727, 590, 506, 2539, 1672]"
412,"[1537, 303, 3162, 3571, 1244, 3556, 2865, 2395, 2942, 3617, 3147, 3948, 3897, 3911]"
413,"[2942, 2421, 3577, 3578, 3751, 588, 1, 595, 3114, 2355, 2294, 364, 2083, 317]"
414,"[1210, 1196, 222, 2083, 1266, 1304, 3671, 1250, 750, 912, 1204, 3406, 920, 3062]"
415,"[1956, 1222, 1242, 1186, 3169, 1960, 2929, 2076, 1295, 1300, 1096, 2194, 1097, 1321]"
416,"[2581, 3623, 1959, 3753, 24, 2395, 2724, 3081, 2396, 2762, 2987, 86, 2804, 1214]"
417,"[0, 0, 0, 0, 0, 0, 3044, 260, 1036, 968, 2918, 3114, 1148, 1]"
418,"[1918, 480, 2353, 1101, 1222, 736, 2617, 376, 3763, 2468, 2881, 318, 593, 1]"
419,"[2858, 928, 905, 50, 1196, 1198, 3196, 1203, 903, 1207, 1136, 1411, 1127, 2355]"
420,"[1948, 2924, 1188, 1273, 2396, 2804, 1965, 1080, 1244, 3424, 1269, 1288, 3067, 1211]"
421,"[0, 0, 0, 1479, 1210, 558, 2046, 380, 11, 2762, 1370, 165, 1036, 2423]"
422,"[1214, 2232, 32, 750, 1200, 1206, 1396, 1077, 1580, 3375, 2662, 480, 2288, 3527]"
423,"[0, 0, 0, 0, 1073, 2710, 3113, 3408, 3238, 2676, 2568, 2490, 24, 2692]"
424,"[3416, 247, 1297, 1946, 1268, 1935, 628, 1939, 3521, 1226, 3275, 3739, 2128, 2770]"
425,"[151, 2763, 454, 1380, 2110, 2474, 410, 2011, 1347, 832, 813, 1396, 471, 2112]"
426,"[648, 1527, 10, 368, 288, 353, 2006, 1552, 145, 2023, 3082, 1377, 70, 1687]"
427,"[589, 908, 2858, 110, 2791, 1259, 1673, 3578, 480, 3160, 1580, 2948, 1035, 2455]"
428,"[2321, 2396, 2395, 2324, 1641, 104, 1517, 2359, 1923, 2686, 1649, 1884, 593, 3742]"
429,"[2186, 3683, 1213, 866, 2917, 47, 1500, 1466, 198, 1729, 2616, 70, 707, 700]"
430,"[1680, 1059, 440, 2108, 539, 597, 1721, 339, 2671, 3358, 7, 2572, 1895, 1569]"
431,"[1270, 1584, 480, 1748, 1356, 1909, 1544, 1198, 1291, 589, 1197, 1387, 1036, 969]"
432,"[1265, 356, 497, 2620, 2108, 1094, 11, 39, 2125, 377, 1680, 838, 468, 597]"
433,"[3421, 1294, 2858, 1148, 3543, 1394, 1230, 1276, 3210, 1304, 1288, 1965, 3751, 1223]"
434,"[2920, 2863, 2870, 3507, 2946, 3028, 909, 1948, 390, 2015, 1148, 1, 596, 1282]"
435,"[1580, 2628, 2989, 648, 2990, 3633, 2115, 2001, 2376, 1378, 2403, 3638, 3020, 2002]"
436,"[3793, 2116, 1527, 1653, 2011, 1909, 2012, 3269, 2046, 3033, 2094, 3745, 1205, 316]"
437,"[2018, 2085, 2116, 1262, 527, 1294, 969, 2028, 1233, 1250, 1299, 1196, 1090, 1263]"
438,"[1387, 1263, 1082, 2014, 1219, 2728, 1201, 2135, 919, 3787, 2582, 3911, 3534, 2944]"
439,"[380, 3256, 1580, 3095, 1393, 539, 597, 2424, 1721, 3269, 3259, 7, 1409, 736]"
440,"[0, 0, 0, 3755, 2023, 1193, 2891, 3418, 349, 2028, 1610, 3256, 110, 648]"
441,"[541, 924, 1376, 1097, 3702, 1077, 3927, 2628, 1573, 2105, 2054, 3638, 593, 34]"
442,"[1282, 2080, 2565, 1035, 2657, 1030, 1797, 497, 2884, 3007, 1233, 750, 2128, 3751]"
443,"[527, 858, 50, 1221, 293, 608, 47, 1953, 2194, 1213, 592, 3362, 6, 555]"
444,"[903, 3788, 750, 969, 1262, 1183, 1272, 2941, 2944, 2287, 2670, 1078, 3448, 356]"
445,"[3114, 858, 3545, 3551, 1193, 3363, 1235, 3421, 2866, 1272, 1278, 3244, 3671, 3037]"
446,"[3201, 3168, 43, 534, 1233, 3204, 1199, 3108, 953, 2324, 2355, 1300, 1136, 745]"
447,"[1150, 1231, 2972, 1090, 3424, 2919, 2020, 3554, 919, 1028, 594, 596, 2102, 1012]"
448,"[0, 0, 0, 0, 0, 0, 0, 0, 1721, 1097, 440, 2617, 2028, 2908]"
449,"[1387, 1214, 1219, 2288, 3499, 3727, 1994, 1997, 1261, 2455, 1333, 1345, 1982, 1215]"
450,"[111, 910, 1270, 1952, 2890, 2384, 2761, 2236, 457, 3114, 903, 3152, 1253, 1136]"
451,"[1955, 1096, 1254, 2068, 950, 2291, 3475, 428, 2529, 2918, 41, 1244, 223, 3100]"
452,"[3246, 62, 509, 16, 1120, 3252, 1271, 1721, 1693, 1179, 1190, 574, 1027, 1884]"
453,"[1587, 590, 2167, 3489, 3301, 1280, 2936, 1079, 1967, 1732, 3897, 3911, 2731, 1254]"
454,"[1354, 2761, 1303, 1923, 3515, 3544, 1265, 3129, 537, 2112, 29, 1274, 2140, 2613]"
455,"[1721, 1028, 1254, 260, 1198, 919, 2406, 969, 3873, 2396, 905, 951, 2858, 910]"
456,"[1374, 1240, 1376, 3070, 1375, 2628, 1129, 316, 590, 1304, 1201, 3494, 3873, 368]"
457,"[3252, 3006, 529, 1095, 2329, 1245, 475, 1060, 3148, 281, 431, 1589, 2071, 590]"
458,"[2347, 908, 952, 1222, 1092, 1250, 1261, 2858, 1248, 1269, 1284, 2791, 1673, 2948]"
459,"[0, 0, 920, 3948, 3892, 2858, 2706, 2572, 2683, 2541, 1093, 3408, 3578, 2581]"
460,"[3868, 514, 2791, 1265, 235, 2863, 1125, 1394, 3608, 3039, 2109, 1580, 2124, 3552]"
461,"[1376, 3168, 1019, 2470, 2161, 329, 1049, 2105, 316, 1371, 1248, 858, 3364, 1945]"
462,"[3510, 1298, 2078, 104, 2184, 2111, 2394, 1356, 165, 2012, 2005, 2723, 2072, 170]"
463,"[1307, 909, 1641, 2324, 2797, 3671, 2918, 1968, 3552, 2371, 223, 2359, 1060, 1732]"
464,"[28, 2762, 2324, 1249, 2481, 1960, 265, 1242, 1288, 1206, 916, 541, 36, 1150]"
465,"[1089, 608, 2788, 2648, 1148, 1202, 581, 1199, 162, 3168, 924, 246, 1136, 1340]"
466,"[922, 3435, 1284, 3683, 2186, 2726, 541, 1344, 164, 1262, 750, 3342, 1204, 2427]"
467,"[3104, 350, 1092, 105, 587, 1393, 356, 276, 3259, 802, 2506, 593, 3147, 2762]"
468,"[0, 0, 0, 0, 1656, 377, 1197, 912, 928, 3244, 2396, 3668, 911, 933]"
469,"[950, 3359, 1278, 921, 969, 919, 2997, 3196, 279, 593, 3702, 903, 933, 1294]"
470,"[595, 914, 1947, 594, 1282, 2102, 2565, 2087, 900, 1032, 1688, 1022, 2081, 1030]"
471,"[1185, 1704, 3022, 3030, 910, 3703, 1200, 589, 32, 1240, 1199, 2968, 1210, 480]"
472,"[589, 3471, 1965, 32, 3793, 2571, 3700, 1921, 2664, 1358, 1233, 1245, 593, 296]"
473,"[596, 905, 919, 945, 955, 594, 920, 1066, 907, 899, 969, 3341, 916, 3549]"
474,"[2335, 818, 1857, 482, 1312, 331, 1590, 3146, 1421, 2857, 2300, 3481, 3624, 3535]"
475,"[2478, 3385, 3387, 2458, 2379, 2380, 1136, 1230, 1278, 3421, 1080, 3671, 3836, 2109]"
476,"[881, 276, 355, 432, 3248, 19, 93, 810, 3774, 2087, 2100, 2138, 3153, 3438]"
477,"[1378, 368, 434, 1518, 3430, 353, 251, 2881, 376, 786, 1769, 1597, 1917, 95]"
478,"[750, 3357, 1148, 593, 318, 50, 608, 2396, 2858, 1704, 720, 2997, 2692, 1179]"
479,"[593, 1193, 3471, 1704, 3360, 1961, 3105, 150, 1097, 3526, 1954, 3098, 161, 1962]"
480,"[1704, 2959, 2329, 3147, 337, 1730, 1784, 1060, 1393, 1639, 150, 590, 1682, 1059]"
481,"[231, 344, 3791, 743, 2012, 2136, 2002, 1231, 1292, 908, 1721, 902, 2866, 2915]"
482,"[2997, 2959, 2861, 300, 3298, 448, 3499, 1245, 1923, 62, 162, 3100, 249, 1584]"
483,"[0, 0, 0, 0, 0, 0, 0, 0, 0, 593, 296, 700, 2959, 2762]"
484,"[3255, 3578, 480, 3484, 661, 2706, 2572, 3534, 2541, 2722, 3615, 2881, 2759, 3717]"
485,"[1230, 1294, 3504, 3114, 3035, 1079, 2791, 3481, 3361, 2918, 3671, 1923, 1270, 1125]"
486,"[1704, 527, 2692, 34, 36, 2028, 1358, 1449, 3163, 1094, 1682, 515, 1923, 2959]"
487,"[2291, 1269, 1035, 3927, 920, 928, 969, 1277, 914, 1094, 1947, 3147, 3071, 2335]"
488,"[0, 0, 0, 0, 0, 0, 0, 912, 1210, 2572, 1019, 3928, 260, 1200]"
489,"[0, 0, 0, 0, 0, 0, 0, 0, 858, 296, 2788, 1208, 1198, 1136]"
490,"[3034, 2394, 313, 1029, 1033, 2123, 1030, 780, 919, 1028, 3061, 1380, 914, 3675]"
491,"[0, 0, 0, 0, 0, 3082, 1193, 1120, 3916, 2858, 110, 2571, 2028, 1242]"
492,"[597, 2858, 2188, 2706, 2572, 2827, 2699, 2997, 3285, 3298, 2694, 3005, 2908, 2771]"
493,"[1834, 2108, 1580, 349, 83, 232, 1883, 3108, 597, 1758, 229, 1966, 6, 3256]"
494,"[2273, 10, 2393, 2006, 1608, 2628, 3082, 648, 736, 1479, 1917, 2094, 653, 1687]"
495,"[1262, 527, 750, 1242, 3448, 2762, 2571, 671, 1356, 1376, 1250, 1610, 2501, 3114]"
496,"[3624, 1208, 2628, 593, 2571, 761, 908, 1527, 2761, 2167, 1391, 370, 3869, 520]"
497,"[0, 0, 0, 0, 110, 2108, 369, 3070, 1589, 353, 3328, 21, 2716, 3948]"
498,"[150, 265, 2336, 1358, 2324, 778, 1259, 3422, 3072, 3424, 1958, 2918, 1197, 3104]"
499,"[1660, 3916, 1584, 1246, 1672, 1678, 805, 1693, 3271, 1682, 2065, 1103, 2059, 3071]"
500,"[745, 1148, 720, 2997, 50, 2357, 1704, 2692, 497, 2571, 3408, 3795, 262, 34]"
501,"[1466, 3624, 3481, 1035, 3793, 480, 1580, 144, 551, 524, 3675, 648, 3594, 1129]"
502,"[0, 3244, 2875, 110, 3753, 3114, 2321, 3037, 3421, 1270, 3671, 1197, 3255, 3468]"
503,"[3624, 3160, 3510, 3578, 1252, 1267, 913, 922, 1617, 3435, 942, 3334, 541, 1304]"
504,"[407, 1912, 1252, 1260, 1267, 913, 922, 3435, 3683, 541, 2987, 2186, 3334, 2726]"
505,"[1080, 1278, 2406, 3543, 3200, 39, 2797, 3255, 1028, 2080, 3685, 3836, 1285, 2302]"
506,"[3717, 3578, 2676, 3174, 3623, 2581, 2734, 3219, 2490, 3753, 3300, 2394, 2692, 2396]"
507,"[1212, 29, 3435, 1193, 2708, 3067, 1893, 123, 1235, 1299, 1394, 1734, 1203, 1207]"
508,"[198, 2699, 780, 1603, 1320, 3937, 1371, 2668, 1544, 2701, 3897, 3578, 589, 866]"
509,"[1031, 107, 2384, 2083, 1249, 2762, 1845, 319, 1648, 2841, 230, 490, 3249, 2446]"
510,"[442, 316, 2012, 2094, 2053, 546, 239, 1136, 2810, 3000, 2139, 2987, 1282, 3213]"
511,"[0, 0, 0, 0, 0, 750, 3639, 3072, 3470, 2683, 2997, 2716, 913, 1959]"
512,"[3555, 3578, 3753, 3755, 904, 1617, 2467, 903, 924, 1625, 1459, 1892, 2184, 1711]"
513,"[223, 159, 2407, 3060, 1094, 590, 440, 3203, 441, 2110, 2118, 1263, 1701, 1370]"
514,"[3508, 2912, 1198, 2019, 3911, 3917, 3538, 2571, 32, 1206, 3703, 1200, 1653, 1199]"
515,"[2859, 2396, 32, 3067, 1147, 1305, 337, 2243, 1277, 36, 3424, 1079, 1834, 665]"
516,"[1294, 1234, 1934, 587, 356, 2080, 589, 260, 1196, 1214, 1206, 1240, 1097, 2662]"
517,"[2020, 440, 36, 1246, 2369, 1088, 3424, 3019, 1962, 2567, 1097, 2291, 235, 1196]"
518,"[2917, 955, 1343, 1344, 2357, 3015, 3635, 1722, 937, 901, 2881, 2395, 3081, 3185]"
519,"[2262, 1541, 932, 1608, 2791, 588, 1064, 631, 2123, 1927, 2858, 2706, 2539, 3512]"
520,"[1080, 1235, 3608, 521, 2504, 1173, 3683, 1179, 164, 1500, 1199, 934, 475, 1960]"
521,"[590, 2401, 2921, 368, 1252, 1267, 50, 593, 903, 1617, 2762, 908, 3634, 1953]"
522,"[1214, 3654, 1197, 3703, 1240, 924, 541, 1270, 1097, 2916, 3702, 2640, 1748, 3527]"
523,"[1210, 2872, 2947, 1610, 3418, 1222, 2662, 2529, 2288, 3578, 2000, 2948, 3639, 1201]"
524,"[423, 905, 3307, 594, 919, 920, 504, 44, 3022, 3629, 1590, 1468, 3949, 3952]"
525,"[1288, 919, 2300, 2303, 899, 3545, 595, 1947, 909, 898, 1244, 1214, 1219, 951]"
526,"[2692, 2571, 1222, 1242, 1264, 969, 3654, 110, 1912, 2951, 3062, 2194, 3418, 2872]"
527,"[3186, 1968, 1247, 593, 3538, 3408, 3067, 1394, 2918, 1172, 1307, 1285, 3210, 2804]"
528,"[2085, 616, 2142, 1013, 2706, 2541, 2860, 3484, 3827, 3793, 2762, 413, 3536, 1090]"
529,"[1344, 904, 924, 2467, 1204, 750, 2804, 3681, 2973, 1199, 2762, 1358, 1250, 36]"
530,"[2761, 1242, 3361, 1036, 330, 1957, 1090, 2692, 2194, 162, 1124, 1208, 3551, 2020]"
531,"[344, 1104, 926, 1203, 1961, 1193, 1246, 1099, 300, 1959, 1013, 3791, 2273, 780]"
532,"[1214, 541, 1240, 1748, 2571, 1653, 1199, 1210, 1127, 1580, 2916, 2174, 2193, 2021]"
533,"[849, 1899, 1270, 1, 3210, 1784, 3037, 3363, 2700, 551, 3760, 1517, 101, 368]"
534,"[802, 543, 605, 1593, 339, 539, 1183, 2146, 2502, 527, 1196, 1299, 969, 110]"
535,"[0, 0, 0, 0, 0, 0, 0, 480, 1210, 3543, 3408, 3175, 2716, 2761]"
536,"[3159, 596, 2081, 783, 1907, 2085, 2090, 2294, 2394, 1029, 1033, 1688, 709, 2048]"
537,"[1304, 1358, 1635, 3547, 1095, 1231, 1939, 2917, 1537, 1230, 110, 1208, 154, 1247]"
538,"[356, 3685, 2302, 2355, 1270, 1395, 1254, 1204, 260, 1198, 1931, 941, 952, 2871]"
539,"[1148, 1223, 594, 596, 741, 1282, 1022, 2018, 2096, 2139, 2700, 1029, 2138, 2355]"
540,"[0, 288, 745, 1148, 2997, 223, 1060, 104, 2025, 1213, 1089, 69, 2329, 318]"
541,"[1198, 608, 1276, 1225, 593, 2762, 296, 2571, 3147, 2336, 2125, 249, 1721, 357]"
542,"[3879, 3946, 2858, 3160, 1249, 589, 1673, 110, 3578, 3793, 2455, 3555, 1580, 480]"
543,"[2694, 724, 1920, 2116, 2089, 3034, 2137, 1030, 222, 1777, 2875, 2146, 1475, 731]"
544,"[73, 900, 2096, 1028, 364, 1032, 1083, 2135, 590, 940, 260, 1287, 1848, 1197]"
545,"[0, 0, 0, 0, 0, 356, 1968, 1961, 1092, 3481, 3745, 2858, 2683, 2997]"
546,"[2078, 3507, 2729, 1947, 3633, 1025, 2085, 3604, 1248, 904, 910, 899, 916, 933]"
547,"[1196, 1214, 541, 3471, 2571, 1200, 1584, 32, 3702, 1127, 480, 2527, 1129, 1573]"
548,"[1361, 2693, 3679, 556, 2859, 3281, 1387, 1345, 3476, 3499, 2288, 3576, 3018, 2455]"
549,"[1873, 3911, 3481, 3882, 3534, 3755, 3512, 2763, 3189, 3536, 3324, 3744, 3717, 3300]"
550,"[1103, 475, 1362, 1246, 3260, 300, 1302, 1357, 1721, 2745, 953, 1678, 2132, 1673]"
551,"[3952, 3175, 1960, 538, 3671, 1171, 1959, 356, 3044, 2321, 492, 1245, 440, 2324]"
552,"[2174, 2314, 3516, 1441, 155, 2797, 3705, 2034, 2167, 2035, 3444, 423, 1336, 1772]"
553,"[1923, 2837, 2124, 532, 587, 2539, 492, 371, 3247, 1414, 2683, 417, 500, 586]"
554,"[593, 2858, 2706, 2908, 3203, 223, 2712, 2959, 3578, 3160, 2734, 1959, 3185, 2396]"
555,"[3897, 3911, 3893, 3751, 3793, 3408, 3566, 3798, 745, 3114, 1148, 1, 1282, 3213]"
556,"[260, 1196, 1198, 2949, 1287, 1291, 1374, 2640, 1376, 1375, 1372, 329, 1373, 2105]"
557,"[3527, 3700, 480, 1396, 1584, 2985, 1876, 1690, 1320, 2012, 1274, 745, 1148, 1223]"
558,"[1270, 1635, 899, 457, 1950, 3365, 2997, 1947, 2908, 1272, 2662, 2427, 1183, 647]"
559,"[0, 0, 0, 0, 0, 0, 0, 0, 0, 0, 0, 0, 0, 1641]"
560,"[1544, 1320, 329, 736, 3807, 2013, 2993, 1917, 95, 3139, 1037, 172, 836, 2530]"
561,"[3751, 3510, 3753, 648, 3948, 3408, 3481, 3623, 3301, 3273, 32, 1704, 2324, 2710]"
562,"[260, 1196, 858, 1221, 2028, 940, 969, 1387, 1214, 1240, 110, 1200, 2948, 3267]"
563,"[2571, 32, 1253, 2660, 1301, 1374, 1200, 1376, 1748, 3700, 3793, 2662, 3175, 1077]"
564,"[527, 1204, 1262, 3250, 2996, 593, 3469, 2324, 1250, 1097, 3471, 920, 1219, 2067]"
565,"[0, 0, 0, 0, 0, 1097, 175, 2858, 1259, 589, 1466, 2791, 3917, 1249]"
566,"[1645, 1089, 593, 608, 2762, 1610, 319, 2058, 110, 2692, 1222, 1242, 555, 3836]"
567,"[1261, 2193, 1967, 1073, 2640, 303, 2105, 3489, 3807, 1377, 1587, 2135, 208, 2405]"
568,"[593, 1252, 904, 1086, 3198, 318, 1955, 1617, 858, 3893, 3418, 2571, 2028, 110]"
569,"[520, 688, 2266, 466, 830, 2888, 637, 1806, 1858, 2253, 473, 327, 1474, 1445]"
570,"[261, 1620, 2112, 802, 1093, 24, 781, 3848, 340, 292, 1918, 253, 2541, 1884]"
571,"[293, 457, 47, 6, 733, 3044, 1845, 1358, 190, 3256, 2353, 161, 16, 377]"
572,"[0, 0, 0, 0, 0, 0, 0, 0, 0, 0, 0, 0, 0, 2006]"
573,"[593, 1617, 608, 678, 2762, 190, 3044, 2571, 589, 1834, 1625, 3176, 230, 2267]"
574,"[0, 0, 0, 0, 0, 1274, 1961, 32, 1243, 593, 2858, 318, 50, 608]"
575,"[2881, 2959, 2688, 2716, 2580, 2394, 2987, 3793, 2762, 1060, 260, 1376, 597, 3481]"
576,"[232, 590, 480, 1356, 3175, 2916, 60, 1580, 329, 10, 1198, 1225, 1957, 1231]"
577,"[474, 2949, 2951, 592, 1129, 2948, 3062, 2529, 3527, 349, 3633, 2115, 1580, 296]"
578,"[527, 3608, 858, 3948, 3897, 1617, 296, 318, 1213, 593, 2858, 608, 1233, 2599]"
579,"[1220, 1663, 2915, 3039, 3210, 2751, 3552, 2001, 2371, 2518, 2795, 2423, 3685, 2416]"
580,"[3811, 3342, 1224, 1090, 1242, 3448, 2897, 1196, 1960, 1210, 1222, 2972, 2476, 3441]"
581,"[1393, 2125, 1721, 597, 802, 852, 39, 892, 3269, 2875, 2822, 168, 3257, 1784]"
582,"[3300, 3753, 24, 2093, 3617, 2491, 2700, 2762, 2840, 2841, 2702, 3798, 3114, 2987]"
583,"[783, 1566, 2746, 1088, 1688, 1380, 1093, 3600, 48, 3759, 3186, 3684, 2617, 910]"
584,"[919, 969, 912, 2396, 1247, 3408, 3578, 2357, 296, 2858, 150, 110, 36, 1721]"
585,"[745, 1282, 1148, 1, 3114, 2761, 588, 3000, 1223, 1073, 1967, 551, 2005, 3328]"
586,"[750, 2287, 2571, 1210, 1214, 541, 924, 3471, 1199, 2529, 29, 1206, 745, 1148]"
587,"[73, 32, 1982, 555, 337, 1103, 194, 1954, 3167, 1897, 2160, 1350, 1649, 627]"
588,"[2291, 1258, 973, 3174, 914, 2716, 3456, 900, 2863, 1078, 3526, 469, 1357, 1619]"
589,"[593, 1270, 1148, 2324, 3114, 1259, 1265, 2858, 2599, 2918, 2997, 2791, 235, 2542]"
590,"[39, 501, 99, 2427, 1650, 1542, 1641, 551, 2437, 1683, 2333, 1732, 1653, 2883]"
591,"[3125, 1693, 2627, 3079, 3174, 913, 2686, 2583, 541, 1204, 750, 1333, 1947, 910]"
592,"[0, 2471, 3614, 1197, 3793, 3624, 3555, 3578, 3755, 3623, 3316, 3717, 50, 1799]"
593,"[1897, 2276, 1542, 2443, 454, 1354, 991, 1190, 350, 3010, 369, 3252, 3145, 2106]"
594,"[348, 3096, 1934, 3868, 3396, 1077, 2750, 1081, 2247, 2874, 1395, 2321, 1968, 1060]"
595,"[3252, 280, 1358, 3357, 2762, 50, 457, 1089, 1343, 47, 733, 1834, 2353, 350]"
596,"[0, 0, 0, 0, 0, 0, 3363, 3578, 1259, 589, 1282, 2791, 1580, 551]"
597,"[3578, 785, 913, 3752, 2734, 3219, 2490, 2502, 2598, 2013, 2686, 1513, 2395, 2762]"
598,"[0, 3578, 3098, 1198, 2858, 2683, 2707, 2997, 3408, 2333, 3160, 3753, 2686, 2396]"
599,"[0, 0, 0, 0, 908, 3420, 2130, 2858, 1299, 3468, 608, 318, 1950, 527]"
600,"[0, 0, 0, 0, 0, 440, 104, 904, 3101, 2858, 2683, 2433, 2369, 2712]"
601,"[1994, 1339, 1347, 3016, 3917, 427, 1094, 750, 1206, 2529, 1921, 3863, 1909, 780]"
602,"[2661, 2393, 3032, 2091, 2054, 788, 3638, 674, 1334, 2530, 2615, 2665, 2699, 1320]"
603,"[1784, 539, 440, 527, 3147, 2268, 62, 3256, 480, 733, 457, 2571, 2058, 1573]"
604,"[377, 2058, 3256, 1608, 1047, 380, 1833, 1370, 494, 368, 2273, 1385, 736, 1479]"
605,"[913, 2423, 2826, 1127, 2355, 2881, 2605, 3408, 3175, 3510, 2716, 2995, 2719, 2761]"
606,"[3114, 1, 3948, 1197, 1136, 551, 1028, 3608, 500, 520, 2431, 1777, 367, 1485]"
607,"[0, 1270, 1304, 2393, 2028, 318, 593, 2858, 608, 296, 110, 3386, 2289, 994]"
608,"[3454, 1089, 2329, 2836, 358, 2058, 1805, 553, 1476, 2572, 353, 480, 344, 3869]"
609,"[1676, 2393, 3578, 3300, 3745, 260, 541, 1240, 1374, 2916, 3527, 527, 1233, 457]"
610,"[3702, 2140, 1909, 3527, 2105, 2117, 1527, 924, 3033, 2628, 1356, 2393, 2021, 858]"
611,"[288, 1291, 1644, 1960, 356, 1678, 457, 477, 509, 2302, 3418, 2112, 3526, 1027]"
612,"[1259, 2858, 3150, 3578, 589, 1284, 3160, 2791, 3751, 1282, 3481, 1248, 1269, 1580]"
613,"[1213, 593, 1233, 2858, 3114, 2028, 589, 2908, 1265, 994, 2997, 1, 529, 1095]"
614,"[1032, 2087, 3034, 558, 837, 1019, 364, 588, 2294, 2081, 239, 2142, 1033, 2015]"
615,"[3671, 2948, 3623, 589, 1580, 1370, 21, 2916, 377, 2278, 1722, 10, 380, 466]"
616,"[2791, 2160, 3160, 1248, 1282, 1673, 1035, 110, 3481, 480, 3753, 1580, 3578, 741]"
617,"[0, 0, 2070, 1198, 2321, 2770, 908, 951, 2858, 110, 1259, 3300, 3578, 912]"
618,"[0, 0, 0, 0, 1196, 3347, 1250, 110, 1259, 589, 2858, 3481, 3578, 2791]"
619,"[0, 0, 0, 0, 0, 1196, 2797, 3911, 1220, 1230, 1244, 232, 2324, 2804]"
620,"[3255, 2124, 1777, 799, 1476, 2502, 3175, 1747, 356, 3174, 1580, 543, 3254, 380]"
621,"[1673, 1171, 589, 3481, 1965, 551, 480, 1580, 2985, 2986, 111, 47, 1237, 1200]"
622,"[3429, 1945, 296, 1288, 1219, 1222, 1228, 1307, 3910, 2442, 246, 356, 318, 1041]"
623,"[1267, 2502, 3949, 3527, 2064, 3181, 1333, 1219, 1247, 3948, 2761, 50, 3863, 3787]"
624,"[1964, 930, 1212, 1178, 2686, 3723, 928, 3634, 3751, 1244, 1245, 417, 1719, 595]"
625,"[3060, 1357, 1784, 2268, 1633, 150, 230, 3255, 1660, 590, 3118, 1271, 281, 3252]"
626,"[912, 3471, 1240, 527, 3030, 1283, 3671, 2858, 2624, 741, 1242, 1222, 1408, 2353]"
627,"[0, 0, 0, 2329, 3897, 3911, 3952, 3882, 3479, 2872, 2140, 2174, 1967, 2968]"
628,"[1874, 3052, 1580, 588, 3358, 2572, 348, 2124, 3255, 1883, 3178, 708, 2108, 11]"
629,"[2559, 48, 1064, 609, 2399, 455, 673, 1702, 1023, 374, 2430, 258, 1359, 3754]"
630,"[2108, 1683, 2081, 1059, 910, 1256, 2858, 1734, 1304, 34, 1, 3363, 2997, 1292]"
631,"[1019, 349, 2611, 3701, 1356, 1092, 141, 2583, 2015, 454, 2384, 1099, 1747, 3510]"
632,"[480, 1372, 1584, 2571, 2916, 1356, 32, 3175, 316, 329, 2046, 3269, 2628, 1676]"
633,"[2997, 223, 2908, 2712, 3174, 299, 2692, 2762, 3176, 1617, 608, 347, 2706, 3783]"
634,"[2430, 2080, 1021, 1367, 588, 1, 364, 1654, 2059, 837, 2087, 2096, 1013, 1024]"
635,"[905, 1244, 2997, 1, 1294, 3613, 2396, 1238, 916, 232, 1234, 3088, 2791, 933]"
636,"[2533, 2985, 3701, 3704, 2011, 2054, 780, 2641, 1544, 316, 2012, 3697, 2615, 442]"
637,"[3066, 1, 3039, 3114, 2069, 3494, 3555, 1266, 2194, 903, 2662, 2527, 1947, 1307]"
638,"[1290, 2115, 1378, 1130, 610, 3701, 2407, 2105, 2301, 1297, 3070, 2420, 3608, 3479]"
639,"[2687, 588, 2077, 3448, 1271, 2671, 1372, 917, 3270, 3196, 2019, 2779, 2095, 2054]"
640,"[0, 0, 0, 1619, 3617, 2672, 175, 1961, 6, 3006, 1673, 593, 318, 2997]"
641,"[2571, 2003, 3114, 1196, 1221, 1197, 2028, 1242, 919, 2064, 1966, 1235, 1, 3897]"
642,"[2406, 953, 3510, 2762, 904, 1266, 2841, 3354, 1356, 1376, 260, 3791, 24, 1721]"
643,"[0, 0, 0, 296, 2028, 1617, 2572, 2997, 223, 2976, 2599, 2959, 2716, 913]"
644,"[3948, 3408, 3481, 3328, 3510, 3555, 3827, 3354, 165, 2927, 1230, 1247, 916, 2020]"
645,"[1228, 903, 1293, 2300, 68, 1, 3424, 260, 1213, 1230, 1198, 2324, 2966, 745]"
646,"[329, 736, 1378, 2344, 95, 1377, 517, 2013, 786, 1385, 168, 1544, 153, 2421]"
647,"[3869, 818, 2249, 1646, 3258, 2507, 637, 2335, 1431, 3146, 88, 3544, 2953, 487]"
648,"[2692, 1513, 2762, 3176, 2763, 3798, 2337, 45, 2155, 2280, 2166, 3526, 345, 302]"
649,"[1301, 2858, 3864, 2003, 1997, 1982, 2409, 1954, 1387, 3006, 3865, 2762, 1516, 2231]"
650,"[457, 2571, 2028, 110, 163, 2916, 1047, 1580, 3793, 2804, 1197, 1259, 1968, 2918]"
651,"[2469, 3760, 2301, 3087, 1010, 2457, 2255, 3040, 2793, 1194, 3688, 344, 3693, 3525]"
652,"[628, 2542, 1921, 2058, 733, 3256, 161, 2916, 1732, 349, 2278, 3044, 1754, 454]"
653,"[0, 0, 0, 1680, 3176, 1721, 902, 1727, 3179, 2997, 3516, 3408, 2688, 2585]"
654,"[2174, 2352, 3526, 3552, 3039, 3448, 1225, 1293, 1299, 1960, 3098, 1302, 1956, 1961]"
655,"[3045, 246, 162, 1147, 1289, 1189, 2064, 1111, 3677, 1192, 2677, 136, 1827, 1287]"
656,"[2096, 1302, 1292, 2919, 1299, 1259, 944, 1265, 1282, 3849, 2018, 2202, 1584, 2915]"
657,"[3160, 3174, 2390, 2585, 2622, 2310, 2502, 2686, 1513, 3512, 43, 2692, 2395, 2396]"
658,"[2792, 588, 926, 1225, 2858, 2329, 2788, 3155, 1784, 1517, 34, 1270, 595, 2997]"
659,"[529, 590, 2268, 249, 1393, 3105, 1213, 2329, 3418, 161, 34, 2106, 1682, 11]"
660,"[2922, 3873, 1125, 2565, 1035, 3699, 553, 2287, 94, 1797, 2747, 476, 3769, 2779]"
661,"[1242, 1291, 1912, 3703, 1036, 1237, 923, 527, 2804, 1213, 3468, 318, 1207, 1225]"
662,"[2193, 2005, 1073, 1097, 926, 410, 110, 2571, 2028, 2617, 2167, 1527, 3082, 1876]"
663,"[316, 485, 1320, 494, 1690, 204, 327, 1407, 2710, 196, 2793, 2448, 1644, 1258]"
664,"[3104, 2359, 1079, 2918, 356, 1923, 2716, 1641, 2915, 3760, 45, 2926, 2795, 3608]"
665,"[0, 0, 0, 0, 0, 0, 0, 0, 1527, 1258, 799, 253, 1387, 2716]"
666,"[440, 1271, 272, 377, 2359, 1268, 3044, 1653, 898, 1175, 1396, 32, 3819, 2300]"
667,"[2706, 3949, 3510, 3452, 2167, 2617, 3785, 1266, 1285, 3897, 2571, 1221, 1222, 1343]"
668,"[1777, 3101, 356, 2073, 1909, 1653, 780, 442, 1917, 379, 50, 457, 608, 2762]"
669,"[188, 366, 724, 196, 1973, 720, 3213, 3114, 2761, 595, 783, 2294, 1688, 364]"
670,"[1252, 608, 2731, 111, 2830, 2300, 3030, 3468, 3362, 1084, 3897, 3911, 3949, 3910]"
671,"[2973, 1262, 969, 1284, 1233, 3863, 2020, 2064, 337, 1348, 3030, 1252, 919, 3470]"
672,"[3755, 3930, 3928, 1252, 913, 3334, 2987, 969, 260, 1198, 858, 1221, 1387, 2028]"
673,"[1073, 750, 674, 680, 3471, 1206, 1214, 1250, 908, 951, 1249, 1035, 3160, 3578]"
674,"[1214, 1127, 1584, 2010, 1210, 2288, 2968, 1356, 1374, 1396, 1909, 2011, 745, 904]"
675,"[2826, 2858, 1127, 2997, 3298, 2770, 223, 2355, 3203, 2541, 2759, 3408, 2336, 2599]"
676,"[2640, 3480, 3100, 3753, 1101, 2353, 2763, 2628, 3510, 2791, 1387, 3536, 2080, 2371]"
677,"[2318, 194, 1054, 1305, 2023, 1412, 21, 2112, 1580, 1271, 1673, 492, 2539, 1295]"
678,"[3214, 3251, 3363, 585, 2413, 1206, 1282, 3159, 1974, 1221, 3037, 1294, 2639, 2143]"
679,"[1261, 1185, 1961, 1302, 2366, 1287, 2949, 1200, 1682, 553, 1393, 1275, 1584, 2355]"
680,"[0, 1674, 1291, 1197, 260, 527, 2858, 1127, 2706, 2683, 223, 2599, 2688, 3175]"
681,"[594, 2355, 1022, 3751, 2857, 588, 2085, 2687, 2137, 661, 2761, 1023, 2096, 1688]"
682,"[1036, 3108, 1220, 1234, 2997, 1278, 110, 176, 3396, 1333, 17, 2764, 1337, 1387]"
683,"[0, 0, 0, 0, 1097, 457, 110, 2571, 2028, 2058, 733, 1610, 3107, 3256]"
684,"[2881, 3159, 785, 3053, 3174, 2714, 2502, 2394, 2396, 2722, 2701, 2700, 2694, 524]"
685,"[434, 1394, 2915, 1968, 1257, 3526, 2011, 3308, 2001, 3525, 2262, 2134, 3623, 3744]"
686,"[0, 0, 2423, 318, 1210, 3897, 593, 527, 2858, 2028, 589, 1704, 296, 457]"
687,"[509, 1680, 2406, 2671, 2100, 1057, 11, 2145, 3261, 1569, 539, 2424, 1380, 1441]"
688,"[3670, 3134, 3339, 1204, 1250, 1263, 912, 1178, 1208, 1272, 969, 3196, 1927, 1224]"
689,"[589, 3658, 480, 1200, 2455, 2640, 2091, 2407, 332, 2985, 1374, 1376, 2454, 1580]"
690,"[1527, 45, 597, 3219, 2150, 1580, 371, 2134, 2877, 514, 1380, 2657, 2747, 1573]"
691,"[3210, 3253, 3608, 1080, 2384, 994, 2248, 2919, 2890, 785, 2859, 2245, 2348, 3547]"
692,"[2692, 180, 3098, 2245, 3740, 3115, 265, 562, 1449, 1639, 924, 2791, 1270, 2710]"
693,"[2745, 2248, 3745, 1617, 1249, 589, 1407, 593, 1610, 161, 866, 377, 1608, 1573]"
694,"[235, 2826, 2858, 2997, 2707, 2541, 2712, 2599, 2959, 3053, 2502, 2723, 2395, 3081]"
695,"[2420, 2470, 2846, 2141, 2263, 1330, 2942, 3388, 247, 527, 593, 296, 1213, 3469]"
696,"[2750, 1297, 3308, 2290, 2150, 1395, 3524, 1959, 1663, 2469, 2746, 2111, 1135, 2110]"
697,"[2858, 1148, 1, 2324, 1537, 2599, 39, 34, 232, 2321, 21, 1845, 298, 1784]"
698,"[2160, 1407, 407, 253, 2710, 2459, 3307, 3108, 1265, 471, 1077, 589, 1396, 3702]"
699,"[2174, 2791, 2795, 2413, 1663, 785, 2054, 5, 2072, 1219, 1258, 2664, 1340, 2648]"
700,"[3647, 589, 2827, 671, 2571, 32, 2916, 1248, 1252, 922, 1617, 3435, 3683, 541]"
701,"[541, 511, 450, 1617, 1265, 1060, 1500, 1784, 2324, 372, 223, 104, 216, 1061]"
702,"[3501, 3525, 1380, 3740, 3087, 11, 2133, 2301, 3157, 2418, 2134, 2518, 2659, 543]"
703,"[0, 0, 0, 0, 858, 1247, 1648, 3251, 908, 2291, 2858, 2966, 1269, 1282]"
704,"[2683, 2710, 3203, 2722, 2881, 2599, 2336, 2959, 2333, 913, 2622, 2734, 968, 2669]"
705,"[364, 3578, 3751, 3793, 3753, 3745, 1259, 589, 2291, 2455, 110, 551, 3930, 480]"
706,"[1358, 2442, 1653, 1120, 345, 412, 446, 150, 2433, 110, 1563, 3255, 1683, 1061]"
707,"[1, 2396, 1265, 2424, 3148, 3249, 3798, 3203, 2881, 2716, 3176, 3793, 3916, 1721]"
708,"[0, 0, 0, 0, 0, 0, 0, 0, 2109, 277, 1201, 2023, 589, 110]"
709,"[3081, 1339, 70, 2004, 3662, 3535, 2804, 3868, 3608, 2174, 2973, 2918, 3613, 1257]"
710,"[965, 2187, 2203, 2692, 3893, 3896, 180, 2204, 930, 928, 2529, 2532, 3000, 2206]"
711,"[2065, 2202, 3168, 1196, 3169, 3471, 1625, 2184, 492, 750, 1206, 3022, 947, 1358]"
712,"[1610, 457, 493, 145, 380, 1249, 1500, 1259, 2291, 2791, 1673, 551, 1407, 1645]"
713,"[1927, 527, 1090, 1272, 161, 2944, 2797, 1073, 3489, 317, 2005, 2565, 1035, 594]"
714,"[2038, 2031, 13, 2036, 3034, 1027, 520, 1197, 1265, 1258, 1387, 2947, 1954, 1047]"
715,"[3952, 3948, 1, 745, 3213, 3429, 1148, 3114, 1223, 247, 260, 1073, 2174, 2005]"
716,"[2096, 2137, 1907, 1025, 2089, 2090, 783, 2294, 1029, 3483, 616, 2116, 661, 2394]"
717,"[0, 0, 0, 0, 0, 0, 1961, 908, 589, 1269, 480, 1580, 3751, 3793]"
718,"[3107, 648, 145, 2628, 1479, 1100, 1597, 3082, 1544, 1552, 165, 2002, 1377, 2490]"
719,"[0, 0, 0, 0, 1193, 111, 2028, 1228, 3578, 3717, 1136, 1278, 3671, 2109]"
720,"[2762, 3114, 2763, 3481, 3513, 3555, 3173, 50, 1213, 588, 595, 364, 260, 1287]"
721,"[1090, 1250, 3468, 1193, 1340, 1234, 1272, 3128, 1963, 62, 2019, 908, 953, 928]"
722,"[1617, 541, 1148, 50, 3114, 2762, 356, 1704, 745, 1, 2391, 1265, 1625, 3429]"
723,"[0, 0, 0, 0, 0, 0, 1196, 1676, 2706, 2694, 223, 2772, 3175, 2959]"
724,"[161, 2058, 2916, 1610, 3256, 1608, 2278, 349, 2617, 2763, 733, 3686, 165, 376]"
725,"[1252, 912, 615, 3746, 899, 1953, 3811, 1203, 1230, 1296, 1299, 3067, 1104, 1225]"
726,"[339, 2671, 1777, 3261, 1569, 1721, 3358, 377, 708, 597, 2108, 2424, 3108, 838]"
727,"[17, 1947, 556, 2018, 898, 899, 588, 246, 62, 2918, 3507, 2071, 110, 300]"
728,"[1222, 1246, 1968, 2000, 1227, 1961, 1958, 2001, 1124, 1186, 1286, 2245, 2474, 3480]"
729,"[3178, 2115, 3153, 1408, 2406, 3256, 349, 1101, 3107, 2723, 733, 2414, 377, 1375]"
730,"[2918, 2791, 3760, 1270, 1220, 589, 1912, 2571, 2028, 555, 1233, 6, 457, 474]"
731,"[3302, 3324, 153, 1793, 3, 1612, 3846, 2717, 2735, 2027, 1857, 1390, 2961, 818]"
732,"[2410, 3688, 3142, 2241, 2416, 3707, 2011, 2259, 3387, 3206, 2942, 1091, 3846, 3584]"
733,"[1285, 1883, 1080, 2064, 2251, 3873, 1278, 927, 3060, 3481, 2065, 1060, 2243, 441]"
734,"[2951, 3487, 2922, 1378, 1007, 2701, 2826, 2683, 3005, 2694, 2772, 1093, 3408, 3113]"
735,"[3082, 1620, 2803, 2699, 1717, 3708, 376, 2263, 1225, 1231, 1258, 1302, 1090, 2194]"
736,"[3527, 1680, 1784, 2542, 296, 2028, 1089, 356, 1216, 180, 1639, 6, 1923, 2692]"
737,"[1247, 953, 913, 1028, 3462, 1080, 930, 2321, 1219, 2300, 2028, 593, 318, 260]"
738,"[0, 0, 2028, 587, 3141, 3300, 3173, 3793, 3624, 3578, 3513, 3555, 3753, 3553]"
739,"[2087, 3396, 3526, 357, 2268, 1073, 60, 673, 2867, 1347, 1380, 3386, 597, 589]"
740,"[3929, 1282, 2291, 3481, 3932, 3936, 589, 2791, 1673, 1965, 1261, 661, 3300, 1466]"
741,"[1128, 1330, 2560, 1983, 2668, 1924, 2606, 1973, 1644, 2121, 879, 1975, 2122, 891]"
742,"[2571, 1127, 3527, 3702, 2628, 1356, 3175, 2640, 1580, 3793, 780, 1909, 1876, 442]"
743,"[2155, 1747, 1077, 2302, 1285, 471, 3129, 1279, 1288, 3052, 3886, 3317, 3083, 215]"
744,"[1884, 663, 2371, 2134, 2502, 2145, 3693, 3948, 3450, 3617, 2335, 2378, 2683, 2694]"
745,"[0, 0, 0, 0, 0, 0, 0, 0, 0, 0, 0, 3317, 3948, 3908]"
746,"[3863, 1407, 2841, 1608, 1909, 832, 3176, 3249, 2026, 1036, 3101, 508, 3594, 25]"
747,"[1858, 2028, 3623, 3897, 3949, 3889, 3327, 3510, 3578, 3535, 3865, 260, 1196, 2571]"
748,"[1080, 589, 1270, 1215, 2968, 32, 1210, 1097, 1129, 2985, 1356, 1573, 1909, 2140]"
749,"[2856, 1689, 3196, 953, 3498, 926, 3916, 3098, 3296, 147, 529, 2530, 2531, 2532]"
750,"[1217, 593, 1104, 608, 527, 920, 1296, 2858, 1945, 1237, 3089, 1957, 926, 3260]"
751,"[3635, 1210, 1092, 2261, 1198, 3745, 3753, 1259, 2791, 3917, 1249, 589, 1673, 2624]"
752,"[2144, 2762, 3185, 195, 3827, 1234, 781, 1923, 852, 45, 32, 1266, 3556, 1777]"
753,"[3616, 3914, 158, 2321, 491, 1584, 2485, 2798, 2959, 2572, 2797, 2003, 2004, 569]"
754,"[2734, 3219, 2490, 2581, 1959, 2598, 2013, 3185, 2841, 2763, 1304, 1198, 1036, 1240]"
755,"[1244, 1104, 2396, 1278, 1197, 3147, 2028, 2268, 1446, 2716, 25, 1200, 1231, 2890]"
756,"[1951, 858, 1221, 290, 608, 1198, 1214, 1233, 1196, 1387, 2028, 1240, 3702, 1036]"
757,"[671, 780, 3863, 1200, 1408, 904, 1249, 457, 1610, 1370, 733, 3256, 377, 1909]"
758,"[1210, 1136, 1394, 1270, 1276, 2804, 1304, 1079, 318, 527, 296, 1704, 110, 36]"
759,"[3684, 3699, 852, 222, 2570, 2406, 708, 2941, 3614, 597, 356, 1441, 468, 3524]"
760,"[593, 1299, 3094, 1185, 1300, 3545, 1225, 3083, 1259, 1704, 1957, 2915, 898, 39]"
761,"[0, 0, 2916, 2105, 2028, 2582, 3793, 3745, 3147, 780, 2571, 924, 1590, 3948]"
762,"[1376, 2968, 2011, 480, 2628, 1356, 780, 2641, 2012, 3033, 2393, 3745, 2054, 1544]"
763,"[0, 0, 0, 1270, 3107, 3911, 3948, 1196, 3327, 1198, 1136, 1213, 541, 260]"
764,"[2115, 3087, 2105, 2746, 2470, 2140, 3399, 2420, 3524, 2141, 2054, 1286, 1088, 2478]"
765,"[3087, 3253, 368, 2424, 1517, 3108, 3614, 339, 1485, 1380, 1425, 539, 586, 236]"
766,"[2100, 2000, 2406, 2750, 3422, 2145, 2371, 2245, 2469, 2134, 3033, 2413, 2248, 3819]"
767,"[733, 1610, 3147, 161, 2764, 2391, 3256, 1653, 474, 2916, 2353, 349, 1407, 2841]"
768,"[2393, 1791, 2723, 1792, 1876, 2702, 3053, 1779, 2976, 2719, 2827, 2153, 1837, 2336]"
769,"[1945, 1086, 1198, 1276, 2186, 111, 2944, 2300, 1674, 1278, 940, 541, 1080, 1208]"
770,"[1228, 2687, 1208, 3360, 3095, 1012, 3508, 1957, 2795, 2078, 1639, 1947, 1032, 553]"
771,"[0, 0, 0, 0, 0, 260, 2313, 1193, 1206, 1284, 908, 951, 1259, 1269]"
772,"[788, 1653, 3697, 480, 1356, 1372, 1527, 1396, 1573, 1748, 2571, 1917, 198, 32]"
773,"[2599, 2959, 2580, 3623, 3300, 2394, 2724, 2762, 2841, 3793, 2714, 3554, 589, 1274]"
774,"[1732, 2268, 1396, 2278, 2329, 1704, 480, 1356, 3175, 1573, 1580, 1527, 151, 2959]"
775,"[0, 0, 0, 0, 2713, 3174, 2028, 2858, 1704, 364, 1923, 529, 344, 3408]"
776,"[2136, 1307, 440, 3873, 1197, 367, 1042, 2150, 691, 2664, 260, 1196, 1584, 1240]"
777,"[150, 3916, 3510, 3578, 3753, 2762, 1625, 1608, 1485, 3005, 1198, 1291, 2797, 1961]"
778,"[1213, 2728, 1197, 593, 1394, 3361, 608, 1208, 2858, 1961, 1231, 2248, 1206, 2716]"
779,"[858, 1101, 1193, 2683, 2706, 2355, 3203, 2433, 223, 2688, 2959, 2761, 3219, 24]"
780,"[899, 2565, 3545, 3061, 1947, 3675, 2971, 1035, 1380, 1566, 2746, 963, 1088, 829]"
781,"[2683, 2249, 3146, 63, 88, 2829, 1291, 1196, 1198, 1036, 1200, 1240, 1242, 592]"
782,"[0, 0, 0, 0, 0, 0, 0, 0, 0, 0, 306, 1214, 3911, 3289]"
783,"[2273, 2278, 493, 2167, 2540, 353, 2393, 1769, 2763, 1627, 1377, 1391, 465, 2723]"
784,"[110, 507, 2827, 2188, 2706, 2572, 2710, 2979, 223, 2959, 2761, 2702, 2987, 3753]"
785,"[3623, 648, 1687, 1385, 2002, 1858, 1918, 2880, 1681, 3452, 2322, 288, 9, 2808]"
786,"[1909, 1356, 1376, 1580, 1676, 2640, 610, 1527, 780, 1372, 329, 442, 2117, 2011]"
787,"[293, 2324, 150, 1639, 1393, 866, 628, 3178, 1680, 1682, 3147, 1060, 1799, 524]"
788,"[150, 3108, 1784, 1268, 172, 47, 50, 2615, 2413, 317, 2716, 2791, 1297, 3448]"
789,"[2013, 3753, 2396, 2700, 2762, 3793, 589, 3471, 260, 1196, 2571, 750, 1200, 1210]"
790,"[0, 0, 1270, 2160, 500, 3793, 3753, 3624, 3409, 3300, 3354, 3513, 260, 1196]"
791,"[3259, 1569, 1888, 1017, 1019, 2099, 2470, 1031, 1010, 2087, 1204, 1093, 515, 3712]"
792,"[1274, 750, 260, 1199, 29, 1214, 2571, 1206, 1240, 1270, 32, 1200, 1077, 1210]"
793,"[2565, 1291, 1333, 1923, 3408, 595, 1286, 356, 1035, 3451, 1947, 2857, 2081, 2087]"
794,"[1238, 1307, 1197, 1394, 2918, 1958, 2915, 2797, 2064, 3308, 1395, 3448, 2145, 2518]"
795,"[345, 32, 1682, 1271, 2762, 838, 475, 1643, 7, 3831, 1259, 1234, 803, 2231]"
796,"[1293, 973, 924, 3871, 1208, 1253, 920, 1272, 3198, 953, 3471, 3062, 954, 1938]"
797,"[270, 1835, 377, 587, 1286, 1959, 380, 2316, 3414, 182, 1088, 2297, 2875, 2154]"
798,"[1513, 2724, 3157, 1623, 3548, 914, 2398, 919, 590, 587, 1588, 2657, 3034, 940]"
799,"[832, 343, 1221, 3481, 3160, 3578, 3751, 3624, 3512, 3300, 3509, 3534, 3745, 648]"
800,"[1581, 65, 3435, 2616, 1253, 2010, 2667, 1372, 1301, 2628, 1374, 720, 926, 3548]"
801,"[1693, 2926, 1211, 1466, 3296, 347, 1397, 1956, 922, 260, 290, 750, 919, 899]"
802,"[1263, 2944, 3654, 2890, 155, 3519, 3499, 1387, 1997, 2710, 720, 1282, 1, 3114]"
803,"[457, 3578, 2000, 1240, 110, 1408, 592, 1275, 3703, 3793, 919, 2046, 1580, 2006]"
804,"[1245, 2762, 2891, 3160, 2599, 29, 750, 923, 3897, 1213, 3429, 2804, 608, 1148]"
805,"[597, 2424, 1569, 1721, 11, 1101, 440, 605, 7, 357, 2671, 2244, 252, 339]"
806,"[3653, 3188, 1262, 919, 940, 969, 260, 2366, 1204, 1254, 1196, 1198, 1931, 2970]"
807,"[2858, 1259, 3753, 3793, 524, 480, 3594, 3565, 13, 741, 588, 595, 1688, 2687]"
808,"[480, 3755, 318, 1213, 296, 1248, 913, 1204, 1207, 1, 1361, 111, 1089, 50]"
809,"[1883, 471, 3809, 1517, 2706, 708, 2108, 543, 141, 11, 1777, 3614, 1457, 2606]"
810,"[745, 1136, 1537, 2858, 3114, 2289, 1197, 1267, 1094, 1617, 541, 1252, 3435, 1179]"
811,"[1224, 2997, 912, 1945, 1946, 2028, 916, 1198, 1206, 1259, 2396, 3897, 593, 1617]"
812,"[2574, 3219, 2669, 3753, 2598, 2906, 2670, 2395, 2724, 3081, 2762, 2806, 2672, 3114]"
813,"[1060, 3255, 1580, 11, 597, 1020, 3358, 587, 317, 2671, 1171, 1588, 144, 1895]"
814,"[969, 1210, 590, 1291, 1967, 1127, 480, 1073, 2987, 1275, 3175, 1580, 2406, 2628]"
815,"[3261, 1198, 1994, 2858, 2706, 2997, 2683, 2694, 223, 2541, 2605, 2712, 2959, 2716]"
816,"[1301, 2529, 3175, 329, 1375, 2046, 2528, 2393, 674, 2105, 1371, 780, 1924, 1283]"
817,"[296, 2580, 2268, 1466, 1500, 1729, 2231, 999, 293, 1061, 1620, 1645, 2112, 2605]"
818,"[50, 1089, 2278, 2391, 1732, 1645, 1805, 1625, 1909, 1892, 517, 3262, 2844, 1459]"
819,"[1610, 457, 1912, 2353, 1722, 10, 3107, 380, 494, 2167, 2880, 780, 1687, 1147]"
820,"[442, 480, 1372, 1573, 198, 2232, 1676, 788, 2672, 1037, 2722, 1917, 172, 2681]"
821,"[0, 0, 0, 0, 0, 0, 0, 0, 0, 0, 0, 0, 0, 2524]"
822,"[3948, 2136, 2470, 2779, 2375, 3751, 3794, 2966, 486, 1225, 1198, 1732, 2137, 2394]"
823,"[3104, 3424, 235, 2359, 2915, 1617, 608, 1213, 1089, 3783, 2580, 1179, 2391, 1732]"
824,"[1247, 246, 1196, 1244, 1276, 1234, 969, 2020, 1387, 1953, 745, 2804, 2300, 1147]"
825,"[904, 910, 899, 951, 1256, 2186, 903, 1230, 1219, 905, 3095, 1952, 965, 527]"
826,"[0, 0, 0, 0, 3083, 2434, 3359, 3920, 581, 1147, 2064, 246, 2859, 549]"
827,"[0, 0, 0, 0, 1302, 912, 2313, 2455, 111, 593, 923, 858, 1206, 1221]"
828,"[3784, 1416, 3146, 1777, 3173, 2504, 1895, 1059, 1639, 1680, 356, 2006, 1457, 339]"
829,"[920, 3475, 3897, 593, 2303, 318, 2028, 1387, 1095, 3347, 969, 1235, 2064, 3068]"
830,"[841, 3727, 1219, 1261, 1278, 1333, 2747, 2159, 1387, 799, 3676, 2118, 1997, 1407]"
831,"[1617, 2692, 608, 1213, 1089, 1179, 866, 2391, 2952, 2268, 1732, 47, 2231, 1729]"
832,"[3618, 3129, 3174, 2567, 2407, 1701, 1884, 2518, 3524, 410, 2879, 597, 3399, 368]"
833,"[0, 0, 0, 0, 1271, 3798, 1882, 318, 2028, 1193, 527, 593, 1035, 266]"
834,"[1393, 39, 2406, 2100, 1339, 1721, 1722, 2243, 2262, 3699, 380, 1286, 3528, 509]"
835,"[0, 0, 0, 0, 0, 0, 0, 0, 0, 0, 0, 0, 0, 1617]"
836,"[0, 586, 3408, 3893, 3536, 3911, 3798, 3301, 3273, 2657, 595, 2300, 588, 2081]"
837,"[1252, 913, 2186, 1387, 858, 1221, 1233, 1304, 1036, 2028, 2944, 2948, 3654, 3418]"
838,"[1376, 316, 3934, 1876, 3327, 2538, 162, 2813, 3007, 2824, 2859, 2677, 1123, 3653]"
839,"[2766, 3911, 2323, 2390, 2542, 3659, 1186, 3827, 3744, 741, 1097, 2287, 1472, 2357]"
840,"[3812, 1380, 1007, 1011, 2040, 974, 3831, 368, 2054, 2420, 3255, 356, 3253, 1955]"
841,"[0, 0, 0, 0, 0, 0, 0, 0, 1193, 2391, 1103, 144, 3751, 3624]"
842,"[2028, 2858, 2997, 2683, 223, 2908, 3408, 2336, 2599, 2959, 2580, 3578, 1959, 2013]"
843,"[908, 2858, 1193, 1231, 1673, 1358, 150, 111, 1099, 1704, 1263, 25, 1090, 1954]"
844,"[3405, 1912, 3911, 3893, 2333, 3568, 1617, 904, 908, 50, 474, 2762, 1610, 1097]"
845,"[2324, 161, 25, 457, 555, 595, 2599, 16, 508, 2890, 3100, 2336, 17, 3418]"
846,"[1343, 356, 2706, 165, 1207, 162, 2640, 2248, 3095, 1225, 2019, 1253, 1299, 1136]"
847,"[1079, 3072, 1197, 1392, 1285, 2324, 2174, 2716, 1265, 2395, 235, 1968, 2359, 2144]"
848,"[2028, 1704, 589, 3006, 1912, 2571, 3819, 1225, 1198, 541, 2020, 1224, 1394, 1197]"
849,"[1269, 3928, 3712, 39, 3948, 3178, 2572, 1257, 3087, 2003, 450, 3070, 543, 663]"
850,"[2789, 3430, 288, 157, 1329, 3786, 3754, 3272, 3822, 2389, 3355, 3924, 1976, 166]"
851,"[24, 2916, 76, 780, 3698, 788, 3660, 2232, 1917, 504, 173, 589, 2858, 1259]"
852,"[1259, 1288, 3108, 1080, 588, 3361, 3210, 3039, 2700, 357, 2918, 3552, 1060, 2108]"
853,"[1676, 2133, 2405, 2054, 1371, 3698, 2135, 1373, 1917, 153, 2421, 2471, 1377, 761]"
854,"[1036, 3505, 2917, 1994, 1240, 3101, 2263, 318, 527, 1704, 1213, 2908, 1354, 1635]"
855,"[57, 1717, 2794, 3273, 1629, 1836, 1056, 2080, 898, 803, 3261, 11, 2145, 2581]"
856,"[3952, 1284, 908, 2858, 1673, 2966, 110, 2791, 1466, 3456, 3357, 3915, 1916, 296]"
857,"[1288, 930, 2186, 916, 1235, 678, 923, 3095, 3089, 1247, 1952, 1278, 1333, 903]"
858,"[3300, 2533, 24, 858, 1248, 1617, 608, 1213, 1084, 2580, 2912, 1201, 3508, 919]"
859,"[1327, 2792, 1970, 1976, 1977, 1986, 3512, 3578, 3173, 1345, 1350, 1387, 1982, 1997]"
860,"[0, 2404, 2617, 1198, 3908, 328, 1261, 1623, 3826, 2113, 1219, 1997, 1258, 3018]"
861,"[3524, 2003, 2133, 2378, 2796, 2478, 2372, 2374, 2794, 1265, 3114, 2997, 34, 2371]"
862,"[1446, 247, 1136, 2064, 296, 50, 3794, 3783, 3408, 3289, 3859, 3571, 3535, 3556]"
863,"[1200, 2947, 3266, 1197, 3104, 3576, 1210, 589, 1291, 2000, 1215, 1261, 2406, 480]"
864,"[335, 1086, 3251, 3476, 3176, 492, 1892, 1415, 296, 1225, 1938, 1176, 912, 2912]"
865,"[1198, 1667, 1196, 2571, 1610, 1374, 2947, 1233, 3000, 474, 3307, 2300, 1234, 1]"
866,"[0, 0, 0, 1196, 3745, 3793, 3624, 3623, 3821, 3785, 2997, 3147, 3114, 588]"
867,"[2858, 3201, 1196, 3198, 1921, 509, 1298, 2145, 2096, 3073, 1678, 3949, 908, 3751]"
868,"[2459, 2867, 2554, 2461, 1355, 1985, 1992, 2454, 2003, 742, 2617, 2328, 2787, 3081]"
869,"[1918, 3388, 719, 2498, 410, 466, 784, 3258, 267, 435, 486, 2374, 2552, 1014]"
870,"[1193, 1270, 1961, 2504, 2791, 1225, 2858, 3421, 3524, 1784, 1517, 2683, 346, 94]"
871,"[2694, 2770, 2355, 2881, 1911, 2428, 2605, 2882, 3174, 2581, 2490, 2574, 3273, 3081]"
872,"[2384, 720, 1148, 2700, 2997, 3566, 648, 3911, 1197, 1449, 2985, 2161, 1221, 930]"
873,"[1955, 3152, 1960, 1204, 2324, 3188, 265, 3037, 800, 3461, 2934, 3814, 1294, 272]"
874,"[0, 2453, 260, 2527, 969, 1176, 858, 904, 1212, 2208, 1269, 903, 942, 950]"
875,"[904, 2125, 720, 3751, 1923, 1704, 1748, 1393, 457, 2571, 1345, 1784, 2395, 3408]"
876,"[608, 3147, 47, 741, 1653, 1396, 3175, 1584, 32, 1573, 198, 1748, 3044, 2686]"
877,"[1625, 3505, 3527, 1674, 47, 3203, 3763, 474, 373, 3555, 3256, 3623, 2353, 2232]"
878,"[32, 1215, 480, 1748, 1909, 2699, 671, 1573, 1921, 198, 2046, 748, 24, 1676]"
879,"[912, 1304, 2997, 2502, 2581, 2013, 1513, 2724, 3384, 905, 898, 3929, 1244, 2208]"
880,"[247, 367, 1920, 3114, 2355, 3159, 2700, 2761, 1, 913, 3435, 3546, 927, 2639]"
881,"[1136, 3114, 3088, 3504, 1230, 1394, 909, 910, 1276, 513, 1269, 1294, 1197, 1968]"
882,"[2116, 1527, 1573, 1909, 480, 2046, 2600, 1676, 1391, 198, 2232, 1603, 2628, 748]"
883,"[111, 3088, 1208, 3916, 3952, 3897, 3911, 3624, 3623, 589, 1171, 3155, 2160, 110]"
884,"[799, 1345, 3081, 1982, 724, 2367, 2279, 2026, 1644, 1221, 3408, 3300, 1997, 858]"
885,"[2046, 256, 2393, 3802, 435, 2053, 1270, 2117, 1196, 1199, 1374, 541, 1097, 610]"
886,"[3788, 3910, 3911, 3952, 3915, 3795, 3241, 3746, 3783, 3787, 3328, 3751, 3598, 3317]"
887,"[2390, 182, 515, 2359, 6, 1042, 2583, 2321, 2124, 1449, 3809, 2125, 1672, 750]"
888,"[1784, 141, 875, 2883, 356, 110, 589, 480, 377, 1573, 1429, 2273, 1552, 316]"
889,"[281, 978, 230, 1012, 2114, 2729, 599, 1283, 2951, 714, 553, 996, 2922, 1407]"
890,"[231, 3263, 1456, 1457, 1866, 95, 586, 2710, 1479, 2429, 158, 31, 1320, 1468]"
891,"[1283, 1266, 3365, 3671, 800, 2583, 3386, 492, 1092, 648, 3262, 2890, 151, 41]"
892,"[1270, 260, 1196, 1214, 1240, 3471, 1097, 2662, 2640, 3527, 3927, 2080, 356, 3451]"
893,"[3783, 50, 1617, 296, 608, 1089, 866, 1729, 2542, 293, 112, 170, 3911, 3859]"
894,"[1288, 2804, 1259, 1674, 1222, 3424, 1960, 1097, 2194, 1198, 1394, 3361, 1270, 1291]"
895,"[357, 3060, 3446, 2359, 497, 342, 2997, 671, 1641, 1883, 1784, 3712, 838, 3052]"
896,"[2762, 2961, 2806, 3176, 3798, 3948, 3882, 3893, 3536, 3624, 3555, 3617, 3515, 3301]"
897,"[1222, 1090, 1047, 1258, 1036, 2671, 3408, 3114, 2959, 3100, 3793, 1293, 1955, 1240]"
898,"[1968, 1694, 1573, 2918, 1250, 908, 3510, 3512, 3793, 3555, 648, 3155, 527, 928]"
899,"[2268, 497, 3148, 337, 475, 2908, 1721, 1673, 3100, 62, 3252, 3160, 1610, 1678]"
900,"[0, 0, 0, 0, 0, 0, 1193, 2732, 1186, 3470, 2858, 2997, 2908, 2336]"
901,"[0, 2870, 1307, 2531, 3897, 3916, 3948, 2858, 1259, 3675, 2791, 2454, 1580, 3624]"
902,"[480, 1694, 1221, 2706, 2710, 3203, 2722, 3543, 2757, 2761, 913, 968, 3606, 2669]"
903,"[3386, 1964, 2206, 2749, 2475, 2707, 3298, 2433, 2976, 3543, 3408, 2861, 3578, 913]"
904,"[2313, 3505, 2917, 3101, 3203, 2419, 3102, 1625, 1089, 2058, 1645, 373, 1092, 3219]"
905,"[1095, 3006, 1897, 2890, 110, 45, 1094, 1719, 232, 1704, 529, 1673, 2336, 293]"
906,"[0, 0, 0, 0, 0, 0, 0, 0, 1210, 1895, 3702, 2028, 2571, 1270]"
907,"[1196, 1617, 1210, 593, 858, 3467, 260, 1193, 1221, 994, 1267, 898, 1204, 1250]"
908,"[0, 920, 1589, 1573, 1580, 1748, 1219, 593, 608, 50, 3147, 2762, 1673, 1214]"
909,"[908, 2858, 3929, 1249, 3947, 2160, 2291, 3481, 3160, 2791, 2948, 3793, 1466, 1673]"
910,"[1207, 1949, 1204, 3296, 3634, 1276, 3668, 2728, 1084, 3873, 1947, 914, 1017, 3168]"
911,"[1641, 3685, 3668, 491, 1923, 2401, 2090, 1012, 1101, 2763, 708, 3101, 1485, 2424]"
912,"[2243, 3317, 2352, 2797, 1732, 1207, 2997, 1292, 1673, 3160, 125, 608, 3362, 492]"
913,"[1374, 1376, 2985, 2641, 3527, 2987, 2137, 3438, 589, 2410, 1954, 3255, 3396, 2716]"
914,"[924, 950, 1269, 903, 1086, 2686, 906, 3461, 2324, 1267, 1280, 920, 260, 2858]"
915,"[0, 0, 356, 480, 110, 1259, 2791, 589, 524, 266, 648, 1544, 527, 593]"
916,"[1240, 1288, 1307, 2716, 1299, 1200, 1090, 1259, 3098, 2000, 3526, 1961, 2918, 2352]"
917,"[3359, 480, 3753, 3173, 260, 527, 3030, 318, 593, 912, 858, 1225, 1276, 2028]"
918,"[2268, 2501, 1027, 11, 26, 491, 350, 1, 3157, 2355, 3255, 2384, 440, 1020]"
919,"[2150, 3039, 2463, 3868, 2144, 2797, 2301, 1135, 2133, 2736, 3624, 3481, 3578, 3538]"
920,"[1923, 175, 2571, 2542, 296, 780, 2028, 1784, 1476, 47, 733, 10, 2167, 349]"
921,"[3072, 3448, 1960, 3210, 1275, 3527, 1298, 2872, 1347, 610, 2739, 2011, 2470, 2420]"
922,"[2959, 2727, 3081, 2770, 3793, 592, 2728, 955, 858, 1221, 3897, 597, 3318, 1927]"
923,"[2858, 1392, 1734, 2395, 1641, 39, 1188, 1060, 1885, 231, 1517, 2359, 3261, 492]"
924,"[1307, 1230, 1244, 1247, 2067, 2248, 920, 1674, 902, 265, 899, 2570, 356, 425]"
925,"[595, 586, 1588, 1207, 3, 3450, 3753, 1286, 3510, 2135, 920, 1947, 3668, 1307]"
926,"[1513, 2724, 2762, 3081, 2806, 3157, 2907, 2987, 2701, 899, 1947, 588, 2081, 73]"
927,"[2706, 3614, 539, 1517, 543, 2860, 2683, 520, 3753, 2692, 1912, 377, 3261, 1821]"
928,"[3072, 3160, 52, 3100, 2915, 1466, 474, 2243, 3317, 921, 3685, 348, 1885, 1916]"
929,"[2111, 2100, 3591, 2247, 1485, 3450, 1777, 2001, 3052, 3255, 3087, 2072, 3253, 1405]"
930,"[1179, 1783, 1089, 293, 1500, 431, 1620, 1627, 750, 190, 1198, 1910, 1845, 16]"
931,"[920, 936, 17, 2935, 3739, 1296, 928, 2927, 916, 3097, 1674, 1230, 2130, 838]"
932,"[0, 0, 0, 912, 1620, 3863, 2357, 745, 2609, 2677, 527, 593, 246, 296]"
933,"[1610, 277, 2339, 595, 2396, 17, 36, 1, 2106, 529, 2125, 110, 161, 3255]"
934,"[2797, 2100, 2463, 2795, 2406, 2110, 50, 910, 1234, 2391, 1207, 1247, 908, 3089]"
935,"[3135, 3198, 1954, 1955, 3200, 3498, 3167, 3194, 1082, 3420, 1161, 2409, 3430, 2520]"
936,"[3438, 1608, 1552, 736, 1923, 3510, 3753, 3861, 318, 1704, 1393, 150, 47, 1876]"
937,"[1179, 247, 899, 595, 3039, 1380, 2004, 1330, 1270, 1097, 2926, 497, 2300, 1095]"
938,"[708, 2858, 1148, 3868, 1223, 1, 1080, 1923, 1230, 1197, 2248, 2599, 3751, 1285]"
939,"[3608, 3683, 2973, 1258, 1291, 1394, 3090, 1036, 1200, 2076, 1307, 1231, 1674, 3360]"
940,"[1213, 1784, 608, 2580, 1704, 2058, 2762, 3298, 2858, 2706, 2683, 2710, 2976, 2772]"
941,"[0, 0, 0, 0, 0, 0, 0, 0, 0, 0, 0, 0, 0, 0]"
942,"[647, 2333, 111, 2779, 2858, 1617, 3260, 608, 318, 1041, 2324, 1094, 36, 3809]"
943,"[1183, 1672, 1271, 2432, 1619, 1357, 1959, 1441, 3787, 3408, 2340, 2686, 3844, 2762]"
944,"[2959, 2333, 2716, 2580, 3578, 785, 3160, 968, 2013, 2692, 2395, 2762, 3114, 2987]"
945,"[593, 2398, 3148, 590, 2268, 1961, 1247, 1704, 3471, 3408, 608, 2005, 3098, 3360]"
946,"[3159, 1250, 1282, 1035, 110, 2160, 1, 1281, 2396, 1289, 1797, 919, 858, 1221]"
947,"[0, 0, 0, 0, 0, 0, 0, 0, 0, 0, 0, 440, 1794, 2248]"
948,"[914, 2640, 2641, 1371, 1375, 1376, 22, 2729, 2025, 1258, 2939, 590, 996, 210]"
949,"[485, 1391, 736, 3441, 1544, 1254, 1262, 919, 1303, 1931, 1204, 2970, 2987, 1259]"
950,"[0, 0, 0, 0, 2028, 1210, 1270, 593, 589, 2571, 32, 2916, 480, 1527]"
951,"[0, 0, 908, 963, 3255, 3499, 1385, 349, 720, 745, 1148, 3114, 3159, 3751]"
952,"[1245, 265, 123, 150, 1094, 1095, 3246, 334, 1060, 535, 1465, 314, 17, 41]"
953,"[2637, 2638, 3551, 1222, 1090, 3328, 1215, 383, 553, 1283, 3467, 1304, 3871, 1201]"
954,"[337, 1625, 1186, 2795, 412, 1097, 1408, 3160, 1429, 2987, 2690, 497, 2797, 1215]"
955,"[2762, 2819, 2871, 3505, 3461, 319, 373, 1653, 3101, 1683, 3102, 2349, 349, 2346]"
956,"[2300, 899, 1035, 594, 1282, 1947, 1022, 2081, 661, 1029, 551, 1951, 2941, 1081]"
957,"[3461, 1103, 34, 1197, 1912, 1084, 1242, 1258, 1270, 1295, 2391, 1784, 3185, 3827]"
958,"[1189, 1856, 1192, 3047, 1280, 1225, 3201, 912, 3547, 2075, 919, 1208, 1247, 3089]"
959,"[1610, 3256, 1608, 454, 1343, 832, 2353, 350, 1876, 1398, 110, 527, 2028, 780]"
960,"[2542, 2710, 480, 2712, 1748, 2622, 2539, 1580, 2702, 2671, 10, 2273, 356, 468]"
961,"[3408, 3646, 3753, 3916, 3617, 3317, 3861, 3863, 3785, 3623, 3717, 2858, 2706, 2572]"
962,"[1704, 2858, 110, 1797, 1266, 1617, 223, 608, 1358, 3147, 2542, 2762, 1625, 457]"
963,"[1131, 2728, 308, 3147, 2959, 3360, 1682, 1961, 3181, 1466, 2427, 2243, 2194, 3526]"
964,"[2359, 2384, 1641, 223, 2108, 588, 3358, 1449, 1517, 357, 11, 1777, 356, 597]"
965,"[3350, 1193, 858, 3095, 260, 3468, 1204, 593, 111, 3196, 1252, 1219, 904, 912]"
966,"[1245, 2994, 1719, 535, 1873, 475, 645, 1900, 3060, 1834, 337, 1810, 2493, 272]"
967,"[356, 39, 69, 1517, 11, 231, 1777, 3450, 1569, 597, 2671, 1485, 3614, 344]"
968,"[1148, 2396, 1265, 223, 2395, 176, 3052, 235, 2321, 1923, 2108, 3129, 1392, 2318]"
969,"[831, 2692, 296, 2858, 608, 1358, 2396, 318, 2762, 527, 1617, 3246, 3260, 246]"
970,"[3225, 707, 293, 628, 1645, 1805, 1615, 1092, 280, 22, 292, 3686, 1892, 1620]"
971,"[2028, 778, 110, 2396, 3000, 1291, 1275, 592, 1580, 590, 2406, 2057, 2115, 380]"
972,"[0, 2130, 110, 1230, 908, 2858, 1249, 1250, 1259, 1269, 589, 951, 3481, 3160]"
973,"[661, 1693, 2424, 350, 3252, 356, 1643, 40, 1262, 919, 969, 260, 1196, 1259]"
974,"[474, 3702, 3153, 2000, 3159, 3751, 1148, 2396, 3362, 298, 1079, 1174, 2599, 1230]"
975,"[2076, 2467, 1092, 3251, 2311, 2475, 1754, 1783, 1997, 3508, 553, 2827, 3408, 2336]"
976,"[2134, 527, 3916, 3948, 2683, 2706, 3203, 2599, 3543, 2428, 3175, 913, 785, 3219]"
977,"[2346, 2528, 1232, 3032, 2533, 2459, 1350, 1327, 1130, 1347, 3016, 724, 1407, 1645]"
978,"[541, 2858, 2997, 2908, 223, 2976, 1093, 2712, 2318, 3160, 1136, 233, 2716, 3578]"
979,"[1210, 3268, 733, 648, 1, 1265, 1272, 2371, 2372, 1262, 527, 2944, 3827, 2860]"
980,"[1387, 2028, 589, 1291, 2947, 3178, 2571, 2949, 1287, 3062, 457, 3000, 2363, 1580]"
981,"[497, 1923, 1682, 1732, 1220, 3448, 3729, 1701, 1676, 2571, 671, 111, 3114, 1243]"
982,"[3512, 1393, 1721, 2020, 2248, 3479, 1183, 1210, 1674, 1777, 2080, 58, 440, 2100]"
983,"[2143, 1375, 1967, 2405, 2471, 2641, 2735, 2050, 2642, 1373, 2643, 1270, 1374, 3527]"
984,"[236, 719, 1199, 1374, 3703, 541, 1408, 1263, 3104, 3360, 1293, 2988, 2420, 2745]"
985,"[1130, 1625, 3386, 1805, 2467, 1732, 1909, 1645, 3176, 1589, 1754, 1092, 3476, 648]"
986,"[0, 0, 0, 0, 0, 0, 1320, 199, 2028, 3676, 3951, 3948, 3949, 3932]"
987,"[3244, 261, 1363, 342, 125, 2020, 1484, 2693, 2858, 1542, 969, 1247, 1300, 1584]"
988,"[1221, 1952, 1084, 1247, 593, 2858, 296, 608, 2028, 2396, 3100, 1358, 2762, 1265]"
989,"[3675, 1252, 1260, 3435, 2066, 942, 2940, 903, 904, 913, 950, 3730, 1212, 2664]"
990,"[345, 1923, 1500, 441, 1127, 2683, 2710, 2433, 3175, 1517, 11, 1265, 440, 322]"
991,"[3094, 3044, 1094, 1296, 911, 1286, 914, 931, 1210, 1307, 1393, 902, 3144, 3244]"
992,"[0, 0, 0, 593, 3255, 539, 3160, 3515, 1203, 932, 345, 969, 3083, 3007]"
993,"[3784, 1265, 500, 3597, 3386, 3275, 3909, 3742, 1209, 1221, 858, 1196, 3310, 2502]"
994,"[1304, 1387, 1912, 3000, 1205, 1291, 457, 861, 1240, 589, 1210, 3793, 2194, 2278]"
995,"[497, 39, 377, 902, 357, 1094, 1680, 2125, 3225, 11, 3536, 539, 543, 215]"
996,"[1673, 1060, 1095, 300, 1639, 2291, 1682, 3793, 1912, 2167, 1954, 2993, 2273, 759]"
997,"[593, 318, 1, 589, 2571, 1265, 150, 1784, 34, 441, 3147, 356, 3253, 1721]"
998,"[342, 2671, 364, 272, 281, 475, 377, 2571, 1271, 3247, 269, 2391, 1794, 2071]"
999,"[3791, 225, 481, 1589, 3176, 354, 524, 280, 266, 2975, 1442, 1027, 358, 2431]"
1000,"[3114, 2355, 1023, 595, 2080, 2687, 2700, 3751, 2987, 588, 596, 2085, 2087, 318]"
1001,"[2062, 2310, 2058, 2272, 2545, 2297, 1909, 1573, 1669, 1683, 1483, 1545, 1282, 3514]"
1002,"[1729, 1120, 21, 3148, 590, 1476, 1693, 3188, 1225, 1231, 2064, 1307, 3424, 3072]"
1003,"[1210, 260, 1196, 527, 1225, 593, 246, 858, 2858, 1221, 1193, 318, 923, 3421]"
1004,"[3178, 1010, 2012, 1083, 3398, 2110, 1911, 1367, 317, 2861, 413, 2792, 2375, 2060]"
1005,"[1610, 1197, 1912, 3763, 474, 1374, 1210, 246, 2859, 3680, 3679, 2064, 1289, 3897]"
1006,"[0, 858, 1204, 1617, 1198, 3798, 3510, 3355, 3793, 3578, 260, 180, 3052, 1206]"
1007,"[3671, 3760, 1125, 2657, 1270, 2716, 2791, 3608, 3552, 2371, 1965, 2518, 2011, 2054]"
1008,"[2300, 2863, 3361, 1136, 1394, 909, 1307, 2918, 1080, 3424, 1, 3868, 3363, 2791]"
1009,"[3594, 3751, 3831, 3189, 3536, 1609, 2262, 410, 2124, 969, 1214, 3083, 1200, 2858]"
1010,"[1953, 3751, 2329, 2966, 3952, 3148, 1304, 1954, 2528, 3384, 1371, 2611, 3949, 3897]"
1011,"[3916, 3578, 3298, 50, 2959, 858, 912, 1079, 11, 260, 2872, 2174, 2797, 1073]"
1012,"[73, 1674, 1307, 2020, 1101, 2100, 1959, 1088, 2406, 2942, 1224, 1225, 1090, 1242]"
1013,"[1188, 2174, 2390, 1307, 1073, 2599, 3255, 1663, 915, 1968, 39, 2797, 2081, 3088]"
1014,"[2150, 2151, 1212, 1262, 969, 1198, 1204, 1196, 1197, 2987, 3175, 2406, 3070, 3755]"
1015,"[3675, 2551, 2181, 2369, 3101, 1305, 2245, 2870, 2145, 3952, 2624, 2594, 3328, 2240]"
1016,"[2628, 2112, 141, 500, 2046, 361, 2622, 1057, 753, 7, 253, 252, 1711, 2829]"
1017,"[1999, 3837, 2517, 512, 1337, 2717, 2121, 2900, 3708, 1329, 3021, 273, 3459, 2149]"
1018,"[1231, 1307, 2915, 3361, 1962, 2918, 2000, 1968, 1246, 1302, 1266, 590, 3671, 3682]"
1019,"[2848, 1351, 382, 3328, 3948, 2692, 3140, 1997, 3467, 3176, 1204, 2932, 3163, 2976]"
1020,"[165, 547, 2858, 1127, 2314, 1232, 3415, 3578, 668, 670, 669, 1237, 1997, 1945]"
1021,"[1252, 923, 2168, 922, 750, 1617, 969, 527, 593, 899, 3629, 2396, 1248, 50]"
1022,"[3408, 866, 454, 3060, 1885, 3148, 41, 1844, 2268, 3512, 3160, 1682, 345, 3255]"
1023,"[924, 940, 969, 1214, 1225, 3363, 900, 3801, 2539, 85, 3421, 1230, 909, 2294]"
1024,"[866, 899, 17, 1244, 1247, 1265, 2396, 1944, 2020, 265, 25, 3684, 1094, 2243]"
1025,"[1210, 2628, 2826, 2858, 2706, 2683, 2694, 223, 2541, 2772, 2605, 2959, 2716, 3717]"
1026,"[541, 1252, 2066, 1267, 1284, 930, 1617, 3897, 3746, 3783, 3855, 3916, 3853, 3317]"
1027,"[3, 318, 527, 1213, 1221, 593, 912, 1300, 1233, 296, 111, 36, 2028, 1193]"
1028,"[2132, 326, 593, 296, 2920, 1228, 1185, 1193, 3363, 1084, 2289, 1949, 36, 1203]"
1029,"[1416, 1031, 1032, 2746, 2083, 1380, 2064, 1211, 3608, 2926, 2797, 2463, 3397, 1297]"
1030,"[1627, 2524, 1918, 3438, 3441, 1676, 1831, 423, 2531, 153, 3257, 1373, 1562, 839]"
1031,"[750, 541, 924, 1584, 1019, 1200, 1206, 2664, 1301, 1077, 1253, 1396, 3175, 2287]"
1032,"[2770, 1580, 356, 2442, 2124, 1527, 2628, 48, 294, 2, 1748, 1252, 913, 2987]"
1033,"[3273, 1196, 1204, 750, 1178, 1200, 1222, 1272, 1090, 1242, 2202, 2944, 1210, 1408]"
1034,"[3792, 1925, 2987, 2054, 2572, 1282, 2059, 1907, 1022, 2081, 3159, 2078, 2687, 2087]"
1035,"[1059, 1466, 1476, 16, 3448, 3510, 2114, 2872, 3753, 3178, 524, 358, 481, 2409]"
1036,"[930, 1193, 1136, 2997, 1294, 296, 1213, 1244, 953, 1080, 1394, 920, 969, 1079]"
1037,"[3952, 3916, 3911, 3915, 3897, 3893, 3751, 3481, 3578, 3408, 3317, 3831, 3852, 3510]"
1038,"[509, 2357, 58, 60, 2871, 1103, 356, 986, 3198, 1061, 1393, 2565, 2611, 1177]"
1039,"[0, 0, 0, 0, 0, 0, 0, 0, 0, 902, 1717, 908, 2710, 3516]"
1040,"[914, 1947, 2993, 2529, 908, 903, 904, 1237, 1103, 3871, 3035, 1283, 912, 923]"
1041,"[3083, 2973, 213, 2068, 930, 3634, 2070, 3019, 1244, 3077, 1446, 3823, 2858, 2997]"
1042,"[0, 0, 0, 0, 0, 0, 0, 0, 0, 2662, 3629, 364, 260, 317]"
1043,"[1282, 2160, 2940, 1269, 951, 1673, 2791, 1466, 2657, 3911, 50, 1213, 1084, 296]"
1044,"[3039, 2918, 3070, 2144, 1967, 3727, 1202, 2065, 1220, 3018, 1127, 2406, 2746, 2301]"
1045,"[3844, 2711, 3512, 3225, 1, 2396, 2891, 3156, 3255, 357, 2572, 39, 500, 597]"
1046,"[0, 0, 0, 1721, 900, 1198, 2951, 3175, 316, 2916, 1580, 2094, 3269, 2628]"
1047,"[3156, 2393, 316, 3697, 2012, 1371, 1690, 1373, 338, 2808, 2450, 172, 2028, 1259]"
1048,"[2396, 162, 2997, 2289, 265, 1912, 1392, 1594, 3260, 246, 2028, 1041, 994, 25]"
1049,"[17, 1584, 1748, 2571, 3175, 1356, 1372, 1921, 1876, 1391, 213, 527, 2858, 866]"
1050,"[3147, 1682, 161, 475, 1268, 627, 1120, 508, 647, 2232, 2762, 47, 553, 3751]"
1051,"[2485, 1057, 2433, 1223, 1729, 3438, 2671, 2318, 2155, 3852, 2166, 3882, 2996, 2689]"
1052,"[36, 945, 969, 2935, 914, 928, 930, 446, 899, 1094, 1247, 1296, 916, 1188]"
1053,"[2167, 2991, 733, 3082, 2353, 1722, 1785, 3029, 3827, 349, 3740, 2115, 1372, 2006]"
1054,"[355, 881, 2431, 239, 747, 867, 2042, 2953, 1453, 374, 575, 1707, 54, 102]"
1055,"[3157, 2762, 2693, 3114, 2987, 945, 1827, 1148, 1259, 1294, 898, 1265, 1172, 1]"
1056,"[1215, 2167, 1991, 70, 2513, 2826, 1974, 1983, 2456, 1975, 2328, 1970, 1977, 1978]"
1057,"[3114, 1022, 3751, 588, 3000, 595, 1282, 2700, 1029, 2987, 2085, 364, 2099, 2687]"
1058,"[2583, 1175, 1293, 1653, 1408, 3831, 3556, 522, 1441, 3861, 1900, 318, 1263, 1272]"
1059,"[3683, 3706, 541, 3499, 1407, 1347, 265, 1247, 1393, 1035, 994, 924, 2871, 2966]"
1060,"[648, 3107, 2167, 1552, 1918, 2617, 165, 95, 736, 434, 3697, 44, 3916, 3617]"
1061,"[2110, 317, 1982, 2987, 596, 3114, 1023, 1, 2355, 2857, 3175, 3088, 168, 3360]"
1062,"[3189, 2738, 539, 2245, 2407, 3129, 2779, 367, 1220, 3614, 1958, 3052, 2469, 2671]"
1063,"[1304, 1201, 2951, 2943, 904, 924, 50, 2762, 3784, 2997, 3793, 2324, 2594, 3175]"
1064,"[2712, 3155, 292, 2271, 3053, 2374, 2297, 1726, 1302, 3316, 2890, 2058, 50, 1617]"
1065,"[11, 1441, 892, 2697, 1542, 2621, 838, 151, 224, 2125, 1777, 708, 468, 339]"
1066,"[1290, 2145, 915, 3614, 377, 2406, 1101, 1183, 1721, 11, 2369, 587, 597, 1409]"
1067,"[1294, 1103, 111, 162, 1136, 1199, 29, 1214, 3471, 3658, 1253, 1748, 3702, 678]"
1068,"[1246, 1397, 2166, 1693, 2875, 2100, 1258, 1407, 1345, 2160, 1331, 938, 1947, 587]"
1069,"[3262, 3272, 3127, 2577, 184, 682, 1054, 1149, 354, 2829, 1600, 2850, 331, 3636]"
1070,"[0, 0, 0, 0, 0, 0, 0, 2053, 2985, 593, 3107, 2916, 2028, 3916]"
1071,"[2469, 1101, 1888, 2633, 1088, 539, 3368, 339, 1286, 468, 2168, 1457, 2941, 2822]"
1072,"[1358, 902, 150, 1240, 3100, 1213, 1956, 36, 1036, 3105, 1094, 2664, 938, 3379]"
1073,"[2433, 3203, 2369, 2541, 1929, 2996, 527, 1207, 3469, 318, 262, 483, 3095, 1945]"
1074,"[3809, 2312, 597, 1099, 1721, 2406, 2860, 3062, 2662, 2759, 1042, 1608, 2763, 2407]"
1075,"[904, 1221, 750, 903, 2186, 2351, 1104, 1252, 3730, 1219, 2677, 1248, 1348, 162]"
1076,"[34, 671, 588, 2355, 3175, 2302, 141, 356, 2860, 587, 1476, 597, 500, 3253]"
1077,"[272, 235, 2664, 2983, 3871, 2529, 509, 34, 1517, 6, 953, 902, 3266, 555]"
1078,"[3079, 1650, 1393, 381, 802, 2609, 412, 506, 454, 1654, 832, 253, 3176, 351]"
1079,"[1277, 3418, 1580, 21, 163, 2763, 589, 1358, 2762, 3267, 319, 373, 1343, 3147]"
1080,"[2948, 3927, 3928, 592, 1377, 36, 3069, 2313, 2651, 2, 2212, 1801, 1949, 1267]"
1081,"[1213, 1094, 1923, 1732, 1673, 151, 2762, 2396, 377, 2997, 2716, 1682, 2858, 3424]"
1082,"[1727, 1214, 1198, 589, 2571, 1240, 1387, 1408, 1291, 3527, 1954, 1129, 3753, 2115]"
1083,"[0, 0, 0, 0, 0, 0, 0, 0, 945, 502, 920, 440, 1198, 2948]"
1084,"[3052, 2706, 3255, 104, 2572, 593, 457, 2571, 2762, 474, 589, 1358, 3256, 3147]"
1085,"[2687, 593, 1617, 608, 474, 3256, 225, 1299, 1225, 1258, 1132, 1231, 858, 2802]"
1086,"[778, 3751, 648, 2791, 1171, 3717, 3328, 3536, 3623, 3317, 3535, 3148, 1358, 1250]"
1087,"[141, 3148, 2993, 1271, 3145, 1298, 362, 1727, 2089, 2144, 105, 40, 1025, 3591]"
1088,"[1148, 1934, 471, 650, 2672, 3654, 3720, 949, 2596, 943, 2019, 3171, 1201, 1120]"
1089,"[1249, 593, 1617, 608, 1358, 2391, 3728, 50, 1089, 6, 457, 2762, 377, 1610]"
1090,"[2028, 608, 1704, 2268, 1393, 1584, 1730, 1221, 1293, 1961, 1287, 912, 1247, 954]"
1091,"[0, 0, 0, 0, 0, 0, 0, 0, 0, 0, 0, 0, 0, 0]"
1092,"[1028, 1035, 2081, 1947, 364, 595, 2096, 1022, 588, 2087, 1380, 1029, 1088, 1032]"
1093,"[1047, 3836, 1291, 3384, 2000, 6, 1287, 1573, 3404, 3763, 2993, 3654, 3578, 2353]"
1094,"[597, 3098, 3448, 1103, 2890, 1022, 539, 3793, 1008, 1200, 1407, 1269, 2671, 783]"
1095,"[527, 920, 3178, 3260, 3194, 105, 3361, 1721, 318, 1302, 1132, 1408, 151, 534]"
1096,"[2617, 743, 785, 2628, 1615, 1527, 648, 494, 2763, 368, 520, 1804, 637, 1876]"
1097,"[3107, 423, 2001, 1101, 3082, 780, 292, 2616, 434, 1479, 368, 3316, 2791, 2268]"
1098,"[3421, 260, 1913, 3396, 2788, 3735, 1193, 1387, 858, 1221, 2819, 3359, 1252, 3470]"
1099,"[1729, 125, 866, 2580, 2108, 2359, 471, 3418, 2427, 1610, 1722, 1372, 1580, 3020]"
1100,"[141, 2657, 3812, 2155, 785, 1648, 2502, 1884, 532, 585, 180, 3727, 3070, 1542]"
1101,"[908, 2959, 3068, 1081, 2403, 2145, 1035, 2928, 851, 1793, 1225, 999, 2301, 515]"
1102,"[0, 0, 0, 0, 0, 0, 0, 0, 0, 0, 0, 2020, 3101, 3063]"
1103,"[17, 987, 215, 509, 1639, 440, 803, 708, 222, 1897, 2570, 3578, 3499, 1219]"
1104,"[36, 1233, 1095, 3006, 2908, 2624, 2289, 1187, 2028, 265, 1834, 300, 2291, 678]"
1105,"[3032, 3578, 3751, 1358, 1834, 3147, 587, 1343, 373, 454, 377, 1892, 1573, 2707]"
1106,"[3, 1971, 1970, 3481, 3160, 3409, 3897, 1196, 1199, 3703, 1200, 541, 1127, 2140]"
1107,"[1614, 3247, 2424, 830, 1353, 468, 1588, 2599, 252, 1265, 2302, 2829, 1476, 1894]"
1108,"[3538, 3929, 1249, 3932, 3481, 2948, 589, 2291, 551, 480, 2160, 3160, 1965, 2455]"
1109,"[3108, 3174, 1059, 3936, 260, 1198, 919, 2987, 590, 1374, 2193, 2054, 1617, 903]"
1110,"[3578, 3160, 2622, 3623, 2502, 3325, 1959, 3753, 2598, 43, 2692, 2396, 314, 3185]"
1111,"[3911, 2085, 1367, 2031, 1019, 2015, 932, 940, 969, 2846, 1592, 1608, 2152, 808]"
1112,"[50, 2447, 903, 2376, 2359, 720, 3253, 1947, 337, 1307, 2987, 1073, 1023, 919]"
1113,"[3629, 1204, 1233, 1250, 3685, 1193, 2726, 1281, 3364, 3000, 3386, 2248, 3134, 1221]"
1114,"[1380, 1801, 2496, 907, 605, 2405, 270, 899, 3536, 1226, 1277, 914, 920, 838]"
1115,"[2021, 2005, 2143, 858, 296, 1193, 1213, 1221, 1196, 527, 1276, 318, 593, 2336]"
1116,"[728, 1066, 574, 1261, 1279, 1288, 2248, 3424, 1172, 3543, 1965, 3925, 3868, 2144]"
1117,"[1614, 1485, 253, 1429, 380, 1573, 2710, 1835, 2826, 1552, 3082, 1183, 2165, 597]"
1118,"[0, 0, 2243, 1198, 3101, 1721, 1214, 1080, 2858, 2160, 1035, 589, 480, 110]"
1119,"[3105, 2609, 2112, 261, 3038, 1678, 3296, 2929, 1124, 2420, 982, 1959, 1958, 1727]"
1120,"[926, 2395, 3556, 2789, 3000, 111, 2398, 534, 3429, 2194, 2890, 1302, 3317, 3624]"
1121,"[1183, 3103, 2570, 534, 1094, 2062, 1639, 105, 509, 266, 1888, 2340, 1249, 3176]"
1122,"[480, 2117, 1077, 2021, 1676, 3863, 1320, 1690, 2311, 1544, 196, 880, 750, 924]"
1123,"[0, 0, 0, 0, 0, 0, 0, 0, 266, 2146, 1947, 3513, 3753, 3409]"
1124,"[3671, 3147, 1748, 69, 3133, 1393, 1274, 2542, 364, 3175, 1060, 2858, 3481, 3578]"
1125,"[1240, 2996, 2294, 356, 1617, 3617, 1513, 597, 3148, 36, 2797, 454, 3361, 1307]"
1126,"[0, 0, 0, 0, 0, 0, 0, 110, 1201, 1721, 1193, 590, 808, 1784]"
1127,"[2410, 1249, 1269, 2858, 589, 110, 1259, 2291, 3160, 3578, 551, 1965, 480, 1035]"
1128,"[1220, 2872, 1967, 1305, 2240, 2474, 2003, 2145, 2150, 2021, 2641, 3844, 3206, 3481]"
1129,"[2248, 1517, 2915, 3836, 2174, 104, 1663, 357, 3361, 2108, 2797, 1220, 3210, 1641]"
1130,"[2797, 2529, 2944, 3062, 1374, 1954, 6, 3527, 2427, 3702, 3745, 590, 3461, 915]"
1131,"[3789, 1270, 1340, 3384, 1208, 2871, 1196, 1594, 25, 1961, 1293, 1161, 1949, 1095]"
1132,"[1831, 24, 1391, 2808, 1779, 1037, 185, 2174, 2193, 2797, 1097, 2100, 2161, 1967]"
1133,"[1089, 2391, 2580, 293, 1084, 555, 1500, 2194, 2000, 592, 3178, 431, 1061, 198]"
1134,"[3168, 1287, 2115, 590, 2641, 10, 2116, 1377, 924, 1206, 2571, 1240, 1077, 3793]"
1135,"[3699, 1375, 3701, 2642, 1372, 198, 780, 3269, 2672, 1573, 2094, 2681, 2549, 1917]"
1136,"[593, 1617, 608, 50, 1358, 2571, 319, 16, 1625, 1343, 161, 2916, 3256, 1805]"
1137,"[151, 1648, 3255, 3055, 1366, 500, 1284, 3252, 2140, 1414, 2245, 357, 2112, 848]"
1138,"[2762, 2443, 39, 2093, 2161, 3793, 3408, 3578, 3755, 3824, 509, 2324, 1639, 778]"
1139,"[1597, 2841, 316, 24, 2252, 802, 587, 1727, 2699, 494, 3512, 3578, 3003, 2858]"
1140,"[3267, 3703, 1200, 1222, 1036, 589, 1127, 2529, 21, 2948, 3578, 2949, 1220, 2194]"
1141,"[1913, 1036, 778, 1947, 2248, 1288, 915, 1249, 261, 1220, 3911, 1641, 3396, 2985]"
1142,"[2011, 592, 1291, 2115, 2622, 2502, 2253, 2329, 3100, 1678, 1193, 2683, 3578, 3179]"
1143,"[1207, 1276, 1204, 3653, 3873, 924, 2863, 914, 1247, 3681, 3168, 2728, 2067, 3507]"
1144,"[0, 0, 0, 0, 0, 0, 300, 2028, 908, 2858, 110, 2791, 1249, 1259]"
1145,"[3504, 1235, 1278, 1913, 1, 2501, 34, 3175, 608, 318, 2997, 1265, 314, 527]"
1146,"[1805, 164, 1748, 866, 3527, 3763, 1653, 1909, 474, 1732, 543, 229, 3505, 353]"
1147,"[3811, 3265, 3424, 1151, 1162, 1196, 2966, 909, 3606, 176, 918, 949, 2288, 968]"
1148,"[2791, 3481, 3671, 223, 1641, 1968, 3363, 2406, 3552, 1194, 2542, 449, 3525, 2797]"
1149,"[2762, 3114, 2987, 260, 1196, 1197, 1275, 1127, 1215, 2916, 2406, 480, 112, 2470]"
1150,"[1362, 1957, 29, 1090, 1949, 1228, 3182, 1929, 599, 954, 971, 2729, 1208, 2398]"
1151,"[2054, 317, 367, 1617, 800, 3386, 3176, 1459, 350, 2683, 1517, 1090, 3448, 260]"
1152,"[1419, 2730, 1380, 1274, 1228, 1199, 2712, 3265, 1573, 1258, 2858, 3159, 2959, 3456]"
1153,"[2694, 2710, 2908, 2369, 2541, 3408, 2336, 2599, 2318, 3578, 3160, 2581, 3273, 1513]"
1154,"[0, 0, 0, 0, 0, 0, 0, 0, 1682, 1032, 3863, 3897, 3948, 3896]"
1155,"[1, 2289, 2599, 1265, 1449, 1641, 441, 2883, 50, 318, 29, 1617, 2762, 246]"
1156,"[357, 1777, 1722, 597, 539, 2671, 270, 1835, 2497, 2108, 2724, 2297, 3269, 266]"
1157,"[0, 0, 908, 2407, 141, 1953, 1968, 353, 1259, 3555, 3450, 480, 1580, 3]"
1158,"[7, 339, 46, 361, 587, 2424, 1393, 708, 1569, 1353, 539, 2724, 3528, 595]"
1159,"[260, 3328, 551, 592, 2858, 3535, 1196, 3703, 1206, 541, 589, 924, 1199, 2571]"
1160,"[3751, 2434, 3408, 2712, 2959, 2716, 3160, 2502, 3300, 3617, 2395, 3081, 2840, 2700]"
1161,"[1213, 923, 3359, 1218, 1256, 3730, 1230, 904, 910, 3067, 1198, 1267, 922, 903]"
1162,"[2130, 2020, 2065, 2081, 1210, 3684, 1959, 3206, 2802, 2762, 454, 1294, 1235, 3200]"
1163,"[736, 2699, 1391, 494, 3740, 2723, 748, 1604, 44, 485, 1552, 3510, 3617, 3301]"
1164,"[1077, 1860, 454, 3862, 2243, 299, 1127, 34, 912, 2020, 1704, 3481, 3006, 3072]"
1165,"[3479, 1197, 3000, 2294, 1527, 2692, 594, 296, 3740, 2746, 1193, 2236, 253, 1183]"
1166,"[0, 0, 0, 0, 0, 1210, 1230, 1249, 1284, 2858, 2791, 3160, 1673, 3481]"
1167,"[58, 590, 597, 3246, 1914, 1682, 1608, 11, 534, 1704, 2336, 1721, 3060, 2881]"
1168,"[3254, 429, 3712, 296, 800, 1358, 1704, 1729, 1050, 1834, 1271, 1885, 1393, 1678]"
1169,"[417, 2657, 585, 1391, 3087, 708, 2518, 1405, 2245, 3614, 818, 3869, 2792, 2659]"
1170,"[2770, 3543, 233, 2336, 2712, 2599, 3510, 2757, 2318, 2333, 2716, 3578, 913, 785]"
1171,"[3863, 3897, 3911, 3915, 3793, 3408, 3624, 3185, 3948, 3317, 3755, 3753, 3745, 3535]"
1172,"[913, 1035, 2080, 2081, 1088, 1380, 3102, 1188, 39, 151, 2108, 497, 2502, 932]"
1173,"[2829, 450, 830, 1191, 1912, 2571, 457, 2334, 2427, 780, 1608, 165, 1416, 2336]"
1174,"[0, 0, 0, 0, 0, 0, 0, 0, 0, 0, 0, 1193, 1283, 1249]"
1175,"[266, 1541, 1569, 2724, 168, 2581, 1835, 222, 276, 74, 2485, 1398, 2558, 46]"
1176,"[110, 3633, 1220, 2991, 2193, 2023, 2989, 329, 2376, 527, 1296, 920, 1225, 3196]"
1177,"[2542, 678, 318, 2028, 593, 3147, 1393, 2501, 150, 296, 1358, 866, 34, 590]"
1178,"[0, 296, 1193, 3475, 1252, 903, 904, 3801, 3044, 1269, 911, 1754, 3251, 2467]"
1179,"[1376, 1429, 3062, 3763, 2406, 2414, 288, 1248, 1252, 1267, 904, 1212, 1260, 593]"
1180,"[2396, 1617, 942, 318, 3545, 3730, 1267, 3362, 3341, 3386, 903, 1193, 1212, 3365]"
1181,"[267, 3773, 2562, 2315, 3355, 3618, 3155, 3129, 3328, 3943, 718, 3125, 190, 3327]"
1182,"[899, 1022, 2081, 900, 1028, 1032, 922, 1254, 1939, 2366, 898, 1927, 1103, 356]"
1183,"[260, 1196, 1214, 541, 3471, 1199, 3932, 1584, 3702, 1077, 2662, 2571, 3576, 2968]"
1184,"[500, 1380, 372, 2622, 2145, 2567, 1911, 3450, 3247, 3534, 3301, 2683, 1569, 450]"
1185,"[2320, 952, 1917, 1784, 2683, 1517, 3105, 2384, 34, 1270, 2416, 3525, 2011, 2012]"
1186,"[929, 930, 1940, 931, 2176, 2202, 2654, 3038, 3359, 1208, 3948, 3932, 1391, 3033]"
1187,"[0, 0, 0, 0, 0, 2087, 1097, 1721, 1704, 2762, 588, 356, 1393, 595]"
1188,"[1221, 1304, 2194, 1242, 1197, 110, 1036, 1210, 1214, 589, 1954, 1240, 1287, 1610]"
1189,"[0, 0, 0, 0, 1198, 2323, 912, 247, 3261, 2248, 417, 39, 2692, 1265]"
1190,"[1210, 1225, 3072, 2858, 1101, 3699, 2100, 2145, 1088, 1959, 2405, 2942, 590, 480]"
1191,"[1296, 920, 928, 247, 446, 2396, 17, 1264, 2067, 2243, 914, 916, 2692, 2130]"
1192,"[412, 534, 1233, 986, 508, 1694, 1148, 590, 246, 3897, 3751, 2501, 1966, 3271]"
1193,"[3253, 2081, 339, 3129, 3740, 539, 1020, 1476, 2423, 1378, 2567, 587, 445, 317]"
1194,"[52, 1907, 3100, 357, 523, 1885, 627, 838, 1006, 1199, 1186, 2243, 1302, 2114]"
1195,"[1644, 2389, 2548, 1387, 1982, 1388, 1258, 1347, 1994, 2097, 1991, 3708, 2121, 1983]"
1196,"[497, 3100, 223, 1097, 914, 150, 265, 3751, 1387, 3671, 1919, 1012, 1028, 3424]"
1197,"[1617, 1193, 1234, 3952, 3916, 3911, 3897, 3893, 1252, 593, 50, 1089, 1249, 1267]"
1198,"[1049, 2273, 648, 3793, 3489, 2683, 1517, 780, 442, 356, 260, 3421, 1136, 3286]"
1199,"[2352, 2081, 3868, 1962, 1302, 3098, 1663, 1957, 2065, 921, 2100, 1246, 3072, 3068]"
1200,"[0, 0, 0, 0, 1249, 3186, 3203, 2541, 1093, 3238, 2712, 3354, 2560, 2686]"
1201,"[3752, 2502, 2490, 2395, 314, 2840, 2700, 2762, 3114, 3745, 3793, 1060, 260, 2140]"
1202,"[1042, 2890, 919, 1845, 2542, 236, 2618, 2966, 1289, 1610, 483, 986, 2858, 1035]"
1203,"[3251, 1275, 3101, 899, 1204, 1283, 1289, 1193, 950, 3503, 916, 1097, 2947, 2797]"
1204,"[110, 2291, 2791, 2455, 480, 1673, 3555, 1965, 70, 3450, 2792, 1969, 1970, 1261]"
1205,"[745, 1148, 2396, 1223, 2997, 1537, 2359, 1641, 2690, 2321, 728, 357, 440, 1542]"
1206,"[2311, 1375, 3033, 2628, 610, 3698, 316, 329, 2393, 3024, 2600, 2672, 3662, 1320]"
1207,"[1303, 1197, 1101, 2950, 1258, 3018, 1321, 2716, 2377, 3016, 3840, 1196, 2804, 1961]"
1208,"[2791, 551, 2291, 3624, 2948, 1261, 1269, 268, 3481, 3535, 3920, 589, 2454, 3289]"
1209,"[2791, 1240, 2918, 3361, 1079, 2968, 2150, 2406, 3142, 2739, 2407, 1101, 3102, 1965]"
1210,"[3175, 1396, 1676, 442, 316, 2094, 260, 1196, 1197, 1198, 2692, 1214, 1240, 1277]"
1211,"[1253, 3471, 2010, 3702, 1965, 1200, 2009, 2529, 2948, 1292, 2248, 3862, 1964, 1282]"
1212,"[1213, 1089, 1179, 866, 2391, 2580, 47, 6, 2268, 1466, 1500, 164, 2112, 1729]"
1213,"[0, 0, 1234, 908, 3418, 3678, 3624, 3512, 1784, 357, 1269, 969, 986, 3360]"
1214,"[0, 0, 0, 0, 0, 924, 3072, 1931, 3751, 3091, 3074, 3671, 3508, 1283]"
1215,"[1676, 2657, 610, 2116, 2528, 2021, 3638, 1391, 2072, 1203, 924, 589, 3703, 1210]"
1216,"[1036, 3578, 2000, 1221, 1240, 1275, 3153, 2571, 2363, 3519, 288, 3020, 1252, 3421]"
1217,"[1221, 1277, 969, 260, 1304, 1198, 1036, 1201, 1240, 1242, 2571, 2951, 3836, 2324]"
1218,"[388, 1747, 1266, 3060, 1276, 1250, 3372, 3143, 838, 2083, 1099, 2858, 3408, 2664]"
1219,"[517, 2881, 2126, 2723, 736, 3257, 996, 1586, 3764, 204, 2322, 1004, 1382, 3481]"
1220,"[2770, 420, 1020, 2478, 2794, 586, 2082, 569, 2805, 1588, 3, 575, 1390, 1837]"
1221,"[3388, 520, 1689, 830, 466, 3846, 2717, 1703, 104, 1911, 2471, 135, 3243, 2082]"
1222,"[1210, 2858, 2997, 1197, 1269, 1136, 608, 904, 908, 50, 2762, 1207, 2804, 223]"
1223,"[1895, 3948, 3863, 3578, 110, 480, 1259, 2291, 1466, 1673, 3450, 648, 522, 70]"
1224,"[1840, 1370, 1589, 1695, 506, 3145, 3107, 3118, 3269, 893, 210, 2996, 2616, 233]"
1225,"[1090, 1193, 45, 527, 151, 2858, 333, 344, 1213, 1183, 296, 858, 1617, 608]"
1226,"[0, 0, 0, 0, 0, 0, 0, 0, 0, 0, 0, 0, 2102, 1193]"
1227,"[342, 475, 2071, 1834, 171, 1354, 3044, 3148, 2108, 508, 3129, 164, 348, 1680]"
1228,"[1573, 2273, 1597, 316, 423, 434, 292, 3082, 1552, 1544, 1100, 3819, 214, 1721]"
1229,"[480, 2599, 3160, 2357, 1280, 527, 309, 50, 2493, 1900, 531, 213, 162, 593]"
1230,"[919, 2139, 3397, 3398, 2005, 364, 2137, 2294, 1967, 1688, 2161, 586, 2, 318]"
1231,"[2959, 953, 1210, 1610, 1333, 356, 1097, 904, 2020, 2294, 2384, 249, 2314, 2355]"
1232,"[3671, 1259, 1278, 915, 2700, 1968, 2352, 1073, 2174, 3088, 345, 2926, 441, 3552]"
1233,"[2858, 3897, 1225, 3007, 2329, 1693, 1321, 3535, 260, 1196, 541, 1097, 3932, 1253]"
1234,"[1127, 1997, 2028, 913, 930, 3435, 1252, 922, 2186, 3897, 3865, 3948, 260, 1196]"
1235,"[1704, 531, 296, 1393, 1183, 3160, 1672, 3148, 2231, 454, 1701, 3186, 1747, 1396]"
1236,"[0, 0, 0, 0, 0, 0, 0, 0, 0, 0, 589, 3868, 3101, 919]"
1237,"[0, 480, 1092, 2795, 3421, 2804, 2918, 1270, 1407, 1645, 253, 2167, 3499, 2409]"
1238,"[3543, 3408, 233, 2336, 2712, 2599, 2757, 2333, 2716, 2761, 913, 3160, 3623, 968]"
1239,"[2762, 356, 590, 1265, 1610, 2324, 2391, 1537, 364, 457, 2997, 1784, 17, 3148]"
1240,"[0, 0, 0, 0, 0, 0, 0, 0, 0, 902, 3452, 1196, 3481, 3882]"
1241,"[2791, 1079, 3868, 2716, 2797, 3608, 2081, 2100, 3087, 2746, 3591, 3033, 1035, 1580]"
1242,"[527, 194, 1035, 781, 3192, 307, 778, 3142, 1295, 1147, 1571, 3223, 3855, 3822]"
1243,"[1266, 1293, 594, 3508, 2916, 1092, 650, 2706, 1221, 1251, 1678, 377, 1729, 2112]"
1244,"[2699, 2023, 3623, 3020, 2457, 2616, 1100, 3188, 3852, 3893, 3328, 3896, 3298, 3744]"
1245,"[541, 1240, 1253, 924, 1199, 3703, 32, 1206, 741, 2288, 2529, 3702, 1210, 1097]"
1246,"[1921, 3300, 3618, 3744, 337, 456, 2609, 3156, 2288, 3701, 1206, 3844, 2804, 1204]"
1247,"[3753, 3624, 3173, 3534, 2202, 912, 1337, 1254, 913, 923, 1284, 2651, 3334, 943]"
1248,"[2427, 1633, 608, 50, 296, 1912, 1179, 2391, 1500, 3104, 1732, 1589, 70, 1805]"
1249,"[0, 0, 1193, 2944, 750, 924, 2660, 1196, 1206, 541, 589, 1270, 1199, 1200]"
1250,"[0, 0, 0, 0, 0, 0, 3072, 481, 3101, 3160, 922, 1179, 3897, 3783]"
1251,"[2683, 2707, 223, 3543, 233, 2712, 2599, 2959, 2318, 2716, 785, 3160, 3174, 3752]"
1252,"[529, 2919, 1643, 1357, 1305, 1090, 215, 3794, 36, 2952, 3949, 3580, 3897, 3408]"
1253,"[2997, 1446, 3083, 2289, 3114, 1537, 2599, 2395, 176, 348, 34, 1, 2108, 1265]"
1254,"[377, 1210, 356, 361, 2469, 266, 1441, 1722, 802, 1088, 2443, 2316, 2062, 1735]"
1255,"[3067, 1136, 3819, 1734, 2599, 3083, 1235, 1080, 927, 1188, 3548, 1278, 1449, 3751]"
1256,"[1248, 1252, 904, 1617, 608, 50, 2208, 908, 928, 3728, 1089, 1249, 924, 678]"
1257,"[3461, 1259, 1198, 2987, 1127, 2916, 1073, 2406, 3175, 10, 2005, 2115, 3479, 592]"
1258,"[2066, 1284, 913, 930, 3435, 1152, 1153, 3334, 1069, 942, 2940, 1068, 1617, 290]"
1259,"[1673, 3928, 3450, 1327, 3173, 3, 3926, 3937, 2454, 3930, 1544, 3923, 1270, 924]"
1260,"[3613, 2100, 2288, 1994, 2240, 2463, 1321, 3480, 1135, 2420, 2474, 2247, 2745, 3501]"
1261,"[2628, 260, 1196, 1210, 2571, 2325, 1250, 589, 2291, 110, 2948, 3923, 2455, 893]"
1262,"[3255, 628, 991, 151, 590, 1196, 1242, 1222, 1263, 1208, 3948, 3481, 3510, 3555]"
1263,"[3298, 2710, 2541, 2605, 3510, 2959, 2580, 3578, 3160, 3623, 2310, 2490, 3753, 2692]"
1264,"[1884, 3145, 246, 1361, 1123, 1310, 162, 3007, 1189, 1649, 2693, 3213, 1012, 1017]"
1265,"[1257, 1246, 2081, 2005, 2114, 3911, 1748, 3863, 2529, 780, 1876, 3471, 2505, 262]"
1266,"[901, 910, 2640, 1365, 2261, 3462, 3396, 3397, 2671, 593, 1982, 1732, 1251, 1944]"
1267,"[2726, 3364, 1227, 3266, 6, 1809, 2764, 1732, 22, 3729, 914, 918, 594, 1028]"
1268,"[223, 924, 965, 2858, 2997, 100, 1276, 2067, 2918, 3932, 2285, 2633, 1303, 3035]"
1269,"[2858, 2997, 2770, 2355, 3543, 1093, 2336, 2599, 2959, 2716, 913, 785, 3160, 3174]"
1270,"[0, 0, 0, 0, 0, 0, 0, 0, 3546, 1233, 3459, 3952, 3897, 3317]"
1271,"[3255, 3755, 1673, 1035, 2791, 110, 1580, 3624, 1278, 1292, 3421, 2788, 1077, 3396]"
1272,"[2987, 750, 924, 541, 1097, 788, 2021, 1924, 2859, 595, 2018, 364, 588, 2761]"
1273,"[1965, 2542, 2750, 342, 410, 1500, 3108, 1923, 2779, 2100, 1794, 1081, 21, 45]"
1274,"[1013, 1951, 1014, 3451, 823, 1217, 1859, 3338, 2633, 2899, 755, 916, 334, 3503]"
1275,"[1247, 750, 924, 260, 1270, 2739, 1262, 527, 1204, 1250, 920, 1242, 1294, 2028]"
1276,"[3613, 3552, 1060, 921, 3836, 3200, 1663, 3035, 3253, 671, 2918, 2797, 440, 1392]"
1277,"[0, 1193, 3535, 3499, 1982, 1997, 1345, 1407, 3081, 253, 2746, 3785, 1717, 2710]"
1278,"[2028, 356, 2427, 2890, 2287, 266, 3753, 2936, 1203, 318, 1247, 541, 2300, 50]"
1279,"[2276, 1396, 2321, 1673, 2302, 778, 1480, 339, 3000, 381, 2340, 3310, 1962, 1079]"
1280,"[2908, 2329, 1, 553, 3147, 2355, 2706, 2683, 2694, 223, 2959, 3623, 3752, 2502]"
1281,"[1678, 477, 1187, 334, 155, 1236, 2268, 1225, 1299, 1956, 3783, 899, 3545, 3910]"
1282,"[0, 0, 0, 0, 0, 2393, 1968, 1721, 1259, 2291, 266, 3424, 3536, 2064]"
1283,"[47, 110, 1035, 595, 539, 168, 1097, 2396, 1721, 3536, 597, 2125, 1393, 910]"
1284,"[555, 3247, 3272, 1589, 521, 1918, 2002, 1804, 2561, 1647, 3510, 3578, 1997, 3793]"
1285,"[3638, 2524, 2530, 3430, 3506, 3732, 2459, 2367, 919, 2648, 920, 1340, 2366, 2633]"
1286,"[2395, 2396, 314, 3176, 2702, 2337, 3745, 2987, 1283, 3030, 3681, 1201, 3037, 3311]"
1287,"[36, 3008, 265, 2571, 2762, 1203, 3510, 3578, 3751, 3793, 3624, 3831, 3512, 3618]"
1288,"[235, 3471, 3260, 272, 154, 1955, 838, 1747, 1176, 242, 3333, 345, 1683, 2745]"
1289,"[919, 260, 480, 1198, 1587, 1210, 1254, 590, 969, 1197, 858, 1957, 1225, 1193]"
1290,"[1513, 2396, 2700, 2762, 3114, 3176, 2987, 3793, 3724, 3160, 2312, 3730, 2791, 3507]"
1291,"[1240, 1946, 1235, 3317, 2352, 1699, 904, 1193, 3359, 1233, 3424, 954, 1259, 594]"
1292,"[1284, 2858, 1259, 3624, 3300, 110, 1673, 1965, 2291, 551, 1580, 3927, 144, 3535]"
1293,"[908, 1358, 1704, 246, 1617, 3481, 3831, 3536, 3317, 3535, 3276, 2997, 1265, 2324]"
1294,"[410, 3809, 1665, 2371, 1042, 2469, 3419, 2496, 2598, 2290, 3129, 3132, 156, 1614]"
1295,"[920, 2858, 1131, 1961, 2928, 1252, 1267, 913, 930, 3435, 1284, 1617, 942, 1152]"
1296,"[2671, 1358, 3105, 590, 1923, 62, 1357, 2706, 357, 539, 2291, 1095, 1682, 500]"
1297,"[1212, 1219, 2762, 3551, 2819, 111, 1953, 1036, 1407, 457, 2571, 1610, 3101, 163]"
1298,"[3809, 1947, 337, 1147, 477, 339, 3263, 2132, 3387, 1582, 1059, 1073, 919, 1674]"
1299,"[3624, 3104, 6, 110, 377, 3740, 2006, 1858, 21, 3578, 2879, 2406, 2115, 507]"
1300,"[3174, 3623, 3752, 968, 2502, 2581, 2692, 1513, 2395, 2396, 2841, 3157, 2700, 3114]"
1301,"[1282, 2087, 3052, 1625, 2294, 3255, 2657, 2194, 3160, 1584, 1029, 1073, 2138, 3101]"
1302,"[1676, 1779, 2672, 442, 880, 2428, 3697, 480, 1580, 2916, 185, 76, 196, 2322]"
1303,"[150, 101, 2959, 2502, 2728, 3107, 3153, 2013, 2905, 1235, 52, 2463, 2111, 1701]"
1304,"[318, 1213, 593, 608, 1234, 2321, 2716, 1257, 2858, 2791, 3451, 1265, 1617, 3386]"
1305,"[3363, 162, 2988, 1193, 527, 3007, 3077, 3880, 2859, 1189, 3182, 549, 1192, 363]"
1306,"[3717, 342, 3783, 555, 3950, 3409, 1352, 81, 24, 2966, 2541, 2160, 2716, 10]"
1307,"[2846, 2382, 534, 1210, 2806, 260, 1962, 589, 908, 2858, 661, 110, 2791, 1249]"
1308,"[1610, 2501, 515, 2890, 3250, 2490, 480, 3175, 1042, 733, 1693, 3897, 3793, 3948]"
1309,"[0, 0, 0, 0, 0, 2006, 1801, 1210, 1863, 2889, 356, 852, 3327, 3555]"
1310,"[0, 0, 0, 1343, 1097, 2248, 2620, 3101, 1704, 1299, 1196, 1293, 1185, 3526]"
1311,"[356, 3062, 3519, 1183, 3753, 608, 858, 1221, 1213, 1729, 2023, 3729, 3744, 2389]"
1312,"[1580, 2455, 3527, 2657, 1527, 2363, 968, 1573, 2640, 1356, 2105, 2021, 3927, 788]"
1313,"[0, 2163, 47, 1221, 2028, 3512, 3555, 2728, 589, 457, 1912, 2571, 1408, 2170]"
1314,"[917, 2806, 586, 261, 3591, 3723, 3397, 3398, 3399, 539, 2699, 1487, 1569, 3157]"
1315,"[247, 3435, 3811, 2788, 1230, 2303, 1041, 1104, 1247, 919, 296, 1213, 3822, 3328]"
1316,"[0, 0, 0, 0, 480, 1617, 3788, 2336, 3543, 913, 2390, 2526, 968, 2686]"
1317,"[1299, 2077, 1956, 1293, 1305, 1961, 1096, 3039, 3098, 1663, 3101, 3036, 2420, 2115]"
1318,"[0, 0, 0, 0, 0, 0, 0, 0, 0, 0, 0, 0, 340, 2356]"
1319,"[0, 0, 0, 0, 0, 0, 0, 0, 415, 2145, 3948, 2000, 3515, 3408]"
1320,"[507, 2023, 2699, 198, 3755, 1252, 904, 908, 924, 1617, 247, 1219, 593, 903]"
1321,"[2416, 1135, 2133, 296, 1089, 608, 1393, 440, 1721, 2391, 1358, 920, 919, 1945]"
1322,"[3408, 3260, 2291, 1960, 2732, 3654, 1187, 412, 1183, 2001, 1962, 3255, 538, 2739]"
1323,"[589, 1171, 2160, 110, 1248, 904, 910, 922, 2186, 903, 3341, 1237, 938, 1103]"
1324,"[3068, 3504, 1214, 1256, 1276, 899, 1231, 909, 1089, 1206, 1240, 1262, 3735, 2871]"
1325,"[2746, 1081, 3675, 1951, 913, 942, 950, 800, 3730, 1204, 527, 1250, 1262, 920]"
1326,"[2997, 2858, 2396, 593, 608, 318, 1704, 2571, 457, 1923, 3267, 2762, 1188, 1641]"
1327,"[1927, 2067, 2662, 3836, 3753, 1676, 266, 466, 516, 2106, 1391, 157, 588, 595]"
1328,"[3623, 3763, 1833, 349, 1608, 3638, 1101, 1385, 3740, 3441, 3697, 2763, 648, 3372]"
1329,"[165, 2002, 1242, 1302, 1674, 2915, 2023, 1784, 1079, 2321, 1407, 2478, 3868, 2194]"
1330,"[3435, 1250, 919, 1617, 1041, 1252, 913, 947, 3670, 1185, 2706, 3534, 1266, 590]"
1331,"[300, 1358, 3737, 1287, 235, 2067, 337, 3147, 2501, 2357, 3386, 1272, 2171, 3360]"
1332,"[0, 0, 0, 1193, 3624, 344, 2804, 1, 1197, 2396, 3114, 2599, 1235, 1288]"
1333,"[1103, 3340, 1147, 1104, 1303, 2863, 1262, 373, 929, 1635, 2762, 2076, 3551, 1258]"
1334,"[3893, 2300, 1278, 3683, 608, 318, 858, 1221, 2858, 1127, 2706, 2997, 2433, 2759]"
1335,"[2013, 1207, 1084, 1247, 3481, 3160, 908, 1269, 2948, 589, 3927, 1580, 2454, 1151]"
1336,"[0, 0, 2028, 720, 1148, 527, 3006, 593, 2396, 162, 2761, 1233, 3114, 1704]"
1337,"[1028, 1029, 34, 2085, 2096, 986, 2355, 3159, 3396, 364, 1017, 2087, 3157, 2059]"
1338,"[1171, 2791, 1035, 1250, 1249, 47, 1997, 1466, 1129, 551, 2707, 3763, 1079, 2333]"
1339,"[3608, 293, 318, 1204, 3811, 1254, 912, 913, 50, 1262, 608, 1250, 919, 1225]"
1340,"[161, 1569, 1092, 587, 2403, 3087, 2710, 361, 953, 3735, 2726, 344, 3250, 3773]"
1341,"[2167, 2710, 1339, 366, 70, 532, 3264, 2713, 2793, 273, 2107, 842, 328, 330]"
1342,"[330, 1610, 110, 2571, 2028, 1233, 6, 457, 480, 1215, 555, 3256, 474, 2916]"
1343,"[1129, 3527, 3702, 2968, 2455, 3699, 2346, 1584, 1748, 1921, 1965, 2407, 480, 2311]"
1344,"[924, 954, 2313, 1084, 260, 1206, 1270, 1214, 1240, 2664, 1580, 1374, 1376, 2087]"
1345,"[1270, 260, 1196, 541, 1097, 589, 2571, 2140, 3703, 1127, 3527, 32, 2396, 2426]"
1346,"[0, 0, 0, 0, 0, 0, 0, 1124, 485, 3948, 2987, 3785, 3858, 3784]"
1347,"[555, 2081, 543, 3668, 1658, 2080, 1777, 539, 2424, 2581, 440, 302, 2978, 2125]"
1348,"[2718, 3159, 2202, 2806, 3551, 3098, 2571, 1580, 908, 1073, 912, 3948, 1012, 1806]"
1349,"[2571, 2944, 2947, 1214, 2194, 2000, 2949, 940, 474, 1370, 3703, 457, 110, 3702]"
1350,"[1356, 1376, 480, 2723, 3555, 2973, 1, 3067, 1079, 1080, 1537, 1288, 1307, 2384]"
1351,"[0, 0, 1197, 2706, 1357, 1961, 1196, 589, 903, 50, 733, 1617, 47, 1036]"
1352,"[3266, 214, 745, 318, 2129, 1542, 2731, 3470, 3538, 1213, 1221, 1872, 2732, 2983]"
1353,"[1148, 3114, 1223, 2987, 2700, 3000, 1274, 2137, 1907, 741, 1405, 2116, 3745, 2804]"
1354,"[724, 3115, 3483, 3354, 2336, 3078, 608, 2268, 3943, 923, 1222, 1285, 1344, 1321]"
1355,"[2396, 1247, 1244, 2067, 915, 920, 928, 914, 936, 969, 293, 17, 1265, 900]"
1356,"[1466, 2329, 481, 1721, 253, 724, 2762, 50, 1089, 47, 1407, 1252, 1034, 1221]"
1357,"[3081, 2454, 2649, 253, 3476, 2782, 2645, 2647, 2747, 3917, 3928, 2633, 1130, 1339]"
1358,"[2167, 1049, 70, 1101, 493, 1916, 1047, 2826, 292, 3519, 1597, 380, 95, 786]"
1359,"[3051, 2683, 2694, 3408, 3578, 3623, 3752, 2581, 3753, 3157, 2762, 2907, 3565, 260]"
1360,"[2348, 3147, 1288, 36, 235, 529, 1704, 2890, 2000, 2291, 3334, 1729, 592, 1682]"
1361,"[3175, 2312, 3148, 1298, 357, 2657, 1097, 1192, 3246, 2028, 1060, 3404, 3408, 342]"
1362,"[2708, 593, 3338, 2019, 1221, 923, 1204, 912, 2812, 1233, 1252, 904, 922, 608]"
1363,"[0, 2283, 2427, 2171, 1260, 3481, 3160, 3618, 3861, 2396, 2997, 1265, 2599, 2759]"
1364,"[2366, 2716, 246, 1361, 1649, 162, 549, 556, 1147, 1189, 363, 2997, 1288, 2804]"
1365,"[1259, 924, 260, 1214, 541, 1253, 3471, 2571, 527, 2028, 1073, 1019, 2628, 788]"
1366,"[858, 2194, 1197, 1036, 2947, 3948, 3930, 1556, 377, 1073, 380, 2107, 1982, 1983]"
1367,"[2836, 368, 785, 1875, 2416, 3247, 663, 3264, 1888, 1923, 3681, 1201, 1266, 2921]"
1368,"[969, 2006, 1230, 3548, 34, 3363, 909, 1394, 1244, 905, 2395, 1079, 2804, 1288]"
1369,"[2155, 164, 1835, 1518, 3064, 3108, 1985, 1190, 2735, 2706, 353, 3733, 2649, 1225]"
1370,"[110, 1248, 2163, 377, 296, 930, 1344, 1748, 1200, 1673, 1220, 1084, 1233, 3527]"
1371,"[2622, 3466, 317, 2, 3438, 3489, 2585, 2624, 527, 318, 36, 1041, 1213, 2028]"
1372,"[3753, 3409, 2028, 2858, 2706, 2770, 3175, 3578, 3273, 2700, 3114, 3826, 589, 480]"
1373,"[1097, 1200, 1214, 541, 1240, 1584, 480, 1077, 2140, 2529, 3703, 1374, 1580, 3700]"
1374,"[3363, 1247, 908, 924, 3468, 1953, 1084, 1276, 1296, 1945, 1250, 1103, 3504, 2609]"
1375,"[2070, 2987, 265, 17, 1265, 1188, 357, 237, 39, 1357, 3358, 440, 2108, 2125]"
1376,"[3386, 36, 2975, 3418, 1699, 2324, 1784, 1678, 25, 2291, 3147, 535, 1094, 3246]"
1377,"[2889, 1918, 2861, 186, 552, 1367, 520, 10, 2617, 434, 1610, 3265, 457, 2278]"
1378,"[1244, 1296, 916, 898, 1674, 17, 2927, 2248, 2130, 1944, 903, 942, 950, 800]"
1379,"[0, 0, 0, 0, 0, 0, 2067, 2908, 1968, 1259, 2858, 1035, 2291, 2455]"
1380,"[2625, 1681, 170, 2835, 2987, 1282, 2116, 1205, 1129, 1291, 3114, 1197, 3396, 3300]"
1381,"[1223, 1923, 11, 1060, 231, 440, 441, 69, 912, 2804, 858, 3095, 318, 1221]"
1382,"[2732, 1207, 3872, 3435, 1212, 910, 922, 3134, 1217, 1254, 912, 3095, 1284, 904]"
1383,"[3247, 586, 2793, 1184, 1816, 673, 1588, 1412, 376, 1660, 2391, 3418, 1183, 2183]"
1384,"[0, 0, 0, 0, 0, 0, 0, 1617, 110, 589, 908, 2858, 480, 1580]"
1385,"[0, 0, 0, 0, 0, 0, 0, 0, 1617, 1337, 1954, 527, 1259, 589]"
1386,"[1266, 1294, 1136, 1080, 36, 1278, 3168, 2291, 1259, 1673, 3396, 3296, 3469, 1897]"
1387,"[1188, 898, 2935, 247, 866, 2243, 2130, 1265, 1172, 534, 1674, 2708, 1944, 1946]"
1388,"[47, 474, 2391, 373, 6, 733, 628, 1343, 2916, 1625, 1518, 377, 2353, 3176]"
1389,"[1242, 1348, 1254, 2357, 58, 1641, 300, 2502, 337, 62, 1271, 3105, 3418, 2268]"
1390,"[3897, 2391, 1784, 1498, 648, 2396, 1, 3114, 2763, 1258, 1278, 1333, 1994, 2455]"
1391,"[1196, 1197, 1198, 1291, 919, 1376, 1210, 1127, 2406, 2054, 2405, 1238, 1270, 2716]"
1392,"[1193, 3421, 3471, 3362, 1997, 1234, 1278, 3682, 111, 3735, 1955, 3671, 3152, 1954]"
1393,"[150, 3105, 2329, 514, 3052, 2268, 1393, 1883, 3160, 1396, 272, 293, 364, 1834]"
1394,"[0, 0, 0, 0, 0, 0, 0, 0, 593, 551, 1035, 2791, 480, 3512]"
1395,"[1376, 198, 2011, 3702, 3704, 3070, 2275, 610, 1375, 1391, 1924, 1205, 674, 1690]"
1396,"[3809, 1194, 2301, 2502, 2111, 1701, 260, 2138, 2140, 2143, 2161, 2193, 1967, 2021]"
1397,"[3703, 3702, 1077, 3175, 2571, 32, 1893, 3022, 2019, 1084, 1221, 2858, 858, 1204]"
1398,"[1099, 1259, 908, 2858, 3160, 110, 480, 893, 903, 904, 913, 1617, 1212, 1264]"
1399,"[1729, 1517, 2905, 2186, 1265, 3481, 3189, 3786, 1799, 553, 1297, 2141, 2394, 2846]"
1400,"[16, 21, 529, 1095, 1729, 590, 150, 2858, 36, 246, 2115, 1617, 1393, 2501]"
1401,"[2028, 2357, 1084, 903, 2396, 34, 246, 265, 3006, 971, 290, 2132, 3363, 2289]"
1402,"[1617, 2997, 589, 1923, 457, 2599, 2762, 595, 2291, 34, 3499, 2571, 2959, 110]"
1403,"[2571, 541, 1240, 589, 1214, 1199, 1097, 3793, 2664, 671, 1374, 1653, 3699, 1527]"
1404,"[1285, 1916, 2245, 2671, 1875, 708, 1425, 252, 3076, 2598, 2418, 984, 2387, 3524]"
1405,"[1247, 1278, 2160, 1219, 1387, 1333, 1350, 1136, 1230, 1234, 1276, 3035, 1244, 2997]"
1406,"[0, 0, 0, 0, 0, 2023, 1198, 3752, 318, 527, 1213, 593, 1704, 2858]"
1407,"[590, 3897, 3903, 3910, 3949, 3783, 3481, 3751, 3408, 3854, 3317, 3510, 3578, 3515]"
1408,"[2699, 1608, 2167, 303, 2617, 1876, 198, 70, 466, 204, 1391, 434, 3020, 1258]"
1409,"[2000, 1080, 2700, 2797, 1883, 3108, 1060, 3481, 3868, 2571, 2968, 3793, 3175, 1748]"
1410,"[3841, 1733, 1274, 1608, 808, 1032, 1214, 1690, 631, 1320, 2123, 3701, 1200, 1927]"
1411,"[2333, 2580, 3578, 2690, 913, 3160, 2390, 2622, 968, 2598, 2692, 2395, 2396, 2700]"
1412,"[0, 0, 0, 0, 0, 0, 0, 0, 3176, 1252, 2916, 2762, 592, 858]"
1413,"[1374, 1518, 2360, 3183, 3822, 1228, 1211, 2248, 1394, 2704, 1204, 1247, 2594, 680]"
1414,"[2278, 329, 2006, 3082, 2273, 494, 316, 198, 780, 2490, 1552, 376, 786, 2617]"
1415,"[2987, 1356, 2193, 3168, 112, 736, 1894, 1015, 3555, 858, 3037, 912, 971, 3624]"
1416,"[0, 0, 0, 0, 0, 0, 0, 1653, 1193, 118, 2858, 1127, 2706, 2997]"
1417,"[0, 0, 0, 0, 2269, 945, 1621, 457, 2398, 1210, 1247, 3897, 3916, 3911]"
1418,"[2006, 2617, 377, 1608, 2273, 1370, 1792, 380, 95, 479, 3107, 145, 292, 2409]"
1419,"[0, 0, 0, 0, 0, 0, 0, 2446, 1188, 1721, 2858, 1259, 3160, 3481]"
1420,"[1242, 1408, 1275, 592, 3654, 1129, 2194, 1954, 3702, 3740, 2427, 3104, 2406, 2001]"
1421,"[2060, 2231, 593, 2952, 581, 2243, 3893, 2917, 2303, 899, 111, 1207, 3897, 1639]"
1422,"[1960, 1957, 1962, 3347, 2739, 1674, 3498, 2852, 2551, 2842, 1266, 1299, 904, 2176]"
1423,"[583, 3424, 2542, 3481, 3317, 3320, 3751, 3893, 3536, 3556, 3535, 3569, 3302, 3910]"
1424,"[3379, 527, 1407, 799, 3499, 2159, 3081, 1645, 253, 2167, 2710, 1215, 2560, 366]"
1425,"[348, 1416, 3174, 1810, 320, 1454, 529, 1223, 968, 918, 3882, 627, 3146, 296]"
1426,"[1201, 2947, 1954, 2951, 3617, 3384, 3744, 246, 2706, 1220, 599, 1200, 372, 3911]"
1427,"[3114, 2355, 588, 2078, 2139, 2987, 595, 2687, 364, 596, 2080, 2081, 2294, 1566]"
1428,"[1673, 661, 2940, 1171, 1035, 2455, 1129, 2160, 3917, 3927, 268, 480, 3627, 1580]"
1429,"[0, 0, 0, 0, 0, 0, 0, 0, 0, 0, 1198, 3952, 912, 2291]"
1430,"[2174, 1291, 1625, 1034, 1466, 223, 32, 3147, 3328, 1089, 111, 2019, 1199, 2762]"
1431,"[0, 0, 0, 0, 0, 0, 0, 0, 0, 1210, 3072, 2662, 858, 1259]"
1432,"[0, 0, 1193, 1270, 741, 110, 1127, 2997, 2355, 3408, 3175, 2716, 2686, 2692]"
1433,"[474, 1370, 1772, 349, 1372, 552, 1608, 379, 2699, 2549, 1917, 95, 2881, 648]"
1434,"[32, 24, 1603, 1882, 3864, 1919, 691, 3809, 2506, 267, 1485, 2052, 433, 2555]"
1435,"[190, 3303, 2985, 3948, 3911, 3949, 3952, 2858, 2791, 1249, 2291, 589, 1673, 3160]"
1436,"[2013, 3753, 2686, 2598, 43, 2396, 2724, 314, 3081, 2491, 3157, 2762, 2806, 3176]"
1437,"[1084, 3447, 3498, 1961, 3676, 2289, 3210, 589, 3654, 2791, 1203, 1287, 1968, 457]"
1438,"[1270, 1097, 2826, 2858, 1127, 2706, 2997, 2683, 3298, 2694, 2710, 223, 2355, 2976]"
1439,"[3872, 2028, 262, 515, 908, 2858, 3357, 3929, 1252, 2203, 1267, 913, 922, 1617]"
1440,"[1263, 3421, 1080, 1997, 1234, 1953, 2730, 3676, 1194, 2459, 750, 924, 866, 3210]"
1441,"[7, 468, 2567, 1020, 372, 252, 1732, 1614, 785, 2249, 2496, 830, 339, 3247]"
1442,"[2624, 608, 1041, 247, 232, 25, 1046, 2959, 2336, 265, 2360, 3160, 299, 3910]"
1443,"[1617, 1198, 318, 1213, 260, 1199, 750, 2863, 1252, 2997, 3730, 1219, 1912, 1952]"
1444,"[3072, 110, 318, 1210, 3897, 3948, 3952, 3536, 3481, 3793, 3512, 3408, 3624, 3578]"
1445,"[0, 0, 0, 0, 0, 1221, 3910, 2769, 2761, 290, 3702, 3703, 1748, 2959]"
1446,"[1219, 3093, 1945, 3789, 912, 3462, 527, 608, 154, 3741, 919, 3095, 2648, 903]"
1447,"[3940, 2908, 2966, 3556, 3176, 1241, 2427, 266, 933, 2917, 2952, 2391, 37, 904]"
1448,"[3590, 1266, 700, 3510, 1648, 2435, 2310, 2312, 1715, 1651, 117, 3115, 3578, 3182]"
1449,"[2702, 3504, 921, 1194, 962, 1095, 2427, 3741, 2542, 1212, 942, 3730, 2203, 458]"
1450,"[2355, 356, 838, 2384, 2706, 39, 2081, 1958, 1612, 2690, 837, 2879, 2671, 1476]"
1451,"[923, 342, 1997, 1994, 1331, 3360, 26, 1287, 1358, 150, 1957, 2132, 2848, 2069]"
1452,"[0, 0, 0, 0, 2065, 748, 1949, 1252, 1394, 197, 3551, 1961, 371, 3949]"
1453,"[0, 0, 0, 0, 0, 0, 0, 361, 3101, 2423, 1097, 2858, 3179, 2706]"
1454,"[0, 0, 0, 0, 0, 0, 0, 3098, 333, 2997, 2890, 110, 527, 2028]"
1455,"[1277, 866, 1408, 497, 1059, 389, 2943, 1183, 1639, 1554, 509, 1721, 838, 1912]"
1456,"[0, 0, 0, 0, 527, 902, 3481, 3160, 3555, 3753, 3298, 50, 2959, 162]"
1457,"[194, 2109, 16, 2734, 3145, 1414, 3426, 3129, 2427, 3261, 2100, 592, 2706, 597]"
1458,"[596, 2987, 1120, 1194, 588, 2700, 1923, 3949, 551, 2890, 32, 2081, 2529, 924]"
1459,"[0, 0, 0, 0, 2779, 2028, 2858, 2396, 34, 2997, 1265, 2289, 2599, 3060]"
1460,"[0, 0, 0, 0, 0, 0, 0, 1210, 3484, 356, 2337, 2571, 3512, 480]"
1461,"[2455, 1035, 242, 480, 3535, 3936, 2657, 2454, 893, 3926, 1252, 903, 913, 924]"
1462,"[0, 1197, 3448, 1210, 3897, 908, 2858, 3786, 1249, 1259, 589, 1673, 1965, 110]"
1463,"[2671, 339, 587, 3259, 2340, 1835, 2006, 1100, 1569, 2424, 852, 1888, 2297, 2316]"
1464,"[2819, 2174, 1967, 1, 1197, 898, 3361, 1234, 356, 527, 1090, 3836, 3066, 3441]"
1465,"[3628, 1935, 2099, 3643, 3644, 920, 950, 1927, 919, 954, 2648, 1931, 594, 965]"
1466,"[1205, 1586, 2393, 780, 1597, 3441, 517, 1371, 2409, 3438, 3444, 3698, 1917, 3729]"
1467,"[223, 2722, 1093, 3543, 3408, 2599, 3409, 3175, 2580, 785, 141, 3174, 3752, 3623]"
1468,"[858, 1233, 2571, 1036, 1387, 1291, 3265, 1210, 3753, 1954, 1370, 3624, 1127, 3104]"
1469,"[1256, 3629, 1148, 3504, 1230, 910, 951, 2300, 898, 2396, 936, 2804, 3363, 2289]"
1470,"[2670, 442, 1302, 1431, 2353, 788, 3562, 3793, 3623, 3316, 3717, 3578, 3461, 628]"
1471,"[593, 3897, 3624, 3481, 3160, 3747, 3535, 3300, 908, 2858, 1249, 1259, 1673, 2791]"
1472,"[3479, 2100, 1019, 2005, 2015, 919, 3675, 2565, 1083, 588, 595, 1282, 3061, 551]"
1473,"[2524, 1262, 750, 2300, 1204, 1267, 1276, 3653, 2728, 1950, 3468, 1952, 1209, 2944]"
1474,"[1270, 1077, 1240, 1274, 2657, 1200, 2288, 1175, 2455, 3699, 1653, 2640, 2117, 2140]"
1475,"[1357, 2291, 1680, 1683, 25, 534, 1059, 1643, 2108, 555, 471, 2331, 357, 3261]"
1476,"[3034, 2139, 1688, 2940, 1196, 260, 1207, 2858, 50, 1617, 34, 2203, 1208, 2762]"
1477,"[3952, 3936, 3932, 3927, 3928, 3929, 3925, 3911, 3897, 3902, 1252, 1284, 903, 904]"
1478,"[16, 1213, 32, 3386, 1682, 260, 551, 3456, 162, 3404, 1228, 1265, 1094, 2108]"
1479,"[2863, 1230, 912, 928, 899, 1247, 1188, 2919, 58, 1307, 25, 1264, 1183, 2502]"
1480,"[0, 1196, 2712, 260, 356, 3160, 3555, 3150, 3535, 3566, 3173, 3509, 3949, 3897]"
1481,"[1183, 1197, 318, 2762, 1035, 1234, 1240, 1682, 150, 2997, 2020, 3358, 1036, 838]"
1482,"[2699, 3298, 2710, 3408, 2959, 2336, 3510, 2716, 3578, 2390, 2490, 3753, 2692, 2395]"
1483,"[3697, 3441, 1479, 1627, 2189, 1232, 928, 50, 903, 1089, 2542, 3521, 3245, 1279]"
1484,"[229, 3255, 627, 648, 2710, 806, 2112, 144, 1542, 85, 1054, 3020, 367, 2249]"
1485,"[0, 0, 0, 0, 0, 380, 2302, 593, 2762, 608, 1343, 47, 2858, 1784]"
1486,"[2762, 1197, 1485, 589, 1240, 21, 1527, 3793, 1127, 3179, 2355, 2541, 2336, 3175]"
1487,"[0, 0, 0, 356, 905, 1288, 919, 938, 3606, 2300, 945, 2303, 899, 2971]"
1488,"[0, 0, 0, 0, 1198, 1219, 2985, 1218, 608, 1094, 1245, 2019, 593, 2571]"
1489,"[1294, 1635, 529, 2070, 3504, 1256, 1148, 2788, 3608, 3088, 3396, 3035, 3671, 1285]"
1490,"[3107, 2001, 2628, 3827, 165, 3082, 1129, 466, 2763, 2376, 3638, 648, 2405, 3430]"
1491,"[3536, 1380, 3526, 1198, 1214, 1222, 1291, 6, 523, 337, 900, 3396, 3671, 858]"
1492,"[1923, 34, 348, 1449, 223, 3108, 2108, 2321, 1517, 2596, 171, 2502, 1884, 3265]"
1493,"[0, 0, 0, 0, 0, 0, 1210, 593, 1101, 2858, 1, 2324, 3114, 34]"
1494,"[2078, 1298, 588, 346, 364, 1220, 1028, 2099, 2657, 2746, 1394, 260, 3477, 1196]"
1495,"[2599, 29, 32, 34, 1653, 1527, 1748, 1921, 198, 2232, 1391, 2672, 2384, 1967]"
1496,"[1732, 2539, 708, 3450, 2770, 1713, 2325, 719, 750, 924, 1199, 1206, 541, 1570]"
1497,"[2115, 2105, 2363, 2527, 10, 3082, 1101, 1378, 2641, 648, 3274, 3638, 2347, 3020]"
1498,"[3421, 1178, 1797, 2918, 1201, 3469, 1036, 1704, 2791, 2947, 1276, 265, 2401, 592]"
1499,"[3617, 3755, 2997, 1265, 1, 1411, 3114, 2501, 1682, 1704, 586, 1707, 2953, 3831]"
1500,"[3608, 3481, 1449, 1077, 3108, 441, 471, 1965, 2915, 45, 2797, 3210, 543, 3809]"
1501,"[3510, 3821, 3508, 2329, 318, 911, 3871, 3469, 1393, 1090, 899, 2268, 918, 150]"
1502,"[1391, 1713, 1762, 1409, 1588, 3439, 673, 1390, 2253, 413, 135, 1167, 2092, 1465]"
1503,"[2985, 2640, 440, 1923, 2001, 2490, 2671, 2922, 1101, 1302, 508, 164, 1408, 2424]"
1504,"[296, 1200, 1218, 1036, 1261, 3265, 1196, 1197, 2571, 3578, 6, 2916, 733, 1573]"
1505,"[1080, 1288, 1394, 2064, 3521, 1965, 3039, 921, 3072, 2065, 2406, 3526, 1958, 2100]"
1506,"[1197, 1960, 2355, 1270, 2398, 3159, 1954, 1517, 62, 110, 2150, 3253, 3062, 2640]"
1507,"[3814, 2321, 2987, 594, 595, 1282, 2018, 588, 1022, 2080, 2096, 3213, 2857, 1029]"
1508,"[0, 0, 0, 0, 0, 0, 0, 0, 2028, 527, 3081, 529, 1097, 3897]"
1509,"[788, 2393, 173, 1037, 512, 196, 260, 1196, 1097, 2529, 2640, 2116, 2346, 2985]"
1510,"[0, 0, 920, 1094, 1249, 1269, 908, 2858, 1259, 1673, 2455, 3450, 110, 480]"
1511,"[594, 595, 907, 1947, 1028, 1254, 1291, 940, 1303, 1287, 3461, 1374, 2987, 3936]"
1512,"[0, 0, 0, 0, 0, 1517, 3893, 3911, 3865, 908, 2858, 1261, 1673, 3481]"
1513,"[3448, 2670, 356, 2664, 3471, 541, 1253, 1270, 1584, 1077, 2648, 1387, 1333, 1258]"
1514,"[3624, 3317, 3510, 3554, 3851, 589, 1215, 1527, 3175, 1573, 1748, 2916, 2628, 480]"
1515,"[0, 0, 585, 527, 2028, 1968, 2858, 3753, 1259, 2791, 2291, 1673, 1580, 260]"
1516,"[1704, 32, 1682, 364, 441, 2291, 2273, 590, 3253, 562, 2294, 3499, 1268, 1517]"
1517,"[296, 318, 1, 50, 1089, 2700, 2028, 1635, 30, 3006, 1147, 1673, 2908, 2289]"
1518,"[539, 3863, 2363, 29, 2010, 1270, 3471, 1196, 2529, 1584, 1200, 1214, 541, 1097]"
1519,"[1225, 1617, 2186, 246, 1041, 1099, 541, 1206, 1089, 2488, 527, 1288, 2804, 3868]"
1520,"[0, 0, 0, 648, 1197, 858, 1704, 1259, 589, 480, 110, 3510, 266, 3753]"
1521,"[1041, 2858, 608, 593, 36, 1095, 994, 2336, 2357, 1617, 457, 1343, 1625, 16]"
1522,"[1077, 2968, 1127, 2571, 1921, 3070, 3175, 3527, 3700, 2455, 3927, 2173, 1396, 1580]"
1523,"[1214, 1221, 1200, 1233, 2948, 1240, 457, 1036, 1210, 1222, 1953, 2949, 2529, 2872]"
1524,"[480, 1544, 2706, 3461, 180, 903, 2183, 1307, 1393, 3535, 2628, 260, 3752, 2683]"
1525,"[1617, 3435, 3683, 942, 541, 1288, 914, 919, 899, 199, 2971, 595, 1947, 1066]"
1526,"[1957, 1041, 919, 3871, 1247, 2883, 1188, 916, 898, 1230, 920, 2919, 900, 1183]"
1527,"[3421, 1252, 1617, 50, 1206, 2440, 110, 2571, 1952, 2762, 3360, 3683, 1240, 2028]"
1528,"[1387, 1997, 1214, 1219, 1345, 2455, 3476, 1261, 3693, 1994, 1196, 1198, 2028, 1036]"
1529,"[0, 1754, 2403, 733, 480, 303, 349, 86, 1676, 1580, 1049, 1615, 1215, 590]"
1530,"[2424, 1701, 2683, 2012, 333, 339, 3450, 3897, 101, 2273, 2617, 3317, 909, 1441]"
1531,"[0, 2204, 3201, 1210, 1259, 589, 908, 2291, 3929, 1249, 2160, 2948, 551, 2455]"
1532,"[3477, 2706, 2961, 3052, 785, 3263, 205, 2759, 2302, 551, 3174, 367, 2826, 1127]"
1533,"[3354, 2574, 1959, 2669, 2901, 2013, 3753, 2394, 2670, 2396, 2724, 2491, 2840, 2702]"
1534,"[0, 0, 0, 0, 0, 908, 527, 2028, 593, 1203, 3251, 1304, 1957, 150]"
1535,"[3147, 1097, 1278, 1294, 3421, 3363, 3396, 2788, 1077, 1230, 3671, 3504, 3362, 2923]"
1536,"[553, 1196, 1955, 2797, 1073, 1097, 2100, 2054, 788, 1258, 1387, 1219, 1333, 1997]"
1537,"[589, 908, 2858, 2791, 2948, 1673, 3481, 110, 3300, 1580, 3753, 3409, 3512, 524]"
1538,"[342, 1580, 2567, 1875, 550, 1513, 585, 597, 3033, 783, 1682, 1943, 1333, 2716]"
1539,"[1250, 1348, 1997, 1950, 923, 942, 3435, 1069, 1212, 1254, 1284, 912, 913, 3095]"
1540,"[1267, 1284, 922, 1617, 3435, 913, 3334, 1748, 2987, 164, 707, 919, 2300, 2863]"
1541,"[1210, 1876, 2858, 858, 2028, 1196, 1635, 1387, 318, 1617, 1219, 3421, 296, 954]"
1542,"[2605, 2959, 785, 1513, 2485, 2978, 1250, 246, 1225, 50, 3471, 1617, 1203, 608]"
1543,"[1394, 1307, 2289, 514, 34, 3060, 322, 921, 235, 342, 2352, 1968, 3363, 1965]"
1544,"[3159, 2712, 2599, 2688, 2861, 2318, 2333, 2310, 2502, 2394, 2395, 2396, 3081, 2700]"
1545,"[509, 265, 2067, 1927, 1939, 1272, 3342, 1960, 2890, 2662, 3836, 1184, 1209, 2921]"
1546,"[524, 1911, 1670, 180, 3896, 2433, 3317, 1203, 3916, 2763, 3271, 3952, 3831, 858]"
1547,"[1124, 539, 2750, 2918, 3418, 2302, 3176, 1633, 2571, 1258, 911, 1078, 1246, 1580]"
1548,"[2541, 2599, 2336, 2607, 2690, 299, 2013, 2670, 2396, 2762, 3176, 2700, 2721, 2987]"
1549,"[0, 0, 0, 0, 0, 0, 0, 361, 527, 3423, 2804, 1171, 3175, 2858]"
1550,"[1183, 3160, 318, 527, 2028, 1617, 608, 150, 1041, 593, 2858, 1704, 2762, 556]"
1551,"[39, 1193, 2791, 922, 2067, 668, 1097, 2579, 1251, 928, 2420, 1954, 909, 3435]"
1552,"[1186, 2352, 2243, 1124, 2312, 1962, 2313, 2245, 3448, 3699, 1961, 1958, 3684, 2064]"
1553,"[2324, 1307, 3396, 1028, 34, 3114, 1013, 2080, 1073, 1097, 2081, 2085, 364, 2398]"
1554,"[0, 920, 357, 1207, 1267, 1249, 1617, 457, 608, 1358, 1674, 3334, 3551, 3147]"
1555,"[589, 3114, 953, 957, 2571, 3105, 2348, 3210, 296, 1235, 3361, 3198, 2321, 1968]"
1556,"[596, 898, 2268, 1099, 2183, 908, 1228, 3087, 165, 1248, 3599, 3097, 1188, 1610]"
1557,"[1339, 1717, 1258, 2716, 1967, 2116, 2161, 2087, 260, 2174, 2005, 1097, 2100, 2453]"
1558,"[480, 62, 110, 3793, 3863, 3745, 260, 1196, 1198, 1387, 2571, 2028, 589, 1197]"
1559,"[1748, 1179, 541, 1240, 1127, 2985, 3699, 3527, 1965, 3034, 2090, 616, 1073, 1031]"
1560,"[303, 2253, 172, 1801, 3519, 3889, 899, 945, 1265, 1307, 969, 898, 902, 2248]"
1561,"[617, 492, 362, 805, 3194, 3186, 261, 2539, 3943, 1645, 1821, 2012, 2011, 3787]"
1562,"[0, 0, 0, 0, 0, 0, 0, 0, 0, 366, 1704, 1407, 253, 3499]"
1563,"[3745, 2987, 3793, 3897, 3948, 3952, 3863, 1284, 908, 2291, 3481, 2160, 1035, 551]"
1564,"[1580, 2916, 377, 1858, 1385, 2353, 733, 1370, 2273, 1527, 2763, 2023, 1573, 1608]"
1565,"[1057, 471, 2324, 52, 1279, 1569, 2539, 348, 440, 1701, 144, 3108, 1042, 3809]"
1566,"[0, 0, 0, 0, 3555, 1365, 2501, 3510, 3753, 3481, 110, 242, 1673, 1580]"
1567,"[3730, 1208, 1104, 1178, 3091, 1300, 111, 1952, 3019, 3224, 978, 1940, 1203, 1276]"
1568,"[2496, 3243, 239, 2571, 1797, 2762, 1, 1265, 1270, 589, 2858, 1704, 3147, 1219]"
1569,"[1545, 1949, 1090, 920, 615, 1185, 2132, 3735, 1250, 3090, 1358, 1259, 272, 1172]"
1570,"[1252, 903, 904, 913, 1617, 1212, 924, 800, 164, 3386, 2414, 1248, 2203, 1260]"
1571,"[335, 190, 589, 1343, 2762, 1625, 3256, 3147, 110, 1912, 1610, 493, 3178, 1916]"
1572,"[0, 110, 2827, 2683, 3005, 2710, 2908, 2853, 2771, 3203, 3238, 2605, 3408, 2688]"
1573,"[0, 0, 3869, 2028, 2883, 2947, 3893, 3536, 3751, 3948, 3617, 3882, 3785, 3618]"
1574,"[2114, 2150, 367, 3072, 2502, 2054, 1194, 2735, 2040, 1294, 1270, 1079, 2137, 1]"
1575,"[1221, 2366, 1214, 589, 1387, 1953, 1201, 2944, 1242, 3000, 3702, 3703, 2951, 1222]"
1576,"[1057, 1674, 3501, 2424, 1680, 539, 2243, 2080, 252, 1393, 361, 920, 2406, 3259]"
1577,"[1356, 337, 588, 1680, 11, 3819, 1225, 1198, 541, 1293, 1196, 1096, 1240, 1258]"
1578,"[1198, 858, 1214, 2028, 1242, 1197, 1387, 2571, 1200, 1240, 589, 1291, 3310, 1036]"
1579,"[2574, 5, 2082, 1005, 2042, 508, 3949, 3330, 3718, 1278, 2273, 2046, 1247, 916]"
1580,"[0, 1527, 480, 3893, 3897, 3386, 903, 904, 924, 800, 1219, 1982, 1345, 912]"
1581,"[0, 0, 110, 150, 1784, 3578, 2324, 1537, 2355, 357, 2686, 3108, 2396, 2297]"
1582,"[0, 0, 0, 0, 0, 0, 0, 0, 1689, 2125, 520, 1721, 110, 1387]"
1583,"[233, 3115, 3175, 2757, 2959, 2690, 2333, 2390, 3053, 2622, 2734, 3606, 2013, 2686]"
1584,"[2791, 2261, 3868, 2463, 2100, 2150, 2736, 2011, 3033, 2470, 3949, 3363, 955, 1963]"
1585,"[2985, 1291, 1196, 1198, 2987, 2406, 1129, 2470, 2088, 3361, 3543, 1270, 1172, 2918]"
1586,"[2637, 2647, 2648, 1348, 1258, 3499, 1333, 1340, 1350, 1387, 2872, 2100, 2138, 2140]"
1587,"[1345, 2160, 1982, 1321, 1407, 1994, 2118, 2710, 2571, 486, 1022, 62, 1274, 1907]"
1588,"[1294, 910, 3363, 1197, 34, 68, 2924, 2791, 1288, 3671, 3361, 497, 1394, 1259]"
1589,"[1748, 1127, 1356, 3527, 2985, 1259, 908, 2291, 2624, 2858, 2160, 3160, 1035, 2791]"
1590,"[1956, 3586, 1096, 1299, 2919, 1228, 1962, 1238, 2745, 1225, 1185, 1957, 1231, 1240]"
1591,"[1385, 316, 2288, 2117, 1240, 2311, 2668, 1373, 2917, 1036, 1994, 3763, 3102, 2344]"
1592,"[3424, 3526, 1449, 3671, 1958, 3451, 1125, 3361, 3244, 3253, 2502, 1968, 3255, 2000]"
1593,"[1500, 1393, 337, 47, 1517, 356, 2268, 3252, 16, 431, 1883, 2706, 207, 2355]"
1594,"[2395, 34, 2946, 3061, 2243, 933, 3072, 2915, 2064, 1641, 497, 125, 3685, 1171]"
1595,"[3360, 2919, 1097, 2064, 3424, 2000, 2968, 2070, 1296, 3068, 1172, 1185, 2352, 3347]"
1596,"[0, 0, 0, 0, 0, 0, 0, 260, 475, 1210, 527, 2710, 2853, 2541]"
1597,"[1292, 1653, 2579, 1059, 50, 3361, 1729, 3039, 296, 1225, 1270, 2947, 2300, 1097]"
1598,"[1372, 1375, 2901, 3704, 2011, 2407, 2105, 2527, 3701, 2628, 610, 2528, 674, 2311]"
1599,"[3863, 2398, 2554, 1289, 3720, 3243, 3285, 1674, 3901, 3534, 3188, 1685, 2416, 39]"
1600,"[1947, 2018, 3763, 3699, 3074, 900, 1017, 2115, 1356, 1035, 164, 780, 2641, 869]"
1601,"[2699, 288, 442, 507, 376, 3020, 3082, 1627, 2487, 1866, 1100, 1379, 1586, 1918]"
1602,"[318, 2028, 1617, 50, 527, 3083, 296, 2571, 589, 448, 2360, 1704, 1213, 110]"
1603,"[2571, 1704, 265, 2599, 457, 1537, 2686, 1758, 39, 3060, 3481, 3825, 3044, 1625]"
1604,"[535, 1210, 2028, 3893, 3952, 608, 1213, 527, 800, 1673, 2329, 2336, 1704, 32]"
1605,"[2805, 3791, 2263, 3249, 638, 3773, 3510, 3624, 306, 2443, 1185, 190, 2801, 2966]"
1606,"[543, 164, 350, 3219, 280, 454, 494, 832, 89, 2561, 165, 1608, 2803, 587]"
1607,"[2437, 589, 3949, 2919, 2018, 3198, 2929, 555, 1844, 1643, 3104, 3418, 2289, 2300]"
1608,"[0, 2019, 2710, 3516, 223, 233, 3408, 2959, 2716, 2761, 913, 2310, 2734, 2670]"
1609,"[1035, 1947, 594, 1081, 2078, 2941, 1088, 912, 1250, 527, 1256, 969, 2067, 2890]"
1610,"[0, 0, 1214, 1617, 2428, 223, 1968, 3409, 593, 50, 1089, 1625, 589, 1240]"
1611,"[3614, 25, 361, 2034, 3791, 3101, 1259, 595, 594, 596, 1023, 2087, 2096, 2099]"
1612,"[0, 0, 0, 0, 0, 0, 0, 599, 1283, 3030, 1266, 3681, 3365, 590]"
1613,"[2183, 1032, 1019, 932, 1016, 912, 923, 596, 1282, 930, 2018, 953, 2176, 1029]"
1614,"[3926, 3916, 3897, 3893, 1615, 2167, 1215, 3000, 1356, 1580, 2916, 60, 349, 2006]"
1615,"[0, 0, 0, 0, 0, 0, 0, 0, 0, 0, 0, 0, 0, 0]"
1616,"[2567, 1918, 3301, 1541, 2424, 2335, 1711, 2692, 6, 733, 1608, 1429, 474, 2278]"
1617,"[608, 527, 1411, 3105, 150, 1912, 1265, 1358, 1266, 3147, 1704, 3006, 1639, 272]"
1618,"[1193, 1957, 1247, 2028, 2313, 3307, 3811, 3816, 121, 1953, 1293, 1296, 920, 924]"
1619,"[3360, 1193, 1949, 1207, 3789, 912, 923, 3095, 858, 1247, 924, 3871, 2732, 1250]"
1620,"[608, 858, 1213, 296, 1912, 50, 1084, 1089, 2130, 3104, 3334, 1234, 2912, 2952]"
1621,"[0, 0, 0, 0, 0, 0, 0, 0, 0, 0, 0, 0, 0, 0]"
1622,"[0, 0, 0, 0, 0, 904, 908, 1210, 1961, 527, 1196, 750, 1208, 356]"
1623,"[3932, 1270, 2287, 3070, 2571, 3700, 1215, 2662, 3699, 2140, 2529, 2916, 2455, 2640]"
1624,"[507, 434, 1639, 223, 3052, 180, 1258, 3525, 3396, 1449, 2268, 2671, 3397, 3398]"
1625,"[1416, 1197, 912, 863, 3952, 3897, 3910, 3951, 3893, 3915, 3885, 3902, 2858, 2706]"
1626,"[45, 2166, 3147, 3105, 159, 574, 3186, 1784, 2976, 1747, 3174, 2272, 1693, 1120]"
1627,"[3262, 2692, 3617, 3897, 3863, 3510, 3409, 3555, 3173, 1249, 589, 480, 3624, 144]"
1628,"[3098, 1674, 1246, 1257, 1288, 1285, 1186, 1333, 800, 322, 3702, 2750, 1302, 2155]"
1629,"[589, 1291, 21, 6, 457, 110, 163, 2916, 2278, 1127, 480, 3527, 2273, 349]"
1630,"[0, 0, 0, 0, 1111, 3505, 527, 1625, 3476, 2583, 3044, 1645, 1805, 492]"
1631,"[1018, 1007, 804, 3497, 2378, 5, 1353, 3144, 3841, 1453, 1416, 1678, 2324, 687]"
1632,"[1211, 2929, 1305, 2117, 1302, 308, 2291, 1056, 1411, 1354, 3386, 2966, 30, 538]"
1633,"[0, 0, 0, 0, 0, 0, 0, 0, 0, 0, 0, 0, 1269, 110]"
1634,"[28, 17, 1643, 377, 1721, 534, 1569, 3260, 34, 2501, 515, 150, 1682, 1678]"
1635,"[3723, 1003, 1385, 26, 3082, 188, 533, 231, 24, 2060, 2059, 3208, 2120, 1911]"
1636,"[2560, 2692, 2395, 296, 3081, 247, 1213, 2289, 3176, 2763, 32, 235, 2600, 2291]"
1637,"[1372, 1527, 1573, 2094, 780, 2393, 329, 24, 1690, 1876, 435, 2046, 1320, 196]"
1638,"[3317, 3535, 3618, 3534, 3625, 3408, 1193, 1198, 1230, 3429, 50, 593, 919, 1148]"
1639,"[1270, 2352, 2144, 2915, 3696, 2867, 2109, 2518, 3552, 2671, 2100, 2407, 2145, 2424]"
1640,"[2396, 2762, 589, 110, 1912, 2571, 1610, 457, 377, 2058, 733, 480, 3178, 1580]"
1641,"[3006, 1500, 110, 1265, 457, 1393, 595, 2, 673, 3481, 3408, 3624, 3510, 3298]"
1642,"[3471, 3152, 3504, 3362, 1997, 3671, 1964, 1234, 1073, 2109, 1345, 3508, 2991, 3167]"
1643,"[1994, 1321, 1345, 968, 1350, 2901, 3917, 2710, 3550, 2097, 253, 2976, 273, 512]"
1644,"[590, 800, 1210, 2706, 2699, 2336, 2599, 2716, 3578, 3623, 2490, 2686, 3081, 2762]"
1645,"[1219, 943, 595, 2083, 1722, 10, 1375, 248, 932, 2299, 260, 1073, 2043, 2]"
1646,"[1415, 896, 2285, 3091, 2624, 1176, 3822, 858, 2019, 3289, 3481, 3624, 3535, 3747]"
1647,"[95, 1390, 288, 2335, 818, 1687, 1686, 135, 1863, 414, 1359, 3773, 3031, 3916]"
1648,"[1909, 648, 1589, 3262, 2067, 2764, 1013, 2983, 50, 589, 2542, 2571, 293, 3044]"
1649,"[2010, 1210, 3467, 923, 608, 3468, 1276, 858, 318, 1208, 908, 2858, 527, 912]"
1650,"[1805, 112, 866, 2291, 1172, 2248, 978, 3532, 594, 923, 596, 2018, 1291, 2918]"
1651,"[0, 0, 0, 0, 0, 0, 0, 0, 593, 1356, 3300, 3510, 3534, 1250]"
1652,"[0, 0, 0, 0, 0, 0, 0, 0, 0, 1721, 1259, 110, 2791, 3450]"
1653,"[0, 0, 2064, 3624, 1721, 3751, 3160, 1259, 2858, 3754, 2997, 2707, 2710, 2908]"
1654,"[2859, 162, 363, 3077, 3429, 1280, 608, 2908, 1635, 111, 2858, 1965, 3925, 1183]"
1655,"[3793, 3578, 3916, 2447, 3253, 3254, 1036, 3404, 1387, 2997, 2502, 750, 3617, 3882]"
1656,"[0, 0, 0, 0, 0, 0, 0, 0, 1721, 1240, 3615, 3510, 3717, 3578]"
1657,"[34, 3751, 2424, 318, 919, 2687, 3114, 1097, 262, 364, 2081, 2083, 1028, 1029]"
1658,"[2108, 3948, 2318, 588, 2502, 1580, 1220, 2692, 969, 1610, 1376, 3064, 745, 912]"
1659,"[153, 442, 589, 480, 110, 3510, 3512, 2291, 1580, 3450, 661, 2399, 3753, 551]"
1660,"[307, 308, 3481, 2677, 2329, 1732, 3844, 3160, 1680, 501, 3566, 1799, 541, 2692]"
1661,"[3728, 1249, 1446, 318, 523, 608, 1233, 2028, 1089, 3260, 2501, 1266, 1537, 17]"
1662,"[0, 0, 0, 0, 1267, 497, 1249, 1259, 2858, 589, 2291, 551, 1580, 593]"
1663,"[3252, 2501, 58, 150, 1393, 1584, 2959, 3255, 3105, 1784, 1682, 1721, 1639, 1396]"
1664,"[0, 0, 0, 0, 0, 0, 0, 0, 0, 0, 110, 1721, 2858, 1088]"
1665,"[2571, 1210, 1240, 2288, 1376, 968, 2628, 1127, 3699, 3527, 2985, 3932, 2455, 2640]"
1666,"[858, 1221, 260, 1387, 1036, 1201, 1240, 3275, 2194, 2000, 2944, 1222, 3104, 2951]"
1667,"[3300, 2370, 165, 95, 2490, 552, 1801, 2881, 2524, 2393, 316, 2402, 1918, 1687]"
1668,"[110, 318, 527, 858, 1250, 593, 3811, 608, 1196, 1950, 912, 919, 2019, 1674]"
1669,"[110, 912, 1944, 1446, 2355, 1914, 2997, 2858, 2396, 348, 1, 2289, 1188, 52]"
1670,"[1357, 1678, 2291, 3072, 2352, 3361, 1307, 3685, 1394, 2797, 3448, 2174, 3501, 2081]"
1671,"[1293, 11, 1419, 3296, 1728, 2639, 3333, 2520, 2524, 1013, 2967, 2417, 3791, 2188]"
1672,"[1214, 2028, 2692, 1240, 589, 1291, 2571, 1242, 457, 1387, 2529, 21, 1036, 2858]"
1673,"[1682, 1920, 1, 3114, 2683, 1517, 1646, 480, 1544, 595, 340, 3489, 2306, 536]"
1674,"[0, 0, 0, 0, 0, 0, 3101, 1097, 3072, 1, 2858, 2396, 34, 1734]"
1675,"[2857, 2102, 2355, 1029, 2080, 2081, 2085, 661, 3159, 588, 2139, 3034, 2394, 1033]"
1676,"[778, 1635, 300, 1682, 3471, 2640, 3698, 1287, 112, 2115, 1049, 2006, 44, 552]"
1677,"[2355, 3615, 2881, 1911, 2605, 2861, 3115, 3510, 2716, 3578, 2882, 2392, 2761, 2629]"
1678,"[1148, 3114, 2355, 3751, 588, 3159, 3408, 3852, 3851, 3298, 3617, 3787, 3285, 2193]"
1679,"[2394, 2560, 2598, 2692, 2395, 3081, 3185, 2700, 2762, 2763, 2987, 3793, 2600, 3624]"
1680,"[1603, 521, 2803, 422, 3355, 3529, 3557, 2263, 2851, 132, 1779, 240, 103, 185]"
1681,"[858, 1221, 1252, 1263, 1193, 111, 3362, 1208, 1214, 3947, 3421, 1387, 1278, 3363]"
1682,"[260, 1198, 858, 1221, 2692, 1196, 1387, 1230, 750, 924, 3471, 1206, 2010, 1258]"
1683,"[3197, 2738, 1033, 2005, 2469, 3251, 2405, 2134, 2241, 2146, 2468, 2942, 2408, 2758]"
1684,"[3526, 2918, 2797, 3608, 608, 2501, 2291, 2890, 3897, 3948, 3916, 3901, 3751, 3408]"
1685,"[2437, 3426, 1923, 1889, 2425, 3148, 1120, 3044, 2231, 2502, 3809, 14, 1784, 1476]"
1686,"[0, 0, 0, 468, 920, 3247, 3897, 3916, 1249, 2858, 589, 2948, 3927, 3481]"
1687,"[1088, 594, 919, 2146, 586, 800, 2953, 1358, 1721, 3148, 2607, 2710, 2336, 3916]"
1688,"[1288, 1220, 2657, 1951, 2081, 2083, 1031, 29, 648, 1580, 2046, 180, 1639, 3052]"
1689,"[1387, 1219, 2097, 2288, 1645, 593, 1610, 2571, 2762, 50, 1089, 3256, 454, 2058]"
1690,"[2605, 2599, 2688, 3175, 2716, 3174, 2502, 2581, 2490, 2394, 2598, 3081, 2762, 3176]"
1691,"[1196, 1197, 1198, 2872, 3104, 2194, 1220, 1275, 3897, 3556, 3751, 3911, 3882, 3240]"
1692,"[2313, 3359, 1704, 2028, 2973, 3801, 1684, 2644, 3104, 3471, 1187, 3135, 2333, 1944]"
1693,"[45, 2371, 1962, 3072, 1029, 1282, 2398, 3552, 953, 2144, 342, 949, 3499, 497]"
1694,"[318, 296, 1199, 541, 1208, 750, 3429, 1219, 2959, 904, 1136, 1217, 1260, 1212]"
1695,"[2763, 380, 1211, 1199, 2976, 3203, 223, 2396, 1136, 1948, 1256, 1394, 1243, 1080]"
1696,"[1061, 1302, 2686, 1727, 1721, 454, 3135, 3100, 62, 3174, 1404, 1183, 3176, 1124]"
1697,"[3088, 2137, 3255, 2804, 917, 262, 3552, 249, 1392, 110, 2340, 2355, 1028, 1029]"
1698,"[2682, 2925, 3676, 3198, 1082, 3244, 1094, 3795, 3747, 3897, 3328, 3317, 3902, 1554]"
1699,"[1186, 2908, 549, 2932, 1094, 36, 921, 2664, 2871, 272, 1966, 32, 556, 1682]"
1700,"[3948, 3897, 3911, 3952, 1136, 1148, 2804, 3793, 3826, 3534, 3536, 3566, 3481, 3177]"
1701,"[848, 1584, 1061, 3045, 11, 1619, 2245, 647, 1810, 3844, 345, 224, 73, 509]"
1702,"[110, 1210, 366, 1704, 1682, 2291, 2797, 588, 364, 2687, 2321, 1302, 356, 592]"
1703,"[0, 1197, 1924, 1961, 1969, 260, 1198, 858, 110, 2028, 589, 1527, 1396, 1584]"
1704,"[1205, 3052, 1639, 3793, 2335, 104, 511, 2700, 3437, 1257, 592, 1377, 260, 2628]"
1705,"[253, 3081, 2617, 532, 724, 2428, 2606, 551, 3052, 3865, 2541, 1917, 2447, 1777]"
1706,"[3104, 1270, 3851, 1517, 1542, 1564, 3178, 2078, 2108, 3255, 2797, 2144, 1747, 3624]"
1707,"[1094, 1694, 2686, 290, 1183, 314, 2890, 3100, 2333, 1914, 302, 337, 345, 3163]"
1708,"[0, 0, 0, 0, 0, 0, 0, 1210, 2617, 593, 3635, 2858, 1127, 2997]"
1709,"[3388, 1702, 2794, 5, 1855, 829, 355, 2151, 2051, 2031, 1011, 2253, 2408, 1460]"
1710,"[3481, 1377, 1809, 3624, 1429, 1274, 2687, 1566, 2800, 3052, 2582, 741, 1968, 538]"
1711,"[0, 0, 0, 0, 0, 215, 3481, 2731, 1956, 1236, 1611, 1447, 2395, 1415]"
1712,"[1291, 2194, 1095, 16, 1994, 3210, 2542, 2797, 1407, 2947, 497, 1909, 474, 2795]"
1713,"[0, 0, 0, 0, 0, 0, 0, 0, 0, 0, 2174, 1968, 2002, 3300]"
1714,"[3740, 1967, 3523, 3479, 1101, 3763, 2474, 2349, 2989, 2105, 2518, 2161, 2416, 2150]"
1715,"[648, 3566, 3536, 3752, 3646, 3865, 3324, 3863, 3555, 3578, 858, 3952, 3897, 3948]"
1716,"[2671, 3615, 3004, 3005, 3408, 2336, 3053, 24, 2724, 2840, 3301, 1225, 1446, 3067]"
1717,"[1464, 155, 410, 3053, 365, 1483, 2504, 154, 908, 308, 2971, 3788, 1340, 3911]"
1718,"[3481, 480, 2791, 110, 1261, 2692, 296, 608, 2159, 50, 1213, 1089, 1500, 2391]"
1719,"[0, 0, 0, 0, 0, 0, 0, 0, 0, 0, 0, 0, 0, 2413]"
1720,"[1259, 3481, 3510, 3624, 3535, 3753, 3409, 1544, 3173, 260, 1193, 111, 1206, 3363]"
1721,"[104, 367, 1580, 1517, 3247, 1485, 837, 1569, 2321, 2759, 3809, 2174, 2918, 2463]"
1722,"[198, 3700, 1965, 2916, 1097, 1253, 1129, 2009, 3927, 3699, 480, 671, 2363, 3527]"
1723,"[3354, 2526, 1862, 3864, 3623, 648, 3578, 3717, 2524, 2535, 1744, 2146, 1387, 1371]"
1724,"[1620, 1366, 1727, 268, 3500, 436, 2445, 2000, 2001, 1185, 2409, 2410, 2411, 1954]"
1725,"[2858, 1127, 2706, 2541, 2772, 2605, 2606, 2490, 3081, 1291, 2115, 527, 1921, 1298]"
1726,"[10, 2990, 2414, 494, 2699, 353, 2532, 349, 42, 1375, 165, 3697, 1608, 1391]"
1727,"[2130, 1396, 2231, 1466, 431, 1620, 3701, 3272, 3588, 246, 1147, 3338, 162, 581]"
1728,"[2137, 2700, 1032, 588, 2102, 364, 2089, 2090, 616, 1566, 1907, 709, 1387, 1219]"
1729,"[0, 2837, 3861, 912, 3949, 3897, 3911, 3893, 3914, 1997, 3751, 858, 3676, 3362]"
1730,"[0, 0, 0, 0, 0, 0, 0, 837, 2028, 1270, 1259, 589, 2858, 480]"
1731,"[1580, 3509, 1970, 3949, 3885, 3897, 3911, 3948, 3914, 3795, 3556, 3618, 3571, 3300]"
1732,"[1193, 3409, 3300, 3354, 3510, 3555, 3753, 3624, 3160, 3173, 3534, 3553, 3565, 3579]"
1733,"[1682, 190, 2867, 2905, 1202, 1273, 2987, 3143, 2243, 846, 125, 3503, 2330, 2481]"
1734,"[3471, 2919, 3152, 2352, 1263, 1694, 1132, 2067, 2243, 3168, 1259, 3201, 1964, 3424]"
1735,"[1414, 2700, 1500, 1732, 2706, 180, 70, 2325, 2572, 1884, 3253, 2694, 1580, 3450]"
1736,"[2123, 2370, 2073, 2374, 2260, 3937, 2717, 2264, 2471, 2458, 2373, 2464, 2379, 2755]"
1737,"[1320, 1831, 2126, 1438, 3146, 185, 1882, 1744, 1037, 1644, 836, 338, 2448, 2713]"
1738,"[2599, 2959, 2333, 3578, 2310, 2490, 299, 2394, 2598, 2395, 2396, 314, 2700, 2762]"
1739,"[357, 1870, 2433, 2734, 1959, 2598, 2670, 2396, 314, 3185, 2762, 2070, 2763, 1358]"
1740,"[1617, 2366, 1207, 1186, 3871, 2997, 1295, 3649, 2858, 2329, 2706, 3363, 3725, 471]"
1741,"[446, 509, 440, 1925, 1944, 342, 2943, 3044, 1684, 2633, 302, 2081, 900, 2620]"
1742,"[1617, 1748, 3920, 1258, 2097, 1347, 2716, 1994, 2787, 2003, 2987, 3683, 541, 1073]"
1743,"[3037, 1304, 3365, 1201, 1, 919, 262, 3114, 246, 1147, 1361, 2648, 1340, 1348]"
1744,"[3868, 357, 2915, 3039, 39, 3253, 3072, 440, 380, 2946, 3685, 1958, 3451, 1073]"
1745,"[1678, 1127, 3005, 2842, 2433, 2541, 2881, 2605, 2688, 2959, 3354, 2490, 299, 2692]"
1746,"[1273, 1259, 2318, 101, 1968, 562, 2174, 2321, 21, 735, 933, 3088, 2248, 3424]"
1747,"[0, 0, 0, 0, 0, 0, 0, 0, 0, 924, 2731, 1251, 2505, 412]"
1748,"[3068, 3405, 1069, 280, 2344, 2660, 2664, 1097, 1301, 2753, 1080, 2929, 1333, 922]"
1749,"[785, 45, 1569, 1859, 263, 3010, 307, 1041, 1245, 308, 1413, 1176, 347, 645]"
1750,"[3317, 3793, 3755, 3578, 3298, 3598, 3225, 3238, 908, 2858, 1035, 3932, 2291, 3481]"
1751,"[912, 329, 3072, 466, 783, 1721, 3948, 3893, 3916, 1249, 589, 2858, 110, 1035]"
1752,"[1, 2355, 2997, 2410, 587, 3168, 1124, 3683, 373, 1900, 2580, 2361, 2110, 3852]"
1753,"[1214, 2624, 3654, 1208, 1265, 2866, 111, 904, 2349, 3198, 3783, 608, 1394, 920]"
1754,"[0, 0, 0, 0, 0, 0, 1968, 296, 1089, 180, 1673, 2625, 1884, 589]"
1755,"[1777, 543, 2671, 289, 2125, 1895, 1569, 3536, 2572, 2469, 7, 736, 1541, 3751]"
1756,"[2605, 3408, 3159, 2716, 3578, 2676, 3623, 1959, 2490, 3753, 2394, 3512, 2724, 3157]"
1757,"[3256, 349, 2490, 2826, 454, 10, 2763, 2617, 288, 481, 423, 832, 165, 292]"
1758,"[211, 263, 279, 1103, 2348, 1635, 3160, 3521, 32, 2020, 2028, 2291, 2890, 1296]"
1759,"[413, 2574, 3004, 135, 2978, 1126, 174, 505, 3773, 3, 2961, 1503, 1702, 1731]"
1760,"[266, 339, 2168, 2316, 597, 351, 380, 708, 2506, 3501, 1777, 2633, 1597, 1088]"
1761,"[0, 1083, 2140, 1967, 2968, 1073, 2054, 2, 3503, 1376, 1748, 1372, 1356, 1374]"
1762,"[2529, 1954, 21, 2916, 2406, 1101, 3178, 3827, 3578, 2600, 2353, 1580, 380, 246]"
1763,"[0, 0, 0, 0, 2805, 1270, 1198, 589, 1580, 1394, 1265, 3114, 2716, 2918]"
1764,"[788, 1665, 413, 2385, 88, 2431, 2806, 3773, 2374, 415, 2375, 3324, 3821, 3387]"
1765,"[2701, 1249, 3937, 1259, 589, 1261, 2291, 3160, 2455, 1673, 480, 1580, 551, 3173]"
1766,"[0, 0, 0, 0, 0, 0, 0, 0, 0, 1952, 2501, 3929, 1259, 3450]"
1767,"[924, 260, 1199, 3703, 1200, 1206, 1214, 541, 1127, 1527, 1748, 2600, 480, 748]"
1768,"[1206, 1292, 1294, 3551, 1080, 3362, 3069, 3671, 2871, 2932, 3421, 3498, 3384, 3702]"
1769,"[3285, 2908, 223, 2355, 2575, 3408, 2599, 3510, 2959, 2333, 2716, 2580, 3160, 2490]"
1770,"[2174, 2248, 3070, 2352, 3361, 3526, 1220, 2797, 1257, 2406, 2001, 2746, 2150, 1261]"
1771,"[0, 1617, 3264, 2948, 924, 260, 1196, 2529, 1214, 541, 3471, 2571, 1200, 1240]"
1772,"[0, 0, 953, 1210, 3733, 1097, 903, 2858, 1127, 2699, 2975, 2355, 3203, 3543]"
1773,"[318, 1704, 3006, 2324, 25, 3148, 3160, 2890, 778, 2336, 150, 1784, 428, 1396]"
1774,"[0, 0, 1127, 3552, 589, 110, 1673, 480, 3624, 1580, 3300, 70, 3409, 3354]"
1775,"[2021, 541, 296, 3362, 3735, 1234, 1179, 117, 3019, 2000, 2268, 1466, 1396, 555]"
1776,"[2792, 3917, 3918, 1091, 1983, 2122, 1986, 1984, 527, 2762, 293, 3821, 3916, 3948]"
1777,"[1240, 3067, 2313, 1238, 1361, 2550, 2936, 3416, 3683, 1232, 923, 858, 922, 2019]"
1778,"[2167, 1225, 1242, 3006, 3578, 3753, 3863, 3484, 1639, 2692, 3948, 1799, 2125, 539]"
1779,"[1500, 1777, 180, 551, 799, 1476, 367, 671, 1516, 1858, 216, 1391, 1870, 2335]"
1780,"[3255, 1937, 2905, 440, 3578, 940, 1408, 2912, 2624, 2893, 1234, 2529, 3916, 48]"
1781,"[2657, 3928, 2713, 512, 382, 3264, 70, 3016, 3918, 260, 2872, 2174, 2797, 1073]"
1782,"[3930, 3928, 3897, 2858, 2683, 2770, 2355, 3543, 1093, 2599, 785, 968, 2502, 2013]"
1783,"[0, 0, 0, 0, 0, 0, 0, 1221, 2628, 3897, 3863, 492, 1244, 1810]"
1784,"[2693, 1270, 924, 589, 2571, 32, 1653, 1584, 2916, 1356, 1372, 788, 2600, 2046]"
1785,"[1261, 1215, 110, 2628, 3897, 3751, 3481, 3566, 3893, 3793, 3578, 3623, 3882, 3617]"
1786,"[951, 3124, 3928, 1284, 1673, 2858, 3159, 2966, 551, 3929, 589, 1171, 110, 1259]"
1787,"[0, 0, 0, 0, 0, 0, 0, 0, 0, 110, 356, 1270, 2858, 2706]"
1788,"[2750, 1193, 3262, 892, 232, 233, 1683, 2112, 1179, 1233, 2442, 1719, 1617, 1464]"
1789,"[2762, 2693, 3176, 3793, 2624, 110, 3182, 3911, 3624, 3566, 3785, 3535, 3755, 3863]"
1790,"[1092, 3361, 2707, 1299, 1676, 3347, 2706, 1485, 1186, 2335, 2474, 253, 1589, 1298]"
1791,"[41, 3089, 1204, 1252, 750, 899, 1219, 2712, 3747, 1206, 1617, 1912, 1089, 1729]"
1792,"[3081, 3114, 1784, 356, 2387, 1923, 1393, 1721, 3259, 377, 247, 2006, 2424, 2496]"
1793,"[861, 1610, 3256, 112, 349, 2916, 377, 733, 2353, 1527, 1608, 2273, 648, 1377]"
1794,"[1060, 2916, 3253, 161, 1408, 1092, 52, 3252, 1271, 356, 377, 151, 2570, 1801]"
1795,"[2913, 1240, 2858, 2321, 1784, 387, 1265, 356, 1640, 1500, 3060, 3253, 1042, 260]"
1796,"[2333, 3338, 246, 162, 549, 556, 1189, 3077, 1865, 3653, 919, 2863, 899, 3545]"
1797,"[1944, 2863, 2762, 1223, 1226, 2648, 232, 2730, 1296, 1340, 34, 1242, 1250, 1214]"
1798,"[1250, 951, 2966, 593, 923, 3683, 858, 1206, 3551, 1953, 1266, 1449, 1197, 1955]"
1799,"[523, 2321, 337, 3100, 2329, 1265, 1639, 3160, 441, 3246, 223, 14, 1923, 357]"
1800,"[1396, 1945, 216, 104, 908, 333, 1573, 3624, 3578, 940, 1240, 599, 3114, 594]"
1801,"[0, 0, 0, 0, 593, 2294, 858, 2091, 3418, 1097, 2858, 1259, 2291, 110]"
1802,"[1407, 2288, 3476, 1982, 1994, 3499, 1345, 1350, 2003, 1339, 2710, 253, 1347, 1645]"
1803,"[1339, 724, 3081, 2617, 3255, 367, 1845, 587, 3614, 3174, 500, 2770, 1485, 1888]"
1804,"[904, 2262, 3178, 648, 1799, 1262, 590, 1210, 2406, 380, 2640, 3699, 2916, 2641]"
1805,"[70, 919, 3396, 588, 594, 1028, 3034, 3397, 2018, 1206, 3793, 1274, 968, 1909]"
1806,"[2384, 344, 580, 253, 468, 317, 1015, 362, 517, 2083, 786, 2273, 252, 329]"
1807,"[150, 778, 628, 1393, 590, 1258, 3499, 1407, 1347, 253, 2167, 2003, 2617, 3168]"
1808,"[0, 0, 1271, 1968, 3409, 3624, 3510, 3512, 3753, 3354, 3555, 3594, 720, 595]"
1809,"[2572, 2997, 2683, 2707, 2694, 2908, 1093, 2599, 2959, 2716, 2580, 2690, 2734, 3300]"
1810,"[3897, 1617, 1913, 3730, 1212, 903, 906, 924, 931, 942, 1964, 1086, 2467, 2024]"
1811,"[3934, 3927, 3929, 2858, 1127, 2997, 3516, 2433, 2369, 1093, 233, 2712, 2716, 785]"
1812,"[1658, 2072, 1733, 3535, 3754, 3156, 3740, 912, 1875, 3578, 2155, 327, 3852, 608]"
1813,"[0, 0, 0, 0, 0, 0, 0, 0, 921, 1414, 2858, 2572, 3534, 3481]"
1814,"[3952, 32, 589, 1527, 2571, 3175, 1580, 1748, 2916, 316, 1215, 2628, 1909, 1603]"
1815,"[661, 3948, 3863, 1196, 1206, 741, 260, 1199, 2571, 1270, 1584, 3175, 1580, 1573]"
1816,"[2571, 1610, 2947, 457, 1196, 1387, 1036, 2000, 919, 1259, 2871, 590, 3479, 2916]"
1817,"[3481, 3535, 3578, 3744, 899, 3545, 364, 260, 367, 2797, 750, 1196, 1214, 1240]"
1818,"[260, 1196, 590, 2344, 2355, 2078, 2085, 364, 3189, 1, 34, 3396, 1097, 2174]"
1819,"[3576, 2010, 1210, 1215, 1127, 1374, 1748, 1097, 1301, 3175, 3527, 3359, 1250, 318]"
1820,"[3683, 1193, 1208, 912, 923, 3068, 1213, 3271, 1228, 1207, 110, 2959, 1084, 3471]"
1821,"[0, 929, 154, 30, 111, 1222, 1348, 2010, 1260, 3134, 3307, 2904, 2210, 936]"
1822,"[2716, 2750, 1958, 1081, 589, 3418, 2692, 457, 1912, 2028, 2058, 2571, 21, 3183]"
1823,"[0, 0, 3148, 3507, 1684, 17, 351, 2291, 1353, 2396, 317, 1, 3114, 2324]"
1824,"[2297, 2710, 914, 2926, 36, 1246, 2359, 2432, 2699, 596, 802, 3844, 1100, 3798]"
1825,"[1653, 1680, 848, 454, 74, 491, 11, 3259, 1396, 1059, 2762, 1187, 2125, 171]"
1826,"[541, 924, 2571, 1965, 1200, 1580, 2916, 3699, 1356, 1127, 1396, 1238, 1, 1276]"
1827,"[1327, 3160, 3409, 3952, 1617, 47, 1219, 2176, 923, 318, 3751, 296, 608, 2997]"
1828,"[3174, 1895, 3081, 2763, 2628, 1617, 47, 50, 1089, 2571, 1645, 2248, 1298, 1258]"
1829,"[0, 0, 0, 0, 0, 0, 1994, 924, 410, 34, 1859, 665, 50, 307]"
1830,"[3624, 3863, 1196, 1036, 1291, 1210, 1240, 592, 2115, 3527, 1220, 589, 457, 112]"
1831,"[3114, 3176, 3745, 2987, 2714, 3793, 2600, 1617, 50, 2028, 593, 296, 2571, 1213]"
1832,"[1734, 2237, 3078, 1880, 25, 1236, 1635, 1643, 846, 1678, 1885, 529, 2324, 222]"
1833,"[337, 2580, 161, 2890, 529, 2700, 364, 2324, 3253, 428, 1784, 3916, 3481, 3753]"
1834,"[3189, 3185, 3623, 587, 943, 2716, 1049, 1127, 3534, 2699, 3155, 3005, 2710, 3016]"
1835,"[2076, 3251, 1912, 2291, 919, 2300, 2303, 899, 2863, 595, 1947, 1028, 364, 1298]"
1836,"[1240, 2176, 1200, 2288, 678, 2184, 1086, 1407, 2917, 1994, 1748, 319, 2118, 3102]"
1837,"[708, 3528, 3950, 3897, 3952, 3852, 3091, 2204, 1310, 912, 97, 919, 1276, 306]"
1838,"[0, 0, 0, 0, 0, 0, 0, 0, 0, 0, 0, 0, 1061, 1079]"
1839,"[1527, 2006, 1518, 2334, 2353, 349, 10, 1676, 442, 1377, 2628, 648, 1552, 1754]"
1840,"[0, 231, 3107, 1025, 2028, 283, 110, 2010, 260, 1206, 1214, 2657, 3471, 2116]"
1841,"[457, 3499, 1639, 1518, 1784, 508, 1747, 3809, 2278, 539, 3176, 333, 733, 2424]"
1842,"[999, 3420, 605, 2188, 2699, 2710, 2976, 2541, 2719, 785, 407, 3160, 2581, 2490]"
1843,"[1252, 1294, 3362, 1244, 1292, 1913, 1278, 3363, 1208, 1235, 3359, 3741, 1387, 3504]"
1844,"[0, 0, 0, 0, 0, 0, 0, 0, 3072, 2109, 593, 1617, 101, 3897]"
1845,"[2283, 1653, 628, 846, 1061, 1836, 1701, 149, 1611, 233, 506, 1093, 2112, 369]"
1846,"[1258, 2791, 1186, 2917, 1036, 1090, 3169, 1222, 2987, 1289, 2194, 2716, 2130, 1210]"
1847,"[2858, 678, 1529, 2360, 318, 36, 2775, 1673, 247, 527, 3006, 1719, 1041, 2959]"
1848,"[0, 0, 0, 0, 0, 0, 0, 1617, 3174, 1259, 2291, 2858, 3160, 908]"
1849,"[0, 0, 0, 0, 0, 0, 593, 1197, 589, 457, 110, 2028, 1233, 2571]"
1850,"[783, 1566, 3745, 1688, 1907, 709, 2142, 2394, 741, 48, 1881, 1270, 260, 1196]"
1851,"[3755, 3698, 923, 356, 3783, 858, 1221, 1251, 3897, 2313, 337, 1639, 3949, 678]"
1852,"[1306, 1199, 32, 1200, 589, 1274, 968, 2571, 2455, 2117, 3175, 3702, 1653, 2657]"
1853,"[1965, 2915, 3052, 440, 1777, 838, 543, 3450, 1580, 2124, 2795, 2100, 2539, 2706]"
1854,"[1198, 858, 2571, 1266, 36, 678, 1358, 318, 50, 527, 1221, 912, 1617, 260]"
1855,"[1196, 1912, 6, 21, 1220, 480, 1580, 2006, 2427, 1527, 349, 3578, 1573, 1722]"
1856,"[3780, 1831, 1373, 2986, 2456, 1882, 1252, 1267, 904, 1617, 1212, 1219, 608, 2762]"
1857,"[1033, 558, 2137, 3396, 588, 1282, 364, 551, 589, 2571, 3000, 3178, 110, 480]"
1858,"[1580, 364, 2899, 1967, 362, 2005, 2059, 2081, 2096, 2161, 1566, 2046, 2800, 593]"
1859,"[1949, 1961, 1250, 1201, 2858, 1196, 529, 541, 1278, 1265, 1136, 750, 1617, 1203]"
1860,"[3508, 368, 608, 3735, 1945, 3510, 1997, 1249, 2160, 3507, 1282, 1544, 2664, 1748]"
1861,"[3897, 1276, 947, 2300, 916, 1304, 933, 1394, 1269, 2395, 2716, 1226, 2302, 898]"
1862,"[913, 2581, 1513, 2670, 3157, 2396, 2987, 3384, 3565, 3481, 3897, 3751, 3911, 3893]"
1863,"[1084, 2966, 36, 1080, 2997, 2692, 898, 527, 596, 903, 2871, 2300, 2366, 1912]"
1864,"[0, 0, 0, 0, 0, 0, 0, 0, 0, 2068, 2444, 1154, 47, 3948]"
1865,"[2610, 3386, 2357, 3246, 3252, 571, 302, 3044, 1625, 3148, 262, 1183, 1354, 2442]"
1866,"[1747, 586, 344, 1405, 3869, 1665, 500, 333, 1614, 1704, 2792, 1333, 902, 2805]"
1867,"[0, 0, 260, 2355, 527, 3160, 3535, 1267, 942, 2707, 1784, 2712, 608, 1172]"
1868,"[2401, 2921, 2951, 3494, 905, 951, 2019, 969, 260, 1304, 940, 1198, 3702, 1269]"
1869,"[910, 1204, 1225, 2859, 1193, 2927, 3634, 260, 111, 2692, 904, 1960, 1203, 2997]"
1870,"[597, 2581, 852, 2671, 11, 2424, 339, 141, 7, 1883, 1270, 1307, 1197, 1079]"
1871,"[2997, 910, 1230, 1394, 1288, 1079, 1278, 2716, 2918, 223, 1307, 2064, 3361, 1077]"
1872,"[110, 1089, 1249, 1259, 1269, 908, 593, 1617, 608, 866, 1358, 1748, 2762, 474]"
1873,"[1059, 1747, 539, 1307, 1292, 3578, 3751, 1092, 454, 339, 500, 2803, 3053, 1270]"
1874,"[1252, 913, 1259, 50, 2997, 608, 293, 1265, 924, 2396, 1240, 615, 1222, 1247]"
1875,"[2529, 1376, 1573, 2407, 3827, 2311, 2393, 780, 1320, 945, 2303, 1066, 3061, 3675]"
1876,"[0, 0, 1198, 260, 2335, 2826, 2858, 2997, 3005, 2694, 2433, 223, 2355, 2541]"
1877,"[3302, 3539, 3823, 3783, 3795, 3859, 3880, 3192, 3571, 3787, 3794, 3886, 3182, 3185]"
1878,"[788, 3697, 338, 1831, 1391, 2322, 1882, 1640, 1407, 253, 1645, 2617, 188, 724]"
1879,"[1961, 2975, 1275, 1294, 1625, 1234, 2080, 3034, 1411, 1025, 555, 3793, 1302, 1097]"
1880,"[2664, 3035, 2363, 1104, 1287, 900, 1301, 2565, 2287, 969, 1032, 1253, 3675, 1012]"
1881,"[1919, 2424, 1485, 3247, 1665, 830, 2335, 1566, 587, 370, 231, 2574, 1377, 1569]"
1882,"[3681, 3365, 3871, 1250, 969, 1939, 1208, 2890, 1184, 2076, 1645, 2841, 3175, 3745]"
1883,"[2693, 556, 1050, 581, 720, 745, 1148, 3114, 2018, 1223, 594, 2761, 1022, 364]"
1884,"[1285, 150, 3379, 1940, 3038, 314, 944, 515, 3198, 3548, 529, 388, 2071, 2757]"
1885,"[3535, 2792, 524, 1544, 1, 594, 3114, 3751, 2018, 2987, 596, 2080, 1282, 2096]"
1886,"[0, 0, 1721, 10, 356, 811, 480, 3300, 110, 1259, 589, 2454, 3409, 1580]"
1887,"[1252, 1947, 1035, 1083, 1088, 1304, 2948, 2949, 2951, 260, 1953, 2527, 3430, 1291]"
1888,"[2366, 1210, 3932, 3926, 3916, 313, 953, 2141, 2142, 1014, 1356, 1371, 1372, 1374]"
1889,"[2490, 2046, 188, 1401, 459, 3250, 3263, 112, 1184, 2376, 2990, 781, 2787, 3591]"
1890,"[1208, 2028, 110, 1266, 3030, 3037, 2921, 590, 3494, 1234, 2194, 2268, 2112, 3729]"
1891,"[2268, 3259, 897, 1079, 920, 3095, 3451, 1704, 1943, 1952, 858, 2023, 1221, 3948]"
1892,"[0, 3421, 3101, 912, 3685, 1176, 1252, 1362, 858, 3730, 1221, 1230, 111, 1206]"
1893,"[0, 0, 0, 942, 337, 527, 1230, 3317, 3897, 3751, 3911, 3618, 3852, 3823]"
1894,"[3252, 3158, 3578, 1177, 3179, 1721, 2620, 2329, 3155, 753, 1542, 2585, 1682, 2943]"
1895,"[1466, 6, 431, 2194, 2000, 1061, 555, 592, 2912, 2023, 923, 593, 912, 111]"
1896,"[296, 2160, 1276, 3163, 1253, 3461, 1096, 1269, 1179, 3504, 232, 3330, 308, 1208]"
1897,"[2160, 3330, 3011, 902, 1333, 3168, 3668, 2285, 2946, 3873, 3028, 2870, 899, 931]"
1898,"[0, 593, 1693, 538, 3481, 2997, 1900, 1148, 296, 2599, 2396, 318, 2336, 2501]"
1899,"[2582, 1391, 3095, 3599, 942, 247, 2920, 3334, 1253, 1203, 928, 3849, 2970, 1673]"
1900,"[3298, 2355, 2908, 3543, 2607, 2688, 3115, 3175, 2333, 913, 2734, 3606, 2686, 299]"
1901,"[3635, 3639, 1955, 1073, 2640, 3682, 3545, 3702, 2779, 2109, 3093, 1380, 1208, 1272]"
1902,"[1805, 1343, 16, 1648, 600, 627, 3176, 454, 22, 1645, 230, 481, 2320, 18]"
1903,"[1348, 670, 3030, 1132, 2997, 2360, 1223, 1288, 615, 3359, 296, 2970, 1283, 3093]"
1904,"[1258, 1278, 2003, 1207, 3006, 3363, 36, 150, 1411, 1704, 3250, 953, 1961, 1682]"
1905,"[1267, 910, 898, 1212, 3089, 3134, 1280, 3152, 919, 3067, 1219, 750, 951, 1221]"
1906,"[0, 0, 0, 0, 3682, 2176, 1284, 2858, 110, 2948, 1249, 1269, 589, 661]"
1907,"[0, 0, 3175, 924, 19, 3159, 1256, 1348, 1207, 1212, 3629, 858, 2010, 1237]"
1908,"[318, 2431, 2501, 2506, 3148, 100, 2996, 2432, 1686, 1727, 1917, 1810, 715, 1672]"
1909,"[608, 318, 3006, 1358, 778, 1213, 293, 800, 2329, 25, 529, 1617, 296, 1912]"
1910,"[1461, 2795, 2354, 3114, 3554, 3897, 3556, 3948, 3617, 3509, 3326, 3798, 3565, 3745]"
1911,"[0, 0, 0, 0, 3258, 337, 3723, 1193, 1207, 922, 2612, 1277, 903, 2580]"
1912,"[3681, 2871, 2178, 1387, 1183, 1214, 3508, 1211, 2791, 1285, 3210, 2847, 535, 1219]"
1913,"[2761, 3000, 594, 2078, 1029, 1032, 1223, 2987, 2085, 2087, 2137, 3159, 1022, 1023]"
1914,"[0, 0, 0, 0, 0, 0, 1193, 3481, 3897, 3948, 3911, 2997, 2858, 2396]"
1915,"[912, 465, 1284, 3626, 2858, 1249, 2291, 3627, 1035, 551, 589, 2791, 2657, 3927]"
1916,"[982, 2866, 2852, 1120, 3148, 3507, 1082, 1246, 1393, 1220, 2025, 2324, 1904, 2065]"
1917,"[2324, 1923, 32, 2890, 1219, 610, 2019, 1217, 3671, 1266, 608, 2728, 553, 1287]"
1918,"[0, 0, 0, 0, 0, 0, 0, 0, 0, 0, 1078, 2690, 2762, 2396]"
1919,"[70, 1320, 1717, 2389, 196, 2793, 1644, 2606, 2514, 330, 12, 366, 1993, 2713]"
1920,"[1081, 1088, 3602, 3605, 898, 1944, 2919, 163, 2243, 976, 587, 3524, 182, 1356]"
1921,"[1374, 1376, 1580, 1073, 480, 590, 3494, 2628, 2641, 648, 349, 2046, 1587, 2414]"
1922,"[3045, 527, 150, 3105, 1179, 1729, 477, 1784, 1252, 2819, 2186, 3203, 3101, 1674]"
1923,"[3927, 3300, 1970, 2657, 891, 3918, 3937, 1544, 3354, 1969, 1986, 3948, 3751, 3851]"
1924,"[1271, 1353, 2858, 1784, 588, 39, 2599, 2443, 1188, 1393, 1265, 356, 357, 1357]"
1925,"[1299, 3811, 1272, 3196, 3342, 1233, 1208, 1222, 3062, 2890, 2427, 3372, 466, 599]"
1926,"[1282, 2761, 1022, 1029, 2087, 2096, 2099, 2294, 1907, 2687, 2137, 1025, 2139, 1566]"
1927,"[0, 0, 0, 0, 2324, 1228, 1641, 2454, 2550, 1968, 1269, 2791, 3928, 3929]"
1928,"[1831, 360, 1645, 3176, 1573, 2763, 3107, 246, 2890, 150, 2580, 3147, 1883, 1721]"
1929,"[0, 0, 0, 0, 0, 2083, 608, 2858, 3179, 2706, 2572, 3534, 2997, 223]"
1930,"[2987, 3479, 3623, 750, 3787, 3852, 3510, 2539, 3324, 3160, 1090, 1036, 1242, 3763]"
1931,"[3550, 2003, 1645, 1346, 3676, 1327, 1332, 1342, 247, 2138, 2140, 2174, 2968, 1097]"
1932,"[1266, 32, 2391, 47, 16, 2912, 1682, 1120, 2140, 2174, 2968, 1097, 2105, 2193]"
1933,"[0, 0, 0, 0, 0, 0, 321, 2356, 3893, 3948, 2858, 3481, 1171, 1249]"
1934,"[1197, 2858, 2706, 2997, 223, 2355, 2541, 2712, 2599, 2959, 2318, 2716, 2580, 785]"
1935,"[3861, 3916, 3408, 3865, 3753, 3911, 3882, 3623, 3646, 3273, 3744, 3301, 3785, 3327]"
1936,"[0, 0, 0, 1954, 2966, 97, 3910, 1673, 2624, 3925, 2858, 3160, 1965, 2455]"
1937,"[1219, 1278, 1231, 1097, 1199, 2312, 3071, 3098, 1376, 1923, 2289, 1392, 497, 3060]"
1938,"[1036, 1210, 1275, 1610, 1374, 377, 2872, 3793, 592, 2406, 3527, 2916, 2985, 2414]"
1939,"[1965, 2288, 1653, 2529, 2009, 1127, 2527, 2985, 2454, 1334, 2346, 2173, 1284, 904]"
1940,"[2476, 3448, 356, 780, 2427, 1676, 1391, 2941, 1387, 1997, 1214, 1219, 3476, 1304]"
1941,"[1932, 1935, 938, 2436, 3861, 3916, 86, 2607, 929, 3555, 1046, 277, 3449, 3882]"
1942,"[2237, 858, 1284, 908, 2160, 3538, 3929, 1269, 1673, 1965, 3512, 1235, 1207, 524]"
1943,"[1086, 231, 920, 2111, 3327, 2640, 2593, 206, 592, 1992, 1269, 1241, 2323, 1123]"
1944,"[296, 720, 1219, 3260, 1210, 608, 2324, 2918, 1307, 2791, 1639, 3481, 3556, 3618]"
1945,"[0, 0, 0, 0, 0, 0, 0, 0, 0, 1079, 904, 1212, 2019, 923]"
1946,"[3072, 1208, 3882, 1193, 1276, 1393, 508, 3210, 3261, 3361, 180, 3422, 2108, 2115]"
1947,"[1610, 1374, 2916, 2000, 3654, 2949, 246, 162, 1219, 3018, 1387, 1258, 2664, 1997]"
1948,"[1527, 1722, 2353, 2640, 2628, 377, 2193, 1049, 648, 2006, 733, 1597, 368, 1391]"
1949,"[1259, 1293, 1231, 2194, 1210, 2336, 2599, 2291, 848, 1721, 3250, 1127, 3064, 1374]"
1950,"[2687, 2355, 1907, 364, 661, 1566, 1885, 1635, 2442, 3081, 2291, 155, 515, 799]"
1951,"[2858, 2599, 919, 1022, 1035, 595, 938, 1028, 2997, 3114, 1, 101, 2395, 1641]"
1952,"[468, 339, 2723, 785, 3298, 2145, 2371, 3501, 1734, 232, 496, 1193, 1264, 3422]"
1953,"[3897, 2858, 1259, 2291, 480, 1580, 3753, 1544, 3512, 3565, 1721, 17, 2125, 342]"
1954,"[1473, 3148, 3114, 3844, 3897, 3317, 1921, 2154, 3408, 3794, 3827, 3952, 3624, 3903]"
1955,"[2572, 2355, 2710, 2770, 2908, 2433, 223, 2599, 2959, 2333, 785, 3174, 2490, 2394]"
1956,"[3114, 2355, 2761, 34, 364, 551, 1566, 1907, 1688, 317, 110, 161, 356, 1233]"
1957,"[2804, 593, 50, 1952, 2366, 3746, 3067, 1947, 3735, 1294, 296, 3504, 1188, 2908]"
1958,"[3005, 1088, 2194, 2572, 62, 2312, 2628, 3952, 3004, 3128, 141, 2841, 2071, 1061]"
1959,"[1225, 1263, 1276, 3471, 3683, 1185, 34, 1099, 3468, 1946, 1957, 1084, 1293, 994]"
1960,"[3684, 2312, 3111, 3342, 2065, 2453, 2150, 2423, 3112, 3098, 1674, 1172, 1189, 1132]"
1961,"[2916, 2951, 589, 2403, 2000, 3578, 2640, 2872, 1374, 377, 3384, 3555, 2985, 2641]"
1962,"[1569, 3263, 539, 1888, 216, 344, 550, 1635, 1393, 150, 2028, 261, 1271, 3148]"
1963,"[1633, 1682, 3108, 1747, 3255, 1727, 523, 1678, 1729, 1399, 3176, 1482, 1393, 678]"
1964,"[0, 0, 0, 0, 0, 0, 0, 3397, 1210, 541, 1748, 1654, 1641, 1542]"
1965,"[1307, 1221, 2688, 3753, 2669, 2013, 2396, 3176, 3384, 356, 1265, 2108, 1537, 2302]"
1966,"[608, 3362, 1912, 1953, 50, 3741, 1084, 3030, 1361, 3490, 1219, 1278, 2288, 2488]"
1967,"[0, 0, 0, 0, 0, 488, 1050, 1733, 2492, 2858, 2997, 2908, 2333, 2690]"
1968,"[1617, 457, 2762, 1089, 1610, 2391, 373, 2058, 6, 47, 3728, 474, 454, 832]"
1969,"[3396, 2040, 1010, 196, 1258, 1347, 1693, 3897, 110, 3556, 3174, 3948, 2531, 2532]"
1970,"[3917, 3751, 3535, 1361, 858, 923, 3435, 2019, 912, 922, 1041, 3730, 1212, 1248]"
1971,"[318, 527, 74, 3006, 2028, 2336, 1704, 110, 36, 2804, 3897, 1307, 2396, 2918]"
1972,"[2804, 1307, 1247, 2359, 36, 903, 1, 2132, 3361, 1304, 1233, 1291, 3578, 1240]"
1973,"[3897, 3911, 3893, 1269, 908, 2624, 2858, 1249, 2291, 3481, 2160, 661, 2948, 3932]"
1974,"[1517, 2682, 986, 647, 3158, 3079, 1575, 14, 531, 253, 537, 1919, 82, 784]"
1975,"[3114, 2700, 1914, 3253, 3809, 216, 1262, 750, 3366, 2944, 3367, 1294, 3836, 1208]"
1976,"[13, 1923, 2916, 364, 1407, 733, 553, 62, 21, 1484, 141, 428, 2059, 986]"
1977,"[913, 930, 942, 3435, 3683, 3334, 3819, 3362, 2238, 1948, 1276, 946, 1136, 1235]"
1978,"[923, 3471, 1748, 1876, 318, 2728, 2762, 750, 1294, 1704, 2273, 3147, 2353, 2819]"
1979,"[0, 0, 0, 0, 0, 0, 0, 0, 0, 920, 902, 593, 3952, 3408]"
1980,"[848, 2539, 952, 1936, 1937, 1956, 2775, 3852, 902, 1230, 2290, 215, 1244, 1293]"
1981,"[2858, 2160, 1259, 2791, 2291, 480, 1580, 1965, 3510, 3535, 3566, 1544, 3300, 1248]"
1982,"[1356, 3471, 1895, 1517, 3253, 1673, 2353, 1036, 1840, 589, 2501, 1500, 3147, 47]"
1983,"[1167, 3266, 457, 474, 1785, 3274, 2094, 292, 1518, 1792, 996, 590, 2006, 362]"
1984,"[3438, 2723, 329, 316, 292, 368, 517, 2094, 1391, 168, 780, 3208, 208, 3113]"
1985,"[380, 2406, 1385, 3555, 349, 2617, 1616, 1792, 3404, 3153, 3020, 292, 1587, 2094]"
1986,"[1440, 928, 1135, 3101, 3893, 2858, 235, 1248, 922, 2182, 2186, 3364, 590, 3175]"
1987,"[1092, 517, 3176, 3039, 2000, 1610, 110, 2571, 3555, 3256, 1240, 457, 3114, 1]"
1988,"[2640, 2641, 3949, 3507, 2791, 1997, 3618, 3831, 3155, 3298, 3114, 1610, 3629, 1941]"
1989,"[0, 0, 0, 0, 1197, 593, 2490, 2699, 1284, 908, 2858, 1259, 1035, 480]"
1990,"[111, 1276, 3897, 110, 318, 2728, 2959, 593, 2329, 1704, 1788, 1299, 1250, 3823]"
1991,"[0, 3019, 2420, 3244, 1193, 608, 527, 593, 1617, 1213, 3007, 2858, 1, 246]"
1992,"[2700, 2599, 1923, 1883, 2359, 2770, 231, 2706, 2891, 3948, 3481, 3535, 2804, 2791]"
1993,"[0, 0, 0, 0, 0, 0, 0, 1198, 1196, 1, 1136, 1394, 1288, 1197]"
1994,"[1196, 1079, 608, 2324, 1213, 50, 1089, 1265, 2858, 3499, 527, 3114, 1780, 1641]"
1995,"[2599, 2302, 2700, 440, 356, 11, 161, 527, 2028, 466, 1676, 1920, 2100, 2797]"
1996,"[1125, 541, 2628, 1262, 919, 2871, 952, 2470, 1375, 648, 349, 362, 2617, 1587]"
1997,"[1265, 3114, 2700, 2324, 2395, 1923, 2396, 1732, 441, 1060, 1500, 1, 2359, 3060]"
1998,"[3911, 3317, 3624, 3893, 3827, 906, 3307, 260, 2762, 3429, 1945, 2028, 1287, 904]"
1999,"[1270, 3471, 480, 2571, 2657, 1356, 3421, 1304, 2791, 1259, 1028, 1079, 3671, 3362]"
2000,"[1873, 2329, 1358, 1784, 2291, 2391, 3178, 3952, 1639, 1136, 2804, 2395, 1617, 50]"
2001,"[3203, 2369, 2546, 2599, 3543, 2712, 2757, 2856, 3717, 3219, 968, 2901, 2013, 1513]"
2002,"[3868, 2321, 3451, 52, 2171, 357, 2746, 3052, 2331, 1784, 1958, 2539, 2657, 3448]"
2003,"[1713, 1367, 1566, 107, 1017, 2017, 2057, 783, 262, 2137, 1907, 3615, 1032, 569]"
2004,"[2641, 3033, 185, 3926, 1831, 2661, 1371, 2549, 2642, 2530, 2450, 256, 1882, 435]"
2005,"[2599, 2959, 2580, 3578, 407, 3160, 3174, 2622, 2502, 2490, 2560, 2395, 2396, 3081]"
2006,"[2078, 1288, 919, 2300, 899, 1067, 2080, 1028, 3606, 2746, 588, 3061, 935, 2096]"
2007,"[1214, 2664, 1301, 1097, 858, 923, 290, 1193, 1233, 3037, 2858, 3741, 2028, 2804]"
2008,"[2788, 1449, 2395, 1883, 1171, 1175, 1234, 904, 593, 1089, 1267, 1358, 3551, 2391]"
2009,"[50, 2028, 608, 1089, 247, 2908, 36, 2357, 2762, 32, 553, 25, 2396, 2439]"
2010,"[3185, 3578, 593, 2858, 2686, 26, 1704, 1411, 1639, 3006, 2329, 2959, 778, 3148]"
2011,"[3247, 513, 52, 671, 3157, 1020, 586, 236, 1777, 1101, 1127, 2194, 2115, 3510]"
2012,"[1265, 223, 2858, 3255, 440, 1713, 356, 367, 141, 344, 587, 2005, 3751, 47]"
2013,"[2011, 2640, 1376, 1396, 1580, 2985, 2407, 1375, 1527, 1909, 1019, 3701, 2009, 2455]"
2014,"[1248, 1260, 1617, 3435, 541, 913, 2066, 1069, 2987, 746, 3007, 750, 924, 1206]"
2015,"[1247, 1208, 2890, 3448, 3328, 3362, 2248, 3481, 909, 2542, 1449, 1078, 3275, 2150]"
2016,"[3763, 2989, 3623, 648, 2393, 2985, 2617, 2641, 3755, 2414, 165, 552, 3274, 1586]"
2017,"[3476, 3386, 1589, 1732, 350, 1092, 2875, 318, 527, 296, 1704, 1358, 590, 2890]"
2018,"[3739, 3232, 1938, 1152, 916, 2299, 3468, 1244, 1292, 2932, 3200, 2819, 3682, 1955]"
2019,"[0, 0, 1968, 3072, 2858, 2997, 2336, 2599, 2757, 3175, 2333, 2716, 913, 2396]"
2020,"[1112, 2403, 368, 1101, 2105, 1385, 442, 2575, 1261, 3182, 3515, 2966, 3150, 1997]"
2021,"[89, 2002, 2273, 1676, 292, 442, 1917, 494, 886, 329, 2393, 2722, 786, 3257]"
2022,"[2912, 2916, 368, 380, 1552, 3301, 2628, 367, 1639, 249, 1270, 180, 1721, 595]"
2023,"[2371, 1089, 2268, 1396, 1466, 293, 3437, 3006, 161, 1748, 1947, 215, 1206, 3317]"
2024,"[2770, 248, 186, 380, 2012, 2072, 368, 3087, 1007, 1614, 1010, 2683, 317, 2717]"
2025,"[924, 3176, 969, 3461, 260, 1196, 1204, 1262, 1287, 1291, 2871, 1931, 1210, 3104]"
2026,"[3702, 2991, 2528, 2013, 755, 2064, 599, 3681, 2922, 1201, 1209, 2951, 1266, 3037]"
2027,"[1960, 2268, 1466, 515, 2294, 3186, 2918, 2243, 3481, 237, 428, 1625, 2692, 3281]"
2028,"[0, 0, 1198, 912, 707, 1242, 477, 589, 1284, 908, 2858, 110, 1035, 1259]"
2029,"[2282, 1220, 2747, 2502, 3785, 2318, 3253, 3175, 1278, 3943, 2109, 357, 2746, 2709]"
2030,"[1380, 3028, 2098, 2870, 1010, 1014, 2049, 915, 3199, 1937, 3928, 1934, 2099, 3345]"
2031,"[2926, 3949, 3951, 3897, 3911, 3408, 3328, 3859, 3747, 3852, 3794, 3556, 3720, 3948]"
2032,"[1373, 1374, 1375, 1376, 589, 185, 2617, 1831, 1833, 2423, 316, 786, 457, 454]"
2033,"[0, 0, 0, 0, 110, 2599, 3897, 3911, 3865, 2707, 3516, 3719, 3751, 3852]"
2034,"[3083, 3424, 2599, 3067, 1172, 1537, 1235, 1292, 1188, 1066, 1394, 2750, 2289, 2110]"
2035,"[1035, 2151, 260, 356, 500, 300, 380, 1, 1282, 588, 1022, 2857, 1405, 673]"
2036,"[1966, 2677, 1288, 1066, 2303, 1947, 1028, 199, 2746, 1220, 2657, 1057, 2941, 1416]"
2037,"[0, 0, 0, 0, 0, 0, 0, 0, 593, 3467, 1875, 1103, 2028, 3948]"
2038,"[485, 1303, 1254, 1262, 1204, 1127, 2528, 1019, 1250, 1927, 1094, 1272, 1960, 1210]"
2039,"[3198, 1238, 3498, 2313, 3068, 3135, 1955, 3035, 2944, 260, 1387, 1954, 3702, 1408]"
2040,"[2694, 2546, 2881, 2599, 3408, 3219, 2906, 1513, 2762, 2961, 3176, 2763, 3798, 3897]"
2041,"[1407, 2987, 3549, 1344, 52, 2420, 3101, 3052, 2193, 1217, 2952, 1213, 2300, 2692]"
2042,"[1287, 3461, 2045, 1374, 2916, 1073, 858, 1221, 750, 1250, 527, 2028, 1939, 1225]"
2043,"[0, 0, 0, 0, 3753, 2706, 2683, 2710, 223, 3203, 2881, 1911, 2336, 2686]"
2044,"[0, 920, 2300, 1235, 1136, 898, 905, 951, 1188, 1304, 3114, 1234, 1197, 1394]"
2045,"[0, 0, 0, 2082, 1015, 2846, 317, 3916, 1367, 1592, 2123, 146, 577, 1021]"
2046,"[2352, 1, 2324, 2997, 2064, 3873, 2797, 1265, 3671, 3104, 3175, 593, 318, 3006]"
2047,"[1207, 2611, 3949, 480, 551, 73, 671, 3317, 904, 3910, 3481, 3911, 3950, 1258]"
2048,"[908, 110, 1035, 2948, 3753, 1580, 3409, 3450, 3555, 524, 2657, 266, 1327, 1544]"
2049,"[3089, 858, 1230, 2019, 750, 1221, 1212, 1256, 912, 3095, 3435, 910, 923, 950]"
2050,"[1258, 910, 1036, 457, 2782, 1206, 647, 3052, 3527, 1370, 165, 2639, 356, 3189]"
2051,"[446, 11, 39, 1183, 1653, 3175, 1584, 32, 2628, 1748, 1921, 2699, 1573, 329]"
2052,"[0, 0, 0, 0, 0, 0, 0, 0, 0, 223, 2858, 2188, 2706, 2683]"
2053,"[0, 0, 0, 0, 0, 0, 0, 2634, 1584, 527, 3249, 3430, 1210, 3936]"
2054,"[1449, 356, 1641, 440, 1042, 1517, 2683, 2571, 2770, 2716, 785, 3948, 653, 2094]"
2055,"[2118, 1321, 1341, 2550, 1982, 1407, 2455, 2519, 1994, 1645, 1350, 3081, 2710, 1974]"
2056,"[3469, 111, 3037, 1084, 1265, 2348, 162, 1242, 3075, 2020, 1258, 799, 407, 724]"
2057,"[34, 3005, 2433, 223, 3952, 3203, 2759, 3408, 2599, 3510, 2318, 2333, 2580, 1959]"
2058,"[3219, 2443, 2013, 2762, 2070, 3176, 3384, 908, 1259, 589, 1965, 266, 2160, 1580]"
2059,"[2167, 6, 1633, 1883, 1923, 2700, 249, 47, 356, 555, 1721, 748, 1676, 2329]"
2060,"[818, 196, 662, 328, 1126, 234, 3114, 3793, 1302, 2011, 3753, 3617, 3785, 1073]"
2061,"[0, 0, 3125, 581, 1617, 3098, 1957, 3930, 3626, 2858, 3160, 1259, 1284, 908]"
2062,"[2268, 293, 2194, 866, 3178, 2391, 2912, 592, 3328, 1729, 47, 555, 6, 3896]"
2063,"[3798, 337, 2589, 3784, 3453, 3786, 1648, 3052, 3147, 3510, 3554, 3858, 1333, 1024]"
2064,"[3101, 2160, 2527, 230, 3015, 3256, 1129, 1127, 2181, 2699, 3527, 3230, 2320, 832]"
2065,"[2571, 2762, 593, 1208, 2028, 1617, 448, 2329, 2997, 1, 1089, 2858, 1348, 2310]"
2066,"[3301, 2431, 3578, 266, 3252, 318, 110, 1356, 3175, 1580, 1372, 349, 2006, 1894]"
2067,"[2739, 1961, 2288, 3608, 2118, 1302, 3101, 2750, 592, 2139, 1376, 3552, 2985, 2245]"
2068,"[2797, 3072, 2918, 919, 590, 2640, 1376, 1356, 2470, 3699, 1073, 552, 736, 2405]"
2069,"[1747, 3255, 11, 728, 440, 3052, 342, 750, 910, 912, 1251, 858, 1212, 3730]"
2070,"[246, 1204, 3952, 2571, 1136, 3510, 3006, 3916, 2396, 2628, 1923, 1, 2916, 380]"
2071,"[3906, 296, 1617, 1252, 318, 3952, 1635, 3949, 1019, 2085, 356, 923, 678, 3911]"
2072,"[3244, 1286, 3524, 3614, 802, 2340, 2633, 351, 266, 3528, 1088, 339, 1441, 708]"
2073,"[2161, 1476, 2670, 2302, 2739, 901, 94, 2100, 3189, 2108, 372, 1061, 2240, 2871]"
2074,"[0, 2018, 1097, 1291, 1198, 2490, 110, 3753, 1732, 296, 1205, 2762, 589, 2858]"
2075,"[3039, 1611, 1237, 2858, 2997, 2683, 2710, 2433, 2037, 2369, 2541, 2599, 2757, 2959]"
2076,"[2725, 1078, 3812, 608, 1057, 3949, 1997, 2863, 1270, 2011, 2012, 2762, 3089, 2976]"
2077,"[2640, 3317, 2729, 924, 3396, 3741, 3812, 3893, 2300, 3949, 111, 2769, 780, 3565]"
2078,"[628, 2353, 2707, 733, 1722, 333, 3816, 1680, 1777, 356, 539, 1721, 3528, 788]"
2079,"[832, 2841, 1597, 1608, 10, 1615, 1792, 2699, 1833, 1752, 2232, 1479, 2722, 1544]"
2080,"[608, 318, 3095, 858, 1952, 904, 908, 3077, 3468, 1217, 1230, 246, 2858, 1204]"
2081,"[0, 0, 0, 356, 6, 1617, 1968, 1358, 3896, 3897, 3578, 3408, 3182, 3510]"
2082,"[2959, 3793, 3298, 589, 3481, 886, 2706, 260, 3189, 1136, 3160, 2700, 1753, 1923]"
2083,"[3105, 1270, 2396, 2762, 589, 1617, 2329, 2355, 2959, 1206, 1240, 2391, 2321, 1982]"
2084,"[588, 595, 1357, 161, 1645, 6, 1500, 1271, 628, 2058, 1885, 163, 3809, 3148]"
2085,"[3180, 255, 673, 1702, 325, 518, 2253, 2335, 1772, 1005, 2888, 88, 1864, 818]"
2086,"[0, 0, 2762, 1207, 1097, 1127, 2699, 2770, 3543, 2716, 913, 785, 968, 24]"
2087,"[110, 1035, 2791, 3450, 3624, 480, 551, 3510, 2948, 3753, 661, 1580, 3535, 3173]"
2088,"[3788, 3028, 911, 3546, 1028, 2993, 3633, 3654, 2136, 2729, 3296, 3507, 3062, 3487]"
2089,"[3535, 3578, 2427, 253, 2712, 2973, 2492, 3005, 3863, 3952, 3543, 3113, 2333, 2580]"
2090,"[2301, 1297, 3033, 2407, 2100, 3591, 2011, 2470, 2133, 2145, 2518, 2134, 2469, 3524]"
2091,"[1035, 3599, 945, 1380, 1088, 901, 938, 1932, 2746, 1032, 918, 1688, 3675, 2565]"
2092,"[2501, 3733, 1296, 943, 3038, 966, 3071, 681, 900, 915, 3498, 3499, 2971, 1161]"
2093,"[2558, 3865, 3160, 589, 2291, 2791, 2948, 480, 1171, 3300, 1580, 144, 3538, 266]"
2094,"[1931, 590, 1291, 3168, 2045, 910, 608, 296, 1953, 1034, 1084, 866, 2391, 1729]"
2095,"[3753, 3408, 3831, 3326, 3798, 3618, 2997, 2336, 2688, 2861, 2690, 2669, 2013, 2670]"
2096,"[1073, 2968, 1097, 3479, 2105, 2161, 3265, 1196, 1198, 858, 1221, 1036, 1214, 3702]"
2097,"[318, 788, 2587, 2858, 1485, 1769, 1885, 3185, 3578, 3863, 2987, 3948, 3793, 3744]"
2098,"[2107, 2315, 100, 882, 2890, 541, 3949, 3952, 3893, 3879, 1259, 2858, 3160, 110]"
2099,"[0, 356, 455, 1259, 589, 110, 3510, 2791, 2657, 2858, 3555, 1580, 266, 3409]"
2100,"[333, 1457, 252, 2724, 2558, 195, 368, 2510, 3301, 3299, 260, 1206, 1097, 1270]"
2101,"[1214, 1219, 1278, 2288, 2664, 1333, 1348, 1387, 2716, 1997, 3932, 2644, 1994, 2160]"
2102,"[3683, 1090, 3068, 2973, 1225, 2791, 1270, 1960, 1231, 2064, 3868, 1097, 3360, 3505]"
2103,"[1580, 3535, 750, 260, 1196, 29, 541, 1274, 741, 1214, 3948, 3462, 1250, 3429]"
2104,"[1345, 3740, 1923, 3655, 2504, 1251, 2505, 969, 2858, 1225, 1321, 2539, 1694, 2320]"
2105,"[902, 1542, 3578, 3911, 2439, 1263, 1997, 1278, 1345, 3702, 2117, 3897, 2140, 1079]"
2106,"[1186, 1046, 483, 1207, 3000, 3362, 1292, 2952, 3862, 913, 3504, 28, 2010, 3949]"
2107,"[175, 1198, 3386, 2858, 3160, 1394, 1732, 1704, 2700, 2348, 296, 1089, 3477, 2607]"
2108,"[0, 0, 3429, 858, 1393, 745, 1148, 50, 1223, 1265, 3114, 1, 2762, 1617]"
2109,"[2719, 273, 1499, 92, 160, 1503, 3751, 3798, 3301, 3615, 3618, 904, 223, 903]"
2110,"[1028, 588, 911, 3671, 3448, 1784, 2302, 367, 356, 3740, 3087, 2011, 3812, 2301]"
2111,"[0, 0, 0, 0, 0, 0, 0, 0, 3244, 3683, 858, 2936, 920, 1670]"
2112,"[1, 2858, 1397, 3418, 3114, 1721, 50, 1641, 11, 2268, 1584, 150, 590, 1610]"
2113,"[1035, 1261, 1269, 480, 1171, 3930, 3409, 1673, 1580, 70, 3927, 2454, 2657, 3627]"
2114,"[3361, 1994, 1347, 1974, 1205, 1302, 2011, 44, 858, 1221, 3107, 383, 1754, 2403]"
2115,"[3255, 2539, 1641, 1580, 141, 597, 585, 1476, 380, 1919, 608, 1358, 296, 1213]"
2116,"[1507, 1593, 2880, 432, 374, 575, 656, 1892, 2583, 349, 2058, 733, 2353, 165]"
2117,"[2700, 2070, 3176, 86, 1287, 969, 3153, 1019, 910, 947, 1294, 951, 955, 3088]"
2118,"[3868, 2174, 1394, 3361, 2065, 1270, 2248, 921, 3685, 2750, 2926, 1273, 1285, 2463]"
2119,"[34, 3384, 47, 3039, 1358, 3426, 2948, 357, 2739, 3169, 1101, 3256, 2193, 3499]"
2120,"[1465, 2291, 2890, 300, 3426, 223, 1517, 1732, 104, 2124, 1020, 543, 785, 216]"
2121,"[3341, 3364, 1226, 1086, 933, 3405, 3171, 3559, 3789, 1267, 750, 924, 3808, 1204]"
2122,"[1080, 1304, 3421, 1270, 3836, 3342, 1097, 1674, 3071, 1302, 1272, 1240, 3950, 3510]"
2123,"[1393, 2875, 539, 270, 339, 1894, 597, 2424, 1457, 207, 2506, 2168, 2724, 362]"
2124,"[491, 2469, 1884, 2736, 587, 2314, 3252, 2789, 1049, 2517, 2013, 543, 1520, 3283]"
2125,"[1688, 1566, 783, 1030, 1881, 48, 3949, 919, 3545, 1947, 1028, 914, 199, 2081]"
2126,"[2021, 589, 750, 924, 260, 1196, 1199, 1206, 1214, 541, 2288, 3702, 1077, 2662]"
2127,"[2335, 2794, 2796, 534, 39, 3225, 2297, 318, 1704, 1682, 150, 529, 1246, 3360]"
2128,"[0, 0, 0, 0, 0, 0, 0, 906, 3720, 1210, 594, 1284, 2858, 1580]"
2129,"[2455, 2118, 2003, 1130, 1346, 382, 1717, 2746, 532, 2517, 2367, 2389, 2107, 47]"
2130,"[2160, 3932, 3917, 3918, 2454, 3450, 1580, 3928, 2792, 891, 1327, 1970, 1973, 611]"
2131,"[2901, 3727, 2668, 3917, 2451, 968, 3660, 1128, 3838, 2513, 3708, 3840, 1909, 3175]"
2132,"[0, 0, 0, 0, 0, 0, 0, 2021, 260, 1200, 1214, 541, 924, 2010]"
2133,"[0, 0, 0, 0, 0, 0, 0, 0, 0, 0, 0, 0, 593, 1616]"
2134,"[3868, 2716, 3448, 3608, 2011, 2301, 2478, 2134, 2717, 2458, 2599, 2395, 1517, 352]"
2135,"[0, 0, 0, 1, 1270, 1252, 2469, 480, 497, 318, 3713, 2396, 1617, 246]"
2136,"[1923, 357, 11, 440, 2883, 587, 2496, 500, 1569, 2012, 1064, 2724, 520, 828]"
2137,"[24, 2672, 435, 2053, 2722, 3461, 2501, 34, 150, 3178, 2000, 2001, 1721, 671]"
2138,"[1527, 435, 512, 1603, 256, 1917, 748, 2722, 196, 1831, 2498, 1037, 1882, 160]"
2139,"[3516, 2694, 2352, 3705, 1333, 141, 2259, 3671, 2710, 3257, 2917, 3005, 2453, 3204]"
2140,"[1610, 1674, 2181, 3546, 2819, 3147, 3763, 2967, 3671, 1300, 1199, 1225, 1288, 2919]"
2141,"[0, 3101, 381, 3088, 110, 3360, 2291, 2455, 3481, 2858, 524, 908, 1327, 2160]"
2142,"[3362, 47, 1084, 1617, 2762, 1625, 457, 2952, 1610, 1343, 161, 587, 1645, 454]"
2143,"[2879, 2880, 380, 1918, 1635, 1748, 3819, 2289, 2599, 1230, 2997, 223, 39, 1066]"
2144,"[2804, 1704, 1655, 1347, 2232, 2329, 3147, 1222, 2716, 193, 44, 16, 2420, 2421]"
2145,"[1025, 364, 2018, 3034, 661, 1029, 3397, 2005, 2294, 2161, 1588, 3398, 2083, 1566]"
2146,"[2640, 493, 3578, 592, 2427, 1127, 21, 2916, 474, 1916, 3702, 1429, 1370, 112]"
2147,"[1372, 788, 2393, 1213, 2692, 1466, 293, 1729, 2542, 47, 1147, 596, 2085, 2102]"
2148,"[2124, 1517, 1485, 2478, 2567, 2718, 63, 3752, 1513, 70, 552, 252, 520, 3177]"
2149,"[1261, 1284, 1035, 2791, 1269, 2291, 3481, 3160, 551, 480, 1171, 1580, 2455, 1673]"
2150,"[1197, 2692, 1198, 2028, 457, 3418, 1387, 1219, 2710, 1994, 1347, 1407, 2003, 1991]"
2151,"[0, 1280, 912, 1284, 908, 3357, 3928, 3929, 2791, 2948, 589, 1269, 2291, 2454]"
2152,"[0, 0, 0, 0, 0, 1198, 1961, 3793, 3624, 3300, 3578, 3753, 3555, 3717]"
2153,"[327, 3098, 1298, 1321, 2115, 3388, 2502, 1541, 1064, 1445, 445, 432, 3708, 2015]"
2154,"[1945, 593, 3629, 1219, 1262, 1223, 1080, 296, 1198, 34, 1, 318, 950, 1278]"
2155,"[2784, 2454, 1345, 2148, 532, 2782, 2459, 2004, 2519, 2613, 512, 3908, 3826, 2513]"
2156,"[62, 1777, 532, 1895, 410, 2120, 3252, 2089, 2826, 1713, 552, 2572, 2335, 3254]"
2157,"[1393, 180, 364, 1909, 2710, 1271, 1805, 11, 357, 1059, 588, 595, 2080, 1282]"
2158,"[1220, 3499, 348, 1230, 923, 428, 110, 1291, 1960, 1097, 1259, 589, 551, 2291]"
2159,"[2208, 1260, 3089, 41, 3095, 1202, 1212, 2932, 750, 3134, 318, 3093, 3435, 1248]"
2160,"[0, 0, 0, 0, 0, 0, 0, 441, 1073, 2795, 1235, 3421, 34, 3114]"
2161,"[3044, 2282, 1354, 1357, 363, 377, 534, 1914, 1721, 506, 1480, 1624, 3723, 1211]"
2162,"[562, 3253, 3809, 2145, 564, 3108, 339, 1020, 378, 45, 585, 3450, 3087, 2150]"
2163,"[376, 208, 2126, 3257, 204, 996, 360, 2997, 1265, 1517, 1923, 69, 1500, 2321]"
2164,"[1290, 3699, 1298, 230, 2145, 3478, 2245, 2429, 292, 3480, 2059, 621, 2262, 3834]"
2165,"[1213, 1589, 135, 608, 2391, 293, 1073, 2294, 1193, 1095, 2959, 2416, 3552, 16]"
2166,"[2918, 3868, 1214, 2501, 2762, 3253, 457, 1258, 1387, 1259, 2947, 919, 1270, 2791]"
2167,"[1876, 3698, 512, 1391, 338, 3661, 172, 185, 379, 1544, 3662, 3660, 2900, 880]"
2168,"[63, 1078, 3952, 2085, 145, 164, 538, 2764, 953, 1274, 1225, 1199, 1059, 2478]"
2169,"[2826, 2279, 1644, 891, 2389, 2315, 2719, 1993, 2107, 1992, 1449, 3114, 1223, 356]"
2170,"[2407, 3098, 2463, 1124, 2369, 2081, 2247, 1081, 2406, 2117, 2114, 2757, 2240, 2469]"
2171,"[1617, 2859, 1213, 1304, 154, 1247, 2997, 1293, 306, 1136, 3504, 1635, 1211, 1238]"
2172,"[14, 2144, 1282, 766, 2081, 175, 590, 3860, 2195, 3809, 2496, 2718, 553, 2282]"
2173,"[3107, 1015, 2424, 339, 1728, 1701, 468, 893, 60, 105, 203, 1717, 506, 2803]"
2174,"[538, 3246, 1535, 62, 1399, 831, 1735, 2427, 3252, 483, 562, 507, 896, 105]"
2175,"[1036, 3147, 1240, 3793, 1396, 3354, 3360, 318, 593, 3466, 3624, 3481, 3173, 3596]"
2176,"[1252, 1289, 104, 3363, 2804, 3679, 1649, 1095, 2952, 785, 3081, 2966, 3181, 2359]"
2177,"[2599, 2609, 2357, 497, 2324, 1704, 1734, 1392, 150, 1041, 1812, 2908, 36, 1265]"
2178,"[3178, 52, 1923, 543, 3052, 2108, 356, 367, 444, 3809, 2124, 587, 852, 1711]"
2179,"[1873, 1678, 3176, 1683, 2427, 50, 457, 2762, 2803, 733, 454, 349, 3044, 3055]"
2180,"[1093, 1416, 2099, 1262, 1274, 1204, 2987, 1287, 828, 303, 1, 3114, 595, 3034]"
2181,"[3675, 2940, 907, 928, 899, 1944, 1307, 2962, 497, 1947, 3699, 58, 1542, 377]"
2182,"[0, 0, 0, 0, 0, 593, 902, 3882, 3512, 3513, 3594, 3565, 3753, 3484]"
2183,"[357, 1304, 1210, 2572, 2881, 2336, 2599, 3175, 2690, 913, 2390, 2622, 968, 3606]"
2184,"[2355, 2710, 2770, 2976, 223, 2336, 2599, 3175, 2757, 2959, 2333, 785, 3174, 2734]"
2185,"[50, 1208, 1262, 1952, 1953, 2932, 973, 3469, 3545, 3588, 1240, 1203, 1213, 1263]"
2186,"[886, 1882, 3841, 2422, 3705, 611, 1681, 1259, 590, 480, 112, 1676, 1580, 2916]"
2187,"[1580, 349, 1805, 2490, 198, 508, 2841, 3219, 380, 2617, 2124, 3145, 1356, 1909]"
2188,"[2692, 858, 308, 3949, 3521, 928, 1136, 2398, 32, 2918, 223, 1035, 1114, 2144]"
2189,"[0, 2028, 2764, 1210, 1270, 3763, 2683, 2355, 2881, 2858, 1127, 2694, 2605, 3175]"
2190,"[1704, 1266, 3911, 1214, 17, 260, 1394, 1197, 1242, 150, 1224, 914, 2194, 1196]"
2191,"[0, 0, 858, 2624, 1083, 2396, 3114, 2321, 3175, 1580, 440, 2501, 2858, 318]"
2192,"[377, 3763, 1527, 1580, 1101, 3107, 1573, 10, 2006, 2414, 2528, 780, 2393, 1391]"
2193,"[0, 1196, 3623, 2571, 3000, 3751, 2826, 2858, 1127, 2694, 3298, 2959, 3578, 3174]"
2194,"[3698, 2377, 1917, 1198, 1214, 1233, 1036, 1201, 110, 1222, 2872, 2194, 1275, 3578]"
2195,"[56, 2012, 2949, 1479, 1374, 1722, 1608, 2116, 1136, 1020, 1167, 3000, 2640, 2641]"
2196,"[2706, 3534, 2997, 3298, 2908, 2355, 3203, 2881, 1093, 3408, 2336, 2712, 3409, 3510]"
2197,"[3751, 1288, 919, 3159, 899, 595, 2080, 914, 1947, 346, 588, 900, 2565, 1028]"
2198,"[2407, 7, 2371, 3253, 3255, 1125, 1485, 3809, 500, 3398, 586, 2424, 1380, 2301]"
2199,"[2318, 2333, 2716, 2580, 3578, 2690, 2856, 2761, 3008, 913, 3160, 3174, 2390, 2585]"
2200,"[1527, 1580, 2916, 1676, 2628, 2699, 1372, 2232, 780, 1876, 442, 2393, 329, 1356]"
2201,"[1016, 1262, 1952, 1272, 1234, 1193, 3421, 3363, 1291, 1196, 1210, 1017, 362, 592]"
2202,"[1517, 1042, 104, 141, 2572, 2671, 539, 1588, 2706, 216, 1747, 339, 2581, 663]"
2203,"[2683, 3388, 3394, 2375, 2098, 2478, 520, 3258, 2794, 485, 3688, 2259, 435, 1018]"
2204,"[3002, 2780, 1253, 2660, 2661, 2664, 2667, 3659, 1301, 2287, 2454, 2656, 2662, 2663]"
2205,"[2750, 3612, 2739, 2240, 1302, 2068, 1951, 2746, 353, 342, 1377, 532, 1587, 2161]"
2206,"[590, 2268, 1797, 356, 647, 3255, 509, 1356, 539, 2318, 1370, 538, 3256, 249]"
2207,"[0, 0, 0, 2628, 2791, 3249, 1961, 1259, 2858, 3327, 110, 589, 1580, 3555]"
2208,"[260, 3504, 1466, 3252, 2329, 1812, 1147, 3751, 2952, 1910, 1228, 1225, 2692, 1912]"
2209,"[0, 0, 0, 0, 0, 0, 0, 0, 0, 105, 3882, 3911, 1148, 1734]"
2210,"[0, 0, 0, 0, 0, 0, 3471, 1193, 3163, 1840, 647, 1198, 246, 342]"
2211,"[2080, 3088, 3405, 3548, 1086, 2087, 2670, 3675, 3379, 1019, 2967, 2941, 982, 2363]"
2212,"[2762, 2700, 3114, 2763, 2987, 318, 3948, 3555, 3535, 3484, 589, 3450, 2792, 1544]"
2213,"[3897, 3911, 908, 2858, 2791, 1248, 589, 1673, 1261, 2291, 2160, 3481, 1171, 277]"
2214,"[1234, 1188, 1, 1278, 1394, 3421, 2918, 1079, 1270, 2174, 595, 34, 364, 362]"
2215,"[1089, 1625, 16, 1834, 1732, 2542, 6, 1645, 521, 1355, 3020, 555, 3386, 1711]"
2216,"[0, 1197, 1956, 1201, 3911, 3865, 2750, 1449, 858, 1221, 125, 1732, 141, 1207]"
2217,"[0, 0, 0, 3101, 592, 3633, 1174, 1186, 1258, 1458, 1503, 2023, 3251, 2671]"
2218,"[2858, 1171, 110, 1269, 1284, 2291, 2160, 551, 3160, 1261, 1965, 3936, 3450, 3917]"
2219,"[1094, 1183, 3105, 2427, 3252, 1271, 805, 590, 1747, 2268, 454, 508, 412, 225]"
2220,"[3256, 1721, 3481, 3594, 3457, 869, 1233, 2858, 296, 608, 2762, 2804, 1304, 1537]"
2221,"[3159, 2395, 1885, 778, 1673, 2321, 2912, 1883, 1834, 417, 2359, 1914, 1094, 272]"
2222,"[590, 11, 3259, 2739, 3526, 2243, 2023, 1701, 524, 3185, 2861, 2520, 3528, 3257]"
2223,"[2617, 10, 165, 500, 1608, 1566, 661, 339, 2006, 597, 231, 303, 434, 784]"
2224,"[1199, 3702, 32, 1200, 1077, 2288, 968, 3471, 1301, 1, 3429, 1148, 3114, 2761]"
2225,"[608, 3551, 1674, 2917, 2212, 2770, 3175, 785, 2987, 34, 905, 2693, 3916, 3728]"
2226,"[2000, 1518, 457, 2762, 1704, 2858, 3006, 678, 2391, 2890, 3255, 50, 441, 2599]"
2227,"[1625, 1270, 1240, 1129, 2117, 2985, 2858, 260, 1198, 858, 2000, 2194, 110, 1036]"
2228,"[2628, 2490, 1356, 1518, 145, 377, 780, 1608, 1676, 2006, 748, 316, 329, 736]"
2229,"[0, 3072, 3255, 3897, 2396, 2997, 1883, 3114, 1, 1265, 2321, 356, 440, 1747]"
2230,"[2506, 113, 1488, 1683, 3186, 361, 2272, 3723, 1027, 279, 1810, 224, 605, 613]"
2231,"[1256, 905, 936, 945, 907, 919, 920, 978, 3134, 594, 3629, 3555, 3535, 3534]"
2232,"[159, 3756, 3863, 3745, 3751, 3483, 3949, 3911, 3317, 3952, 3948, 3298, 3852, 3408]"
2233,"[529, 3105, 337, 2291, 2866, 2313, 1955, 3546, 1271, 943, 508, 2329, 1286, 1834]"
2234,"[0, 0, 0, 0, 0, 0, 454, 1961, 913, 1238, 904, 1617, 1212, 1284]"
2235,"[1887, 2858, 608, 110, 527, 1213, 293, 2291, 1704, 1682, 1784, 1393, 2501, 150]"
2236,"[3408, 3882, 3887, 3916, 3793, 3185, 3624, 3623, 3753, 3615, 3755, 3861, 3300, 3827]"
2237,"[2249, 468, 1829, 3791, 3524, 1801, 1416, 1051, 254, 2082, 203, 277, 292, 1417]"
2238,"[1594, 1916, 523, 1466, 2611, 2276, 3060, 265, 279, 3160, 2686, 45, 3108, 1788]"
2239,"[1590, 3897, 353, 2918, 223, 2827, 3863, 2599, 3752, 2686, 2840, 2115, 1291, 2311]"
2240,"[1198, 1204, 919, 2871, 480, 1408, 1207, 1266, 553, 1610, 457, 1358, 608, 1036]"
2241,"[2067, 3668, 1035, 2085, 2529, 3296, 3451, 3546, 2870, 3507, 1083, 1017, 968, 3926]"
2242,"[1569, 708, 3809, 1485, 2124, 500, 2770, 2746, 3247, 1747, 252, 2413, 1091, 2717]"
2243,"[920, 2396, 1214, 1213, 904, 910, 1394, 1079, 1283, 3421, 1206, 903, 3090, 2664]"
2244,"[926, 2966, 1136, 3949, 3950, 3916, 3174, 3893, 3952, 1248, 951, 3929, 2948, 3160]"
2245,"[0, 0, 0, 3174, 3948, 3897, 3863, 3535, 3751, 3785, 3893, 3536, 3752, 3616]"
2246,"[1535, 1207, 1250, 3198, 3317, 3481, 3783, 1797, 293, 3135, 3811, 1704, 2918, 417]"
2247,"[1253, 1259, 3873, 593, 1276, 1252, 1944, 919, 3095, 3152, 905, 1304, 916, 954]"
2248,"[2384, 1947, 1035, 914, 3061, 595, 1022, 1029, 918, 1380, 2565, 2657, 1088, 2877]"
2249,"[1608, 588, 1064, 1214, 1690, 3701, 1200, 2858, 1225, 2329, 2706, 3725, 1321, 11]"
2250,"[2791, 551, 3624, 480, 3160, 1580, 3555, 3300, 3510, 3535, 266, 2792, 70, 3]"
2251,"[1124, 3358, 1958, 72, 748, 3015, 2111, 3263, 253, 2420, 3397, 2518, 2530, 3698]"
2252,"[0, 0, 0, 0, 0, 0, 0, 0, 0, 733, 3421, 441, 3114, 1784]"
2253,"[1270, 1291, 1374, 2916, 2406, 2640, 2899, 1580, 1073, 2115, 2470, 2057, 2628, 1129]"
2254,"[3444, 1356, 1408, 1129, 493, 2527, 2001, 733, 2406, 2353, 3178, 1220, 2991, 2826]"
2255,"[1584, 1374, 1258, 3499, 1345, 1994, 968, 1321, 1334, 2288, 2517, 2121, 2987, 1223]"
2256,"[589, 2028, 457, 21, 2916, 480, 110, 1610, 1580, 590, 986, 362, 733, 349]"
2257,"[0, 2763, 3510, 3753, 3594, 3512, 3554, 3578, 3825, 3453, 1721, 2443, 1307, 356]"
2258,"[361, 597, 1629, 1821, 339, 236, 207, 2468, 2571, 1242, 2959, 1960, 1201, 599]"
2259,"[377, 2949, 1885, 39, 425, 1172, 2791, 535, 1682, 1077, 2915, 3700, 1729, 2067]"
2260,"[0, 0, 0, 0, 0, 1968, 1210, 440, 110, 2028, 1883, 2542, 2396, 2599]"
2261,"[1093, 2336, 2599, 3510, 3717, 3578, 3053, 3354, 3752, 1959, 2490, 2396, 2762, 2841]"
2262,"[2006, 1197, 2987, 1615, 3114, 1079, 1, 1265, 2716, 3868, 356, 1517, 2174, 588]"
2263,"[2700, 1968, 1220, 663, 3363, 231, 104, 1517, 3809, 1784, 2463, 2000, 21, 3108]"
2264,"[1014, 2080, 933, 3548, 1016, 912, 913, 2398, 3936, 2202, 1282, 953, 1029, 943]"
2265,"[2770, 1254, 1262, 919, 1303, 1204, 2871, 1931, 952, 1017, 590, 2406, 1806, 3699]"
2266,"[1466, 261, 2294, 1686, 1580, 1266, 3252, 1354, 1619, 454, 2391, 1672, 1094, 364]"
2267,"[1288, 1225, 3019, 1231, 2988, 2065, 2194, 2130, 2313, 1299, 2243, 3685, 1185, 3526]"
2268,"[1028, 1220, 39, 2858, 2282, 728, 1148, 2324, 3108, 224, 1732, 1441, 2359, 1784]"
2269,"[0, 0, 0, 0, 0, 0, 0, 0, 3101, 11, 480, 318, 2159, 3481]"
2270,"[3826, 3745, 1610, 2916, 2985, 1954, 2410, 3301, 3039, 924, 2311, 2628, 260, 3510]"
2271,"[3088, 1226, 3363, 923, 950, 3435, 908, 3095, 3468, 1219, 899, 1945, 1069, 1256]"
2272,"[1136, 858, 1221, 1953, 1206, 1344, 1266, 1343, 1955, 1956, 1321, 1527, 2916, 3527]"
2273,"[3176, 2664, 2815, 1429, 1393, 480, 2420, 3760, 785, 3479, 1485, 2000, 2991, 3208]"
2274,"[2174, 2193, 1073, 2021, 2161, 2005, 2093, 3489, 1009, 3438, 2162, 2086, 2143, 3598]"
2275,"[2916, 3516, 2770, 3203, 2433, 2369, 2881, 2336, 3543, 2959, 3053, 3219, 1959, 2686]"
2276,"[1084, 1089, 2278, 2000, 3763, 6, 431, 2194, 1227, 1466, 555, 1645, 1729, 164]"
2277,"[0, 0, 0, 0, 0, 0, 0, 0, 1956, 527, 3147, 3114, 1784, 2431]"
2278,"[3408, 293, 1965, 2529, 3927, 3936, 2706, 3543, 2688, 3175, 913, 785, 968, 2490]"
2279,"[2115, 1088, 3844, 2111, 3701, 2787, 2134, 2469, 1346, 3016, 2475, 2517, 3758, 2054]"
2280,"[2268, 2686, 388, 1639, 2324, 272, 1784, 3723, 1358, 73, 1095, 1635, 3176, 1584]"
2281,"[1204, 1207, 908, 3201, 1219, 905, 50, 923, 919, 608, 1964, 1206, 1228, 1957]"
2282,"[788, 1614, 2431, 1665, 2002, 333, 1198, 1291, 1036, 2194, 3703, 1214, 1287, 2406]"
2283,"[2997, 2770, 2599, 3543, 1093, 2336, 3159, 2716, 3578, 2690, 3053, 3174, 3752, 968]"
2284,"[1200, 1240, 1199, 2529, 1206, 1210, 1077, 1584, 1921, 2916, 3576, 1376, 1580, 2407]"
2285,"[3534, 3510, 3594, 3565, 3484, 1193, 2571, 2762, 593, 1721, 3453, 356, 2396, 1873]"
2286,"[1911, 2688, 2959, 785, 2568, 2581, 2490, 1513, 24, 2840, 2701, 2763, 1580, 2791]"
2287,"[356, 2918, 1272, 750, 1299, 912, 3066, 527, 1204, 1294, 1090, 1242, 1200, 2944]"
2288,"[2427, 1288, 1212, 1207, 1248, 3163, 1254, 778, 1682, 32, 1266, 903, 3068, 562]"
2289,"[1296, 356, 2080, 2087, 914, 73, 919, 1951, 1282, 900, 2565, 1035, 1380, 3549]"
2290,"[367, 2081, 588, 500, 1645, 349, 3107, 281, 539, 1457, 597, 225, 736, 3039]"
2291,"[1210, 592, 2406, 1356, 1580, 362, 112, 648, 1376, 2405, 2628, 1375, 1377, 329]"
2292,"[0, 0, 0, 0, 0, 0, 0, 0, 0, 0, 0, 858, 589, 480]"
2293,"[943, 3685, 3358, 1946, 2919, 1296, 2243, 933, 838, 1266, 599, 3467, 3681, 1209]"
2294,"[1393, 73, 1283, 11, 1276, 2194, 920, 590, 1210, 1287, 3471, 440, 952, 1947]"
2295,"[2983, 858, 3527, 2826, 1459, 1127, 1541, 2085, 1367, 3534, 2439, 2846, 3251, 1608]"
2296,"[0, 0, 0, 0, 0, 0, 1899, 1193, 1210, 2858, 608, 110, 1259, 3148]"
2297,"[1207, 2028, 1262, 2728, 2313, 1242, 1610, 150, 2947, 1200, 3468, 457, 3634, 1953]"
2298,"[2763, 86, 3916, 3481, 3148, 3555, 3753, 589, 608, 110, 908, 2791, 1249, 1259]"
2299,"[2571, 1210, 1376, 1127, 480, 1584, 2628, 1396, 1573, 1580, 780, 3175, 1909, 2105]"
2300,"[1247, 2067, 1674, 1947, 377, 356, 266, 587, 1270, 1, 1259, 1234, 590, 1266]"
2301,"[3481, 3328, 3556, 3852, 3571, 1299, 3091, 1185, 3019, 2243, 3424, 2076, 1224, 2022]"
2302,"[2923, 3148, 144, 3513, 1544, 1380, 1088, 1093, 1772, 527, 541, 1233, 924, 1299]"
2303,"[2973, 1292, 1234, 2997, 1265, 952, 1394, 3451, 34, 2918, 1080, 3088, 3507, 2763]"
2304,"[2180, 2983, 1249, 373, 1845, 1047, 1603, 1661, 423, 1003, 23, 338, 1862, 1752]"
2305,"[21, 3809, 3052, 492, 1784, 357, 852, 3255, 356, 597, 1794, 1614, 2171, 141]"
2306,"[911, 1183, 1197, 1639, 1393, 534, 838, 215, 1498, 417, 351, 2943, 932, 1088]"
2307,"[1885, 1179, 25, 2912, 648, 3317, 2683, 2355, 2706, 2710, 2572, 2770, 223, 2690]"
2308,"[3927, 260, 2872, 2797, 1097, 2140, 3153, 1019, 2628, 2105, 2173, 2193, 2015, 2021]"
2309,"[1231, 2268, 3147, 1259, 1124, 2612, 1940, 3871, 1302, 3148, 1584, 3510, 161, 1955]"
2310,"[2599, 39, 523, 1, 1188, 318, 34, 1089, 2997, 2396, 1094, 3114, 2761, 1023]"
2311,"[0, 0, 0, 0, 898, 2231, 260, 1297, 2028, 2858, 538, 3408, 1259, 3510]"
2312,"[0, 0, 0, 719, 1210, 2401, 1378, 1270, 3699, 1376, 3527, 1240, 1127, 1375]"
2313,"[2571, 1240, 1270, 1097, 3702, 2916, 2455, 1127, 2117, 2664, 1019, 2407, 2528, 3927]"
2314,"[0, 0, 1466, 2427, 2858, 3179, 2997, 2908, 2369, 2599, 2318, 3578, 3160, 2734]"
2315,"[0, 0, 0, 0, 0, 0, 0, 0, 3654, 1263, 593, 2072, 3420, 1203]"
2316,"[1721, 3253, 1370, 141, 1517, 165, 1092, 1396, 3751, 3507, 2959, 1097, 3635, 2949]"
2317,"[2428, 2959, 2716, 3578, 2676, 3174, 3623, 2502, 1959, 2394, 1513, 3185, 2395, 2396]"
2318,"[527, 3420, 924, 2826, 1251, 1127, 344, 3070, 969, 3841, 1608, 1942, 2858, 1225]"
2319,"[1296, 541, 1293, 1674, 1196, 2919, 1231, 3068, 2797, 2987, 1240, 2243, 1302, 2716]"
2320,"[468, 2390, 597, 2671, 1042, 3247, 342, 141, 339, 1542, 2883, 2436, 2249, 1463]"
2321,"[3450, 333, 500, 1020, 2060, 788, 785, 122, 2692, 1036, 377, 47, 1610, 3536]"
2322,"[3252, 1784, 36, 805, 356, 3418, 480, 1393, 1923, 454, 3147, 350, 34, 2321]"
2323,"[231, 3706, 3169, 1287, 1042, 3476, 3253, 1955, 2111, 532, 125, 1200, 1148, 3204]"
2324,"[1222, 1288, 1834, 3424, 1253, 954, 1263, 3334, 1639, 110, 1094, 1944, 994, 1120]"
2325,"[0, 0, 0, 0, 0, 0, 0, 0, 0, 1639, 26, 110, 2858, 2997]"
2326,"[260, 316, 2907, 3452, 3668, 3107, 2122, 1339, 2888, 2924, 3578, 3510, 3793, 3481]"
2327,"[480, 1580, 1518, 1608, 2628, 292, 3114, 2700, 2997, 2571, 1676, 671, 780, 1909]"
2328,"[0, 0, 0, 0, 0, 1721, 1944, 1610, 589, 2948, 3408, 3450, 3928, 3]"
2329,"[0, 0, 0, 3035, 902, 2690, 1941, 2935, 912, 596, 913, 951, 2398, 1269]"
2330,"[2662, 1396, 2407, 1376, 2117, 2628, 780, 3638, 1262, 919, 969, 1303, 1198, 897]"
2331,"[2734, 2070, 3176, 2763, 1957, 1625, 1805, 50, 3536, 3186, 1816, 3408, 1198, 111]"
2332,"[1299, 2969, 3549, 1945, 912, 1207, 922, 2396, 1254, 1952, 1267, 904, 910, 1219]"
2333,"[2349, 155, 356, 745, 1358, 2762, 1610, 3176, 2997, 2272, 3578, 3751, 1092, 471]"
2334,"[3350, 904, 1103, 939, 515, 3100, 376, 1231, 151, 520, 916, 2406, 7, 915]"
2335,"[1376, 3927, 2009, 1278, 1294, 1080, 1230, 3037, 3814, 3671, 3836, 1234, 1244, 1125]"
2336,"[0, 0, 0, 0, 1193, 1408, 110, 3702, 3703, 1198, 1240, 3836, 1201, 2944]"
2337,"[316, 2916, 380, 1610, 2278, 480, 349, 377, 1356, 1573, 780, 1370, 3256, 2273]"
2338,"[3418, 3654, 592, 2993, 1610, 3633, 3256, 1148, 1252, 903, 904, 913, 1617, 2467]"
2339,"[1221, 1721, 1952, 1198, 180, 3595, 3948, 3929, 3921, 3922, 356, 539, 1569, 587]"
2340,"[480, 2991, 3704, 2989, 3698, 1101, 2347, 2528, 3082, 292, 2376, 2616, 926, 1103]"
2341,"[908, 3930, 2532, 2533, 1580, 2530, 3927, 480, 1127, 2770, 3175, 2716, 3174, 2396]"
2342,"[912, 1617, 1206, 260, 1240, 1196, 1197, 2571, 1200, 3104, 1036, 1215, 3000, 1261]"
2343,"[2565, 1022, 1035, 2087, 3199, 3549, 1951, 1081, 588, 2081, 2096, 2746, 1032, 364]"
2344,"[1136, 1197, 3114, 1292, 3421, 1234, 2918, 2000, 934, 1220, 1265, 1060, 1663, 2700]"
2345,"[0, 0, 0, 0, 0, 0, 1221, 3201, 858, 750, 3121, 919, 608, 1387]"
2346,"[1416, 1057, 1088, 3604, 1198, 3000, 10, 733, 1527, 1722, 21, 2763, 2273, 2006]"
2347,"[0, 0, 0, 0, 0, 912, 858, 480, 260, 1304, 3555, 589, 1036, 2028]"
2348,"[2193, 2021, 2105, 2143, 1263, 3363, 3198, 1161, 3167, 2907, 1233, 953, 2664, 1301]"
2349,"[912, 919, 246, 1250, 1252, 899, 1299, 1224, 1225, 3683, 1217, 1259, 2243, 1962]"
2350,"[539, 543, 1088, 595, 2099, 783, 1028, 1035, 1220, 588, 364, 2102, 1566, 1022]"
2351,"[1267, 750, 1219, 924, 1304, 902, 1252, 1206, 1230, 1136, 260, 111, 1244, 1263]"
2352,"[1333, 3476, 2118, 1994, 2455, 253, 1130, 1339, 1327, 1346, 3016, 2454, 2519, 2513]"
2353,"[3100, 376, 1096, 1955, 230, 2739, 3255, 539, 2424, 3111, 454, 3068, 3194, 349]"
2354,"[1253, 2916, 2985, 1129, 1019, 1653, 1376, 1374, 1573, 2009, 3070, 3699, 1356, 2699]"
2355,"[1197, 911, 3096, 300, 2949, 1393, 1291, 348, 902, 261, 21, 2206, 3039, 1036]"
2356,"[0, 0, 0, 0, 0, 1270, 1193, 3224, 1207, 1247, 3011, 1952, 1084, 2067]"
2357,"[2371, 3408, 3513, 3753, 3160, 3579, 3409, 3173, 3534, 3555, 3286, 3354, 3484, 3798]"
2358,"[2908, 2433, 2881, 2605, 3408, 2688, 3510, 3578, 3219, 1959, 299, 2013, 2670, 3185]"
2359,"[2355, 3203, 2433, 1959, 2670, 2987, 3129, 1127, 2694, 3751, 3615, 2759, 3408, 3510]"
2360,"[608, 589, 2791, 2657, 2987, 2871, 3036, 2406, 3494, 1136, 1304, 1080, 1394, 1278]"
2361,"[2590, 356, 2791, 2064, 1394, 3387, 2000, 1079, 1307, 1172, 2746, 2247, 2738, 2349]"
2362,"[593, 209, 3263, 296, 2858, 1259, 2791, 1704, 785, 1923, 1608, 2387, 3536, 3949]"
2363,"[480, 1035, 1580, 2948, 2291, 2455, 2160, 3624, 3555, 3535, 2454, 3484, 70, 3409]"
2364,"[2067, 2282, 1721, 2108, 497, 3255, 104, 919, 3675, 3545, 1947, 3061, 899, 1028]"
2365,"[1294, 1230, 1234, 3244, 3654, 2944, 2947, 2948, 2949, 260, 1387, 1954, 2367, 1198]"
2366,"[0, 0, 3072, 260, 1270, 1307, 457, 377, 474, 480, 3256, 1772, 1580, 1616]"
2367,"[110, 1610, 733, 1370, 2058, 349, 1608, 380, 3107, 2763, 736, 1479, 3257, 1]"
2368,"[46, 1465, 282, 2875, 2269, 537, 2432, 3020, 455, 2419, 140, 1726, 3465, 3449]"
2369,"[111, 1267, 608, 3706, 2762, 928, 1036, 1240, 1617, 457, 2917, 1089, 1625, 3505]"
2370,"[3916, 593, 541, 260, 899, 1198, 678, 3421, 1207, 928, 1387, 36, 904, 2612]"
2371,"[3259, 3512, 207, 539, 266, 1888, 74, 3, 140, 3528, 1, 3948, 2546, 3408]"
2372,"[1268, 3148, 2396, 34, 2359, 11, 357, 39, 3255, 2321, 2355, 144, 1784, 2424]"
2373,"[0, 0, 0, 0, 967, 1948, 2015, 3375, 1785, 1252, 1284, 1617, 2186, 3334]"
2374,"[2001, 2628, 3702, 1608, 3107, 353, 368, 780, 3441, 1378, 2476, 3704, 434, 1587]"
2375,"[0, 1961, 480, 1210, 2858, 2529, 2791, 3148, 2948, 2291, 2160, 3408, 1035, 3160]"
2376,"[1204, 2745, 2467, 1203, 924, 3468, 3361, 1580, 1266, 223, 1307, 1784, 1035, 144]"
2377,"[3362, 3543, 589, 260, 1196, 1036, 1201, 1233, 1954, 1242, 457, 2916, 377, 2944]"
2378,"[3484, 1617, 1213, 608, 3006, 296, 1878, 2762, 1, 337, 1358, 1266, 3100, 47]"
2379,"[2087, 3534, 2890, 349, 1968, 527, 1207, 318, 1080, 1947, 260, 1242, 3114, 1213]"
2380,"[1957, 1222, 3952, 923, 1136, 902, 932, 914, 3451, 1203, 915, 3287, 2683, 1947]"
2381,"[0, 0, 0, 0, 0, 0, 0, 0, 0, 0, 0, 0, 3089, 2858]"
2382,"[110, 2455, 3555, 266, 1580, 1544, 2699, 2355, 2599, 3578, 2761, 968, 1959, 2669]"
2383,"[2137, 661, 1566, 750, 541, 1240, 589, 3033, 2091, 1219, 2212, 2183, 2078, 1947]"
2384,"[1036, 1721, 34, 364, 588, 2355, 1713, 2046, 586, 1367, 3513, 2762, 1610, 1343]"
2385,"[0, 0, 0, 0, 0, 0, 0, 0, 2683, 110, 2028, 3270, 1704, 919]"
2386,"[1031, 2005, 3157, 1013, 1713, 1009, 586, 1, 2078, 919, 3396, 1097, 589, 457]"
2387,"[1393, 1147, 2700, 1912, 1923, 1120, 529, 3271, 3267, 555, 293, 441, 778, 3253]"
2388,"[0, 527, 1222, 858, 1304, 1221, 2028, 457, 1387, 1240, 1242, 1953, 1036, 1220]"
2389,"[1120, 1127, 2336, 3624, 2167, 300, 3608, 2108, 3255, 1370, 2455, 440, 2355, 3253]"
2390,"[1923, 2012, 378, 3536, 3512, 1408, 1265, 17, 362, 2125, 1721, 2291, 1393, 11]"
2391,"[1544, 3173, 858, 1036, 1221, 1233, 457, 1304, 1200, 2028, 1240, 593, 1617, 3147]"
2392,"[3408, 2336, 2688, 2716, 2392, 913, 2390, 2574, 2013, 2394, 2598, 2906, 2396, 2724]"
2393,"[1387, 2997, 1304, 3789, 3461, 265, 1303, 2028, 589, 1408, 1610, 480, 110, 2058]"
2394,"[10, 380, 1372, 1552, 434, 158, 1917, 2094, 2822, 316, 1258, 3499, 1387, 1997]"
2395,"[2872, 2352, 3210, 1957, 2114, 2915, 2076, 1663, 2115, 2150, 1704, 597, 1, 2988]"
2396,"[608, 318, 50, 1277, 296, 2997, 2858, 2324, 589, 2396, 994, 2762, 232, 457]"
2397,"[17, 28, 1296, 461, 342, 265, 1189, 549, 1111, 903, 904, 950, 1269, 800]"
2398,"[1298, 350, 1619, 1693, 3145, 592, 3404, 3753, 831, 3546, 3477, 3844, 266, 22]"
2399,"[0, 0, 0, 0, 0, 0, 1350, 3307, 1256, 1269, 908, 2858, 608, 3929]"
2400,"[1387, 2716, 1219, 1258, 2118, 1994, 2097, 2455, 2003, 3499, 1645, 1339, 382, 366]"
2401,"[1198, 858, 3267, 1196, 2366, 2571, 2947, 589, 110, 1610, 1036, 1210, 555, 457]"
2402,"[1297, 2739, 2989, 1286, 3734, 2240, 2406, 1376, 3308, 2423, 2114, 3101, 2021, 1587]"
2403,"[741, 1580, 1909, 1019, 2011, 1653, 1372, 3704, 2046, 3033, 2021, 2054, 316, 1136]"
2404,"[1270, 223, 1394, 1968, 2997, 1265, 919, 1097, 3396, 1361, 246, 2628, 2005, 788]"
2405,"[2497, 2858, 1270, 1231, 2797, 3039, 2470, 1291, 3098, 1234, 1082, 1294, 3671, 1240]"
2406,"[280, 454, 2881, 1092, 490, 1393, 1265, 1721, 1088, 3244, 1380, 1230, 1244, 3363]"
2407,"[919, 1282, 595, 1019, 1028, 2080, 1029, 2551, 1238, 2081, 907, 945, 1, 594]"
2408,"[1344, 2353, 1783, 454, 3686, 2803, 3102, 3005, 1573, 1422, 3101, 1552, 3176, 225]"
2409,"[608, 1090, 3504, 2028, 1214, 3551, 3189, 3717, 3594, 3755, 3897, 3510, 3831, 3893]"
2410,"[1962, 1672, 3296, 1955, 3100, 1271, 1124, 1678, 1096, 3198, 62, 1784, 2739, 3546]"
2411,"[2108, 3033, 3448, 3608, 2001, 492, 3873, 1747, 2496, 2657, 3157, 3308, 3809, 2407]"
2412,"[0, 0, 0, 3418, 2028, 110, 1721, 1931, 260, 1387, 858, 2527, 1953, 1954]"
2413,"[0, 0, 0, 0, 0, 0, 0, 928, 1097, 527, 1233, 2028, 3020, 377]"
2414,"[3825, 288, 3861, 1020, 1639, 180, 1380, 2354, 47, 442, 420, 3033, 2504, 1100]"
2415,"[1617, 3420, 19, 608, 2391, 47, 3948, 2858, 2997, 3298, 3481, 3510, 1466, 2160]"
2416,"[3510, 3556, 3578, 3753, 3565, 3755, 3513, 3555, 3238, 1408, 1183, 527, 2028, 647]"
2417,"[34, 1269, 910, 1136, 2384, 3543, 1294, 3362, 1197, 1304, 1259, 2946, 3868, 2791]"
2418,"[0, 0, 0, 356, 539, 1265, 2321, 2431, 1042, 708, 3255, 2671, 1500, 597]"
2419,"[3253, 2134, 1091, 3809, 337, 1147, 1307, 3263, 1805, 3317, 2245, 3082, 2424, 1206]"
2420,"[2947, 1240, 589, 110, 1222, 2529, 2944, 3702, 2916, 1275, 1287, 1610, 2662, 2000]"
2421,"[1019, 1580, 2009, 3704, 2021, 3032, 780, 3638, 1617, 296, 858, 1221, 910, 608]"
2422,"[0, 0, 0, 3254, 1962, 1230, 3948, 2795, 1079, 1270, 2080, 3060, 1963, 2797]"
2423,"[2369, 339, 361, 380, 2941, 2146, 3244, 2581, 7, 2424, 2297, 105, 736, 509]"
2424,"[1562, 1, 745, 1148, 588, 2137, 2081, 3745, 2791, 1201, 1097, 1270, 3793, 32]"
2425,"[457, 2571, 1610, 377, 1608, 349, 2324, 2396, 648, 832, 595, 1688, 1035, 1408]"
2426,"[318, 265, 1952, 1213, 1225, 1247, 908, 1233, 3363, 3543, 926, 3152, 2028, 1228]"
2427,"[2762, 2806, 3176, 3793, 2714, 3897, 3554, 3861, 3538, 3883, 3457, 293, 509, 446]"
2428,"[587, 3421, 2144, 1014, 3175, 1220, 2937, 3022, 1276, 905, 2302, 3363, 1234, 1307]"
2429,"[1206, 2474, 2739, 2470, 1094, 590, 31, 440, 1246, 3430, 2406, 3147, 2518, 2716]"
2430,"[480, 2371, 1370, 165, 1036, 2918, 2268, 380, 260, 3033, 1407, 3081, 2167, 2804]"
2431,"[0, 0, 0, 0, 1961, 914, 1968, 2324, 918, 3578, 1721, 1242, 2997, 2959]"
2432,"[2571, 541, 2942, 1036, 434, 1721, 2640, 524, 1270, 1196, 2011, 2012, 1863, 589]"
2433,"[2336, 588, 2028, 3712, 1721, 260, 1196, 1210, 1517, 543, 2918, 3256, 3753, 3578]"
2434,"[0, 0, 0, 0, 0, 599, 1968, 2329, 858, 555, 3552, 593, 1394, 1036]"
2435,"[2403, 3698, 3555, 1136, 1307, 2599, 3424, 1304, 1, 3421, 2396, 3481, 1079, 1394]"
2436,"[593, 1704, 2501, 3105, 150, 1673, 529, 1271, 508, 2236, 3148, 1268, 2959, 805]"
2437,"[110, 47, 589, 293, 50, 1198, 2858, 2028, 1193, 1258, 1266, 1196, 1704, 2194]"
2438,"[1094, 1350, 1341, 2585, 597, 1965, 1680, 1619, 1221, 3510, 2078, 485, 1162, 1272]"
2439,"[377, 587, 1597, 1183, 1094, 736, 2671, 446, 2424, 589, 2858, 110, 3450, 480]"
2440,"[0, 0, 0, 0, 0, 0, 0, 0, 0, 3208, 2874, 3101, 1915, 514]"
2441,"[0, 1398, 1573, 3744, 3273, 1617, 1625, 1805, 2875, 648, 1645, 695, 1754, 350]"
2442,"[0, 2018, 3361, 1270, 953, 595, 919, 899, 1947, 914, 2565, 2080, 918, 1035]"
2443,"[0, 0, 0, 0, 0, 0, 0, 0, 1270, 2671, 3948, 586, 3114, 500]"
2444,"[1073, 1688, 1907, 2005, 586, 2093, 783, 1367, 2089, 837, 1566, 1013, 1031, 158]"
2445,"[3717, 3697, 780, 3452, 1917, 3113, 379, 996, 3438, 420, 1591, 405, 1831, 3802]"
2446,"[543, 231, 2567, 3254, 3264, 344, 3243, 1753, 1468, 3477, 420, 485, 3052, 648]"
2447,"[2134, 2371, 2518, 2261, 2416, 2378, 2470, 3525, 1378, 3846, 2372, 2794, 2151, 2796]"
2448,"[1136, 2501, 919, 34, 1089, 1262, 2859, 3508, 3068, 17, 541, 1288, 2918, 1231]"
2449,"[0, 110, 457, 2571, 1210, 1672, 1193, 1259, 589, 908, 608, 3408, 3753, 480]"
2450,"[0, 0, 0, 0, 0, 0, 0, 1203, 1221, 912, 1280, 36, 593, 3418]"
2451,"[3895, 1220, 3952, 3623, 1073, 480, 1401, 1282, 1584, 1304, 2174, 1292, 1287, 3011]"
2452,"[2916, 1343, 1625, 474, 2391, 161, 1732, 16, 2058, 1805, 454, 2353, 1608, 1047]"
2453,"[2302, 3868, 11, 1125, 3949, 2917, 3101, 786, 3527, 912, 1226, 3414, 2502, 1101]"
2454,"[1079, 2144, 2423, 2145, 3087, 2405, 1091, 2735, 1302, 1961, 1957, 2694, 3255, 3271]"
2455,"[3702, 2116, 2173, 2094, 3479, 367, 3489, 1348, 1215, 3476, 2167, 2617, 2826, 3000]"
2456,"[1296, 921, 1185, 2745, 3727, 1096, 2076, 3685, 1275, 2455, 3576, 2301, 2243, 3036]"
2457,"[1196, 2571, 1097, 1396, 2140, 1129, 3527, 3070, 2011, 1371, 329, 1617, 1252, 1249]"
2458,"[2470, 2795, 2406, 2423, 2144, 2001, 2407, 3552, 2003, 1378, 3591, 2081, 2405, 2134]"
2459,"[222, 1597, 1485, 1580, 2236, 249, 1422, 1459, 381, 500, 2012, 3869, 3247, 2334]"
2460,"[1204, 590, 919, 904, 1269, 903, 911, 931, 1247, 1127, 2433, 2355, 2605, 2716]"
2461,"[1261, 2716, 3868, 1257, 1220, 2301, 318, 1411, 1617, 50, 1089, 1393, 1704, 36]"
2462,"[3504, 923, 2398, 1247, 908, 3467, 3871, 150, 1951, 2857, 912, 2921, 1299, 2804]"
2463,"[1036, 1222, 1240, 1275, 2194, 2000, 1210, 1220, 592, 3527, 2406, 610, 3740, 1101]"
2464,"[2028, 593, 318, 527, 608, 2966, 2739, 2858, 3897, 1230, 1946, 919, 1259, 1197]"
2465,"[1231, 3011, 3201, 1259, 2240, 3471, 111, 1962, 2683, 2707, 2908, 2433, 3174, 2390]"
2466,"[2571, 1200, 2968, 1240, 1921, 1748, 671, 1374, 1573, 1306, 3527, 2985, 3007, 162]"
2467,"[0, 0, 1210, 1196, 3793, 216, 104, 2716, 2717, 2628, 260, 3511, 2167, 1198]"
2468,"[1997, 1234, 1419, 3671, 1278, 1955, 3836, 3702, 1964, 2527, 2109, 2116, 1350, 1380]"
2469,"[913, 785, 3160, 260, 1198, 858, 1200, 2019, 1221, 969, 1036, 1214, 1242, 1387]"
2470,"[0, 0, 0, 0, 0, 0, 0, 0, 0, 1193, 593, 3926, 3928, 3916]"
2471,"[0, 0, 0, 0, 0, 912, 1270, 3186, 1284, 908, 2858, 608, 589, 3408]"
2472,"[2301, 2502, 3608, 590, 180, 1732, 785, 2770, 3101, 832, 1042, 3261, 3812, 2150]"
2473,"[3827, 3753, 3916, 2858, 608, 1090, 589, 3868, 2791, 3408, 2529, 2948, 480, 110]"
2474,"[2160, 3160, 110, 3753, 1090, 589, 3871, 1387, 1219, 2716, 1997, 3948, 1252, 1617]"
2475,"[3932, 1258, 1278, 2288, 1340, 1997, 1407, 2644, 2654, 253, 1345, 2454, 2653, 2657]"
2476,"[1296, 1956, 1957, 3011, 3260, 1263, 3135, 1094, 3363, 150, 924, 1955, 1233, 2202]"
2477,"[904, 1207, 1221, 919, 527, 1254, 1952, 1230, 608, 899, 1247, 898, 1256, 908]"
2478,"[1704, 953, 1265, 3061, 1729, 1663, 300, 272, 2406, 1625, 2268, 1356, 2997, 2203]"
2479,"[2657, 1777, 2951, 2028, 3479, 260, 2622, 1197, 924, 1206, 1258, 1214, 1219, 1278]"
2480,"[2622, 3623, 968, 2723, 2396, 314, 3081, 2700, 2987, 3793, 1284, 589, 2291, 293]"
2481,"[3481, 3814, 1257, 2321, 1963, 1270, 3061, 3396, 2108, 2355, 3526, 2746, 3039, 3836]"
2482,"[0, 902, 1272, 1569, 37, 1541, 969, 1608, 2858, 1225, 11, 3155, 150, 1208]"
2483,"[1019, 1287, 2662, 2670, 3379, 3548, 1086, 933, 1301, 3406, 2183, 3405, 2184, 3585]"
2484,"[3071, 1721, 3194, 3527, 377, 2125, 3451, 1374, 852, 2058, 2353, 1271, 1485, 1573]"
2485,"[529, 1060, 2302, 477, 388, 357, 265, 480, 2882, 2419, 2387, 3186, 3591, 852]"
2486,"[1292, 2289, 2300, 3751, 2599, 1288, 2396, 1235, 2395, 3114, 2700, 1188, 235, 1392]"
2487,"[2111, 1221, 2804, 3421, 2423, 1307, 3671, 3363, 2795, 3062, 1198, 858, 318, 1225]"
2488,"[0, 0, 0, 356, 1103, 111, 2724, 3893, 3916, 1956, 1961, 3217, 959, 3936]"
2489,"[1207, 1247, 1276, 1250, 3307, 1945, 1248, 955, 1304, 3362, 1230, 2132, 3735, 3897]"
2490,"[0, 0, 0, 0, 0, 0, 0, 0, 858, 69, 293, 2858, 608, 1249]"
2491,"[1544, 172, 2840, 3470, 260, 1196, 1198, 1204, 1291, 1210, 1085, 969, 480, 1275]"
2492,"[357, 534, 3244, 1643, 2671, 915, 1196, 1198, 1225, 1270, 2804, 2918, 1259, 1185]"
2493,"[1212, 1252, 903, 3730, 3788, 1964, 1625, 451, 2184, 1589, 589, 293, 3624, 3300]"
2494,"[0, 0, 0, 0, 0, 0, 0, 0, 2881, 527, 441, 2858, 597, 1753]"
2495,"[2724, 539, 605, 1479, 1777, 11, 440, 2485, 377, 380, 339, 1457, 2805, 1569]"
2496,"[2287, 950, 2660, 1189, 1212, 2764, 945, 1248, 3066, 1254, 903, 2553, 2662, 3809]"
2497,"[3724, 1584, 1276, 1173, 3730, 2470, 3731, 2168, 3132, 2020, 440, 1008, 2110, 1246]"
2498,"[2346, 3770, 2826, 2939, 1608, 1687, 2179, 1266, 1283, 3467, 590, 599, 3365, 2401]"
2499,"[3005, 2433, 2605, 3408, 2336, 2688, 3175, 3623, 2734, 3219, 1959, 2669, 2013, 2670]"
2500,"[1196, 1204, 3654, 3035, 161, 1210, 1294, 920, 2944, 3062, 1272, 2670, 356, 647]"
2501,"[1093, 2959, 2716, 3578, 785, 968, 2734, 2013, 2692, 2762, 2987, 3350, 3362, 3680]"
2502,"[0, 0, 0, 0, 0, 0, 3183, 2015, 150, 36, 918, 1028, 1259, 1269]"
2503,"[2193, 2470, 3479, 3550, 2111, 2141, 2133, 1346, 2376, 2469, 2033, 2054, 3707, 3688]"
2504,"[2288, 296, 1089, 2231, 3785, 2301, 1291, 2115, 1198, 3253, 3254, 1997, 2809, 923]"
2505,"[1101, 2628, 260, 2409, 2657, 1954, 3142, 3623, 1722, 3169, 1608, 1204, 1517, 110]"
2506,"[1288, 2348, 3342, 3019, 2313, 1961, 2917, 3214, 1185, 3347, 2926, 2064, 2144, 1186]"
2507,"[117, 531, 2580, 522, 3252, 506, 2883, 2437, 3949, 930, 3090, 2132, 154, 927]"
2508,"[3408, 3175, 3510, 3717, 2720, 2713, 2574, 1513, 2724, 2762, 3081, 2907, 3793, 3798]"
2509,"[0, 1769, 585, 2887, 635, 2332, 527, 3265, 1198, 858, 110, 1221, 589, 969]"
2510,"[2529, 541, 1240, 1200, 3916, 858, 1, 3114, 1205, 2872, 2797, 2628, 2100, 1019]"
2511,"[3148, 3173, 2073, 1299, 1198, 541, 1270, 1307, 1196, 1961, 3210, 1674, 1036, 1222]"
2512,"[3095, 1104, 923, 527, 926, 1207, 3468, 3475, 318, 1952, 1221, 1944, 1203, 1941]"
2513,"[1914, 2791, 1078, 1394, 3037, 2243, 3361, 1285, 1641, 1172, 2324, 1265, 2926, 2352]"
2514,"[3801, 3386, 1086, 2206, 1964, 1092, 1625, 1627, 2749, 350, 1252, 1284, 922, 930]"
2515,"[3175, 2530, 2011, 1909, 480, 316, 329, 1876, 1376, 1356, 1375, 2531, 2533, 1831]"
2516,"[0, 0, 0, 0, 0, 912, 3418, 593, 3011, 2858, 2396, 1, 2355, 34]"
2517,"[1592, 1608, 11, 3179, 150, 2699, 1784, 3128, 318, 1547, 3827, 1097, 3408, 3286]"
2518,"[1777, 788, 2942, 590, 1198, 1291, 919, 2871, 2366, 1127, 2115, 2470, 2167, 3755]"
2519,"[1831, 3156, 329, 3408, 3148, 3514, 919, 2300, 899, 2946, 595, 2080, 1282, 1288]"
2520,"[412, 969, 3251, 2624, 2791, 1214, 2352, 2797, 2925, 94, 2692, 902, 920, 1252]"
2521,"[1240, 2000, 1210, 3527, 2916, 480, 1954, 1580, 380, 3107, 2353, 2985, 1101, 1704]"
2522,"[1220, 2403, 2640, 2628, 2641, 780, 3704, 2409, 2410, 1488, 3698, 2105, 648, 168]"
2523,"[919, 2857, 1298, 2657, 2081, 2746, 2087, 364, 1093, 1031, 1617, 2174, 1967, 1073]"
2524,"[0, 0, 0, 593, 1198, 1270, 1276, 356, 1234, 3061, 934, 898, 955, 2716]"
2525,"[1392, 3363, 1270, 1304, 1307, 1958, 1968, 2918, 3037, 1294, 3526, 2064, 1923, 909]"
2526,"[2183, 750, 924, 1253, 3927, 2288, 2528, 2661, 2346, 2533, 3926, 2311, 2116, 3638]"
2527,"[0, 0, 0, 0, 0, 0, 1674, 1221, 260, 858, 1214, 1304, 110, 1953]"
2528,"[1833, 3683, 1320, 3107, 3930, 1617, 296, 608, 50, 1213, 293, 2391, 1912, 6]"
2529,"[1348, 2648, 1277, 3753, 3624, 3555, 2723, 2924, 89, 1597, 3717, 3716, 3113, 1148]"
2530,"[0, 0, 0, 0, 0, 0, 0, 0, 111, 1213, 296, 1089, 2959, 2858]"
2531,"[1693, 2875, 1307, 497, 802, 2396, 17, 1277, 912, 930, 945, 265, 928, 3475]"
2532,"[3101, 1193, 928, 318, 593, 1704, 3504, 1956, 1250, 1949, 1299, 1962, 1096, 2069]"
2533,"[1393, 587, 802, 7, 2497, 3259, 3528, 361, 736, 46, 48, 74, 2875, 2297]"
2534,"[3755, 1193, 3061, 3451, 910, 3363, 3548, 1234, 1461, 1276, 2300, 2936, 745, 1394]"
2535,"[318, 1247, 919, 1193, 1225, 949, 608, 531, 1293, 1104, 1941, 3095, 3471, 3350]"
2536,"[0, 0, 0, 0, 1193, 593, 3408, 1265, 1784, 2396, 356, 597, 3255, 440]"
2537,"[1610, 2243, 2987, 2917, 1253, 3052, 2686, 2871, 2890, 628, 2716, 2395, 1982, 906]"
2538,"[0, 0, 480, 3384, 1610, 608, 1961, 1262, 260, 1198, 1931, 1204, 733, 969]"
2539,"[1287, 457, 1200, 2571, 1036, 1214, 1610, 2366, 2944, 2947, 1210, 3654, 2872, 2194]"
2540,"[2002, 2616, 361, 707, 782, 434, 2875, 3709, 984, 3257, 273, 3120, 1320, 762]"
2541,"[267, 38, 1707, 2555, 377, 1835, 2424, 2581, 539, 2316, 736, 236, 74, 1479]"
2542,"[0, 0, 0, 2470, 239, 1210, 917, 589, 3450, 3148, 2948, 1269, 3287, 2529]"
2543,"[2013, 2028, 318, 1193, 3095, 527, 1207, 593, 1394, 1213, 3471, 1947, 919, 3468]"
2544,"[1676, 507, 112, 2013, 3769, 2617, 2594, 2454, 1019, 2346, 3527, 509, 2291, 1639]"
2545,"[1233, 3105, 1900, 1704, 3270, 1678, 296, 457, 2690, 3222, 2804, 1198, 1307, 1196]"
2546,"[1259, 1294, 36, 1136, 1208, 1288, 3471, 3634, 3362, 3363, 1938, 1942, 3504, 1931]"
2547,"[599, 951, 2940, 1198, 3201, 3424, 1244, 2064, 1235, 2599, 1945, 3111, 2020, 1296]"
2548,"[3005, 2710, 3203, 2881, 1911, 3408, 2336, 2688, 2959, 2716, 3623, 1959, 2013, 3219]"
2549,"[0, 0, 0, 0, 0, 0, 0, 0, 0, 0, 3361, 920, 296, 1580]"
2550,"[1252, 2288, 1219, 2716, 968, 2747, 1247, 916, 2067, 920, 1674, 1266, 599, 3467]"
2551,"[2253, 2858, 1127, 2706, 2997, 2683, 2710, 223, 2355, 2336, 3159, 2599, 3175, 2959]"
2552,"[1961, 1962, 1968, 1197, 1210, 2000, 2001, 2420, 1674, 3552, 2134, 2406, 3591, 3448]"
2553,"[0, 1210, 480, 3020, 1954, 593, 1610, 1036, 1214, 1625, 1129, 3551, 454, 1343]"
2554,"[1185, 1674, 3811, 1300, 1961, 2858, 2692, 2396, 58, 1094, 866, 3481, 82, 3185]"
2555,"[3871, 2968, 2291, 296, 1500, 1961, 1997, 1954, 110, 3296, 2174, 2759, 2000, 3451]"
2556,"[2943, 1354, 1175, 2725, 3412, 1172, 1960, 1293, 3567, 1225, 213, 58, 994, 1914]"
2557,"[1271, 58, 509, 1221, 3089, 1280, 2858, 527, 2692, 1704, 1641, 3418, 562, 2324]"
2558,"[2288, 2407, 3827, 1580, 1917, 3927, 3770, 2046, 2054, 3269, 2699, 1573, 3401, 1544]"
2559,"[799, 1459, 257, 648, 1732, 1909, 160, 1615, 1356, 86, 1377, 316, 552, 329]"
2560,"[318, 1721, 3418, 1183, 477, 590, 25, 515, 3105, 2908, 3252, 261, 2268, 1393]"
2561,"[1914, 348, 2858, 2599, 2289, 2396, 1449, 2384, 1641, 2395, 39, 52, 1784, 2700]"
2562,"[588, 2078, 2081, 2139, 2085, 2394, 364, 2087, 3034, 661, 2141, 1032, 1405, 2090]"
2563,"[0, 0, 0, 0, 0, 0, 0, 0, 0, 0, 0, 593, 3252, 1661]"
2564,"[736, 2605, 292, 1544, 2803, 350, 648, 2028, 3418, 2724, 11, 539, 2671, 3528]"
2565,"[919, 1674, 382, 2424, 1835, 140, 344, 1214, 2683, 2174, 3257, 1597, 3827, 437]"
2566,"[592, 1203, 1302, 2268, 1265, 3421, 3098, 150, 1247, 1873, 2951, 1682, 2797, 3210]"
2567,"[2762, 2819, 1358, 3147, 1250, 3091, 1927, 1208, 1272, 1222, 2670, 161, 3519, 3066]"
2568,"[0, 0, 0, 2628, 2716, 1097, 2858, 2706, 3005, 2772, 2336, 3578, 2490, 2396]"
2569,"[0, 1193, 3606, 1968, 1284, 908, 608, 2303, 3871, 2160, 110, 3929, 2791, 551]"
2570,"[457, 3147, 1343, 1610, 377, 1573, 230, 1265, 1188, 357, 2291, 356, 1569, 339]"
2571,"[1250, 3742, 1219, 1201, 1610, 3755, 780, 745, 919, 3751, 2294, 1907, 2081, 3157]"
2572,"[908, 1219, 924, 1206, 1270, 3702, 1240, 1210, 1077, 3700, 824, 3751, 2076, 903]"
2573,"[3197, 736, 3897, 2863, 1230, 750, 527, 1204, 1262, 1263, 1272, 1294, 3366, 2944]"
2574,"[3671, 3037, 3929, 1244, 2935, 1172, 1278, 933, 1077, 1, 3421, 1262, 969, 260]"
2575,"[648, 1552, 3771, 1586, 1597, 70, 2414, 292, 1385, 1876, 329, 2881, 2002, 95]"
2576,"[2194, 6, 112, 592, 1858, 474, 3740, 1047, 1429, 733, 3256, 1587, 2273, 648]"
2577,"[0, 0, 1091, 1097, 2858, 110, 1090, 3148, 144, 266, 3450, 3, 3753, 3005]"
2578,"[1617, 1964, 1086, 3788, 2076, 3044, 3176, 1589, 2583, 2414, 593, 608, 2762, 50]"
2579,"[3683, 1348, 1084, 1233, 1304, 1208, 541, 593, 3037, 318, 1299, 260, 1250, 1419]"
2580,"[3524, 3451, 1125, 1441, 2100, 1747, 3039, 2245, 203, 289, 317, 2064, 3040, 2375]"
2581,"[2058, 230, 3082, 2118, 1608, 3219, 3420, 1189, 1946, 971, 3471, 1295, 1147, 3360]"
2582,"[0, 0, 0, 0, 2028, 246, 1230, 1449, 3067, 1136, 1148, 1223, 2804, 2858]"
2583,"[1025, 594, 596, 2099, 1022, 2085, 2018, 1012, 2899, 1010, 1014, 2098, 2015, 1013]"
2584,"[0, 0, 0, 0, 0, 0, 1088, 1961, 1041, 1446, 41, 2276, 3252, 3128]"
2585,"[454, 1240, 2115, 380, 1401, 1465, 899, 1727, 2352, 2011, 3061, 593, 318, 2324]"
2586,"[296, 2859, 1136, 50, 1288, 2692, 1224, 1228, 3671, 1394, 3361, 1231, 3006, 2863]"
2587,"[1584, 527, 2628, 3552, 3671, 1183, 150, 2791, 589, 2028, 1233, 1610, 110, 6]"
2588,"[2359, 348, 1449, 1747, 356, 141, 587, 3809, 367, 539, 3255, 52, 492, 3129]"
2589,"[1408, 2174, 235, 1261, 3108, 3556, 2108, 3100, 3526, 3181, 1059, 1517, 1747, 3347]"
2590,"[1785, 3555, 1965, 2804, 1228, 1288, 3683, 2348, 2076, 2248, 1242, 1674, 3424, 3019]"
2591,"[1213, 1, 2858, 1200, 2571, 1089, 589, 1291, 1617, 110, 3471, 47, 541, 1197]"
2592,"[1090, 750, 1208, 1262, 3196, 1294, 3366, 2944, 2670, 3724, 780, 2662, 1925, 2941]"
2593,"[1944, 3448, 3066, 3160, 3181, 1264, 162, 3150, 908, 2858, 2280, 2966, 50, 3730]"
2594,"[1393, 3175, 653, 1552, 3269, 1544, 3483, 2762, 3114, 2987, 3113, 2716, 2761, 3623]"
2595,"[1265, 150, 1042, 39, 587, 3247, 3052, 648, 1476, 2082, 172, 1376, 3783, 1262]"
2596,"[440, 377, 587, 539, 597, 3259, 224, 17, 7, 2671, 339, 140, 1183, 852]"
2597,"[838, 2145, 597, 2671, 708, 1959, 2085, 924, 2015, 969, 345, 412, 1225, 3649]"
2598,"[0, 0, 0, 0, 0, 1210, 3101, 10, 858, 1221, 260, 1198, 1196, 1214]"
2599,"[2968, 1396, 1097, 610, 1288, 3479, 2174, 3153, 2797, 367, 2193, 2253, 1126, 1]"
2600,"[1704, 3006, 1411, 1694, 2501, 32, 1095, 1268, 1619, 529, 73, 1747, 161, 1466]"
2601,"[0, 2028, 487, 1961, 383, 608, 110, 1090, 2291, 1673, 3868, 266, 2529, 144]"
2602,"[0, 0, 0, 0, 0, 0, 0, 0, 1414, 1253, 2804, 1041, 2612, 1247]"
2603,"[1923, 2762, 3270, 3006, 3252, 110, 3499, 1265, 356, 1266, 2058, 3255, 364, 1092]"
2604,"[1077, 3039, 1073, 1257, 1225, 858, 318, 919, 1193, 1196, 2324, 1213, 1208, 1222]"
2605,"[1272, 50, 2762, 1089, 2871, 3551, 293, 1254, 1262, 2987, 940, 3168, 1931, 1221]"
2606,"[2599, 1278, 3037, 1394, 2384, 2716, 3685, 1080, 921, 1136, 1230, 1077, 2973, 3671]"
2607,"[318, 986, 2384, 2762, 1094, 3105, 2324, 497, 2359, 381, 1213, 1089, 1704, 590]"
2608,"[2744, 2762, 1963, 3204, 3037, 1292, 293, 3363, 3543, 1272, 3481, 3152, 3897, 1117]"
2609,"[1956, 3150, 3499, 1339, 2741, 1610, 1480, 89, 1419, 194, 2932, 1250, 3755, 2070]"
2610,"[0, 0, 0, 434, 1931, 3555, 589, 608, 110, 2791, 293, 480, 3510, 2948]"
2611,"[2410, 2411, 2122, 2683, 2694, 3005, 3298, 1911, 1093, 2959, 2688, 3578, 913, 3174]"
2612,"[0, 0, 0, 0, 0, 0, 0, 260, 593, 745, 1148, 2997, 2396, 34]"
2613,"[0, 0, 0, 1281, 1193, 708, 3101, 745, 3629, 910, 2836, 905, 2863, 2396]"
2614,"[2858, 1127, 2706, 2572, 110, 3366, 1090, 1242, 1250, 3062, 2944, 356, 1233, 1960]"
2615,"[2841, 2440, 527, 1207, 593, 318, 2028, 50, 1617, 3250, 1213, 1704, 1721, 2268]"
2616,"[3811, 3548, 1096, 920, 34, 1885, 2919, 1187, 2313, 1094, 1296, 1302, 1172, 1046]"
2617,"[480, 1784, 377, 477, 1678, 475, 161, 3247, 1357, 1810, 1500, 1120, 1892, 1092]"
2618,"[0, 0, 0, 0, 0, 0, 0, 1961, 733, 1210, 266, 110, 3450, 3753]"
2619,"[1036, 1240, 3751, 3513, 3798, 924, 1617, 608, 1148, 246, 318, 3006, 50, 589]"
2620,"[1219, 3006, 2858, 541, 593, 1136, 1961, 1222, 1270, 733, 1272, 150, 2788, 1079]"
2621,"[3114, 1200, 3095, 1270, 2692, 3671, 2000, 1258, 2268, 1136, 3396, 2716, 2944, 1222]"
2622,"[2291, 25, 39, 838, 2570, 866, 58, 1639, 302, 451, 3358, 377, 2062, 270]"
2623,"[2424, 1870, 2506, 3157, 1457, 1777, 2724, 1888, 813, 1911, 3248, 2629, 2805, 3]"
2624,"[2890, 1263, 356, 3448, 3724, 991, 266, 3519, 2106, 1280, 1103, 3468, 1225, 2289]"
2625,"[969, 2662, 2028, 1090, 1263, 3654, 3753, 3062, 3366, 356, 3066, 780, 3367, 3519]"
2626,"[0, 0, 0, 0, 3844, 1193, 1726, 260, 2861, 3361, 3505, 3408, 1610, 3824]"
2627,"[1285, 1965, 1968, 2463, 3552, 1257, 2245, 2111, 3693, 2802, 1227, 1674, 2114, 446]"
2628,"[851, 508, 1279, 1416, 877, 1836, 1680, 175, 100, 1840, 2023, 1701, 381, 1600]"
2629,"[3072, 1954, 2918, 2288, 3253, 2302, 3039, 1079, 2921, 3552, 3100, 1201, 2922, 2779]"
2630,"[3543, 1093, 2336, 2599, 2861, 3510, 2959, 2318, 2716, 3578, 3160, 2734, 2598, 2692]"
2631,"[3450, 440, 1542, 2302, 919, 945, 2303, 899, 3545, 73, 1282, 914, 3606, 2863]"
2632,"[1617, 1179, 707, 1625, 2686, 164, 2583, 3044, 1645, 492, 1459, 695, 1711, 1597]"
2633,"[2770, 223, 2355, 3203, 2369, 3543, 2336, 2599, 3175, 3510, 2716, 2580, 2761, 3606]"
2634,"[3000, 1408, 1610, 3178, 1912, 2571, 377, 1527, 1356, 2006, 748, 2023, 3082, 316]"
2635,"[70, 3917, 3316, 3918, 3937, 1971, 370, 3354, 1969, 1970, 1972, 3939, 3941, 3942]"
2636,"[1060, 3408, 3481, 50, 527, 3897, 3298, 3536, 3578, 2580, 3448, 2268, 1136, 1923]"
2637,"[913, 1959, 299, 2013, 3512, 2396, 2762, 2841, 3114, 2763, 2987, 3793, 2997, 3203]"
2638,"[3421, 3359, 1234, 3362, 1077, 318, 2917, 504, 2108, 1777, 357, 1721, 2340, 356]"
2639,"[920, 2858, 2324, 3114, 1, 1265, 588, 1784, 1923, 11, 357, 318, 527, 3408]"
2640,"[0, 0, 0, 0, 1197, 1097, 2764, 2699, 2041, 3175, 2761, 2392, 2723, 2490]"
2641,"[2861, 1266, 1209, 2781, 3219, 1968, 2134, 3396, 3098, 358, 2640, 587, 2641, 2410]"
2642,"[1500, 1393, 32, 356, 733, 1584, 150, 480, 628, 802, 2353, 1061, 3252, 21]"
2643,"[150, 2130, 3408, 2401, 2867, 599, 3334, 1380, 3936, 1032, 2076, 21, 1339, 2707]"
2644,"[0, 0, 0, 0, 920, 1222, 1259, 589, 2858, 608, 110, 3481, 3868, 2529]"
2645,"[3844, 2262, 2263, 1091, 3688, 3505, 260, 1101, 2100, 2146, 293, 151, 2108, 440]"
2646,"[0, 0, 1961, 1210, 858, 2028, 3256, 318, 587, 1610, 2628, 590, 589, 3147]"
2647,"[1179, 1641, 22, 3421, 1409, 2469, 3614, 3210, 3481, 1513, 1186, 1041, 380, 858]"
2648,"[1333, 1214, 924, 1196, 2571, 589, 1396, 2916, 950, 1212, 2087, 2423, 1207, 1094]"
2649,"[2468, 1196, 1199, 1200, 541, 1097, 1240, 1374, 2117, 2985, 610, 1299, 1960, 1090]"
2650,"[593, 1207, 3471, 3504, 527, 2501, 1294, 150, 1262, 1193, 2028, 1270, 2398, 1955]"
2651,"[349, 2662, 2490, 3763, 2115, 3197, 1690, 1608, 1792, 3755, 736, 1597, 1917, 1320]"
2652,"[1080, 1278, 2289, 1304, 1394, 3362, 1265, 1294, 1, 2804, 2973, 2788, 3210, 3421]"
2653,"[0, 0, 1221, 908, 1617, 1304, 2683, 2355, 2710, 2908, 3203, 2599, 3543, 2959]"
2654,"[3418, 364, 3179, 838, 222, 1678, 1271, 1641, 475, 1619, 1810, 3253, 1466, 2618]"
2655,"[2572, 2683, 2706, 2707, 2710, 2908, 2355, 3203, 2541, 1093, 3408, 2336, 2333, 3510]"
2656,"[1608, 3256, 1385, 349, 1616, 2353, 110, 2334, 1792, 1876, 1544, 2881, 2763, 165]"
2657,"[0, 0, 2028, 1043, 318, 1961, 527, 1704, 593, 2762, 110, 3114, 2918, 2571]"
2658,"[1097, 593, 318, 527, 1213, 296, 2028, 2329, 3147, 293, 1704, 1, 3114, 1923]"
2659,"[916, 920, 2020, 1674, 351, 2919, 2243, 1307, 914, 1643, 1265, 1357, 943, 3358]"
2660,"[1946, 497, 356, 1721, 1307, 1947, 17, 1210, 1674, 2081, 911, 3512, 361, 539]"
2661,"[1220, 2539, 1380, 317, 2145, 380, 587, 2469, 3524, 468, 2136, 368, 141, 2301]"
2662,"[908, 2791, 3929, 1259, 589, 480, 2529, 2948, 1269, 1965, 912, 923, 3097, 951]"
2663,"[350, 1645, 1644, 1291, 2640, 2133, 2005, 2054, 1009, 736, 455, 246, 2716, 912]"
2664,"[3508, 1645, 991, 3101, 1124, 431, 104, 440, 3505, 3102, 3420, 1721, 1345, 2114]"
2665,"[1031, 1301, 1249, 551, 3681, 2401, 2922, 971, 1203, 150, 1084, 1247, 349, 3461]"
2666,"[1294, 1136, 3114, 1, 3363, 1080, 1259, 1276, 1256, 1270, 1278, 1197, 2174, 1963]"
2667,"[0, 0, 0, 0, 2289, 34, 912, 899, 1230, 2396, 1247, 265, 1674, 1265]"
2668,"[3361, 348, 21, 2797, 2081, 2352, 1081, 2406, 3244, 440, 3255, 3466, 1485, 3599]"
2669,"[1036, 1266, 1961, 150, 1200, 2739, 2648, 2871, 1222, 1084, 1674, 25, 3793, 3510]"
2670,"[3253, 3614, 2355, 539, 2418, 1219, 2726, 3435, 904, 1952, 926, 1206, 1247, 928]"
2671,"[0, 0, 0, 0, 0, 0, 0, 0, 0, 0, 0, 2028, 608, 110]"
2672,"[1198, 3384, 1214, 1287, 3654, 2194, 1036, 2944, 1242, 1954, 1617, 1092, 2076, 1645]"
2673,"[0, 0, 0, 0, 0, 0, 3811, 151, 1193, 3298, 2959, 2333, 2686, 2841]"
2674,"[1249, 2291, 1673, 608, 1171, 293, 3538, 1179, 1500, 866, 164, 1186, 2068, 1248]"
2675,"[1693, 3404, 480, 2384, 3466, 260, 2174, 1073, 2968, 2628, 2161, 2193, 2872, 2]"
2676,"[661, 586, 2141, 2054, 1014, 455, 1266, 266, 368, 383, 2012, 2858, 3871, 1035]"
2677,"[866, 2571, 1127, 2194, 1101, 3197, 2741, 1674, 2762, 593, 1610, 377, 1834, 2353]"
2678,"[608, 589, 260, 1214, 2571, 2916, 3527, 3793, 32, 1580, 198, 3702, 24, 480]"
2679,"[3044, 1834, 543, 2406, 2161, 2470, 2100, 2140, 1097, 3489, 2947, 377, 1580, 1527]"
2680,"[1069, 1179, 3334, 164, 2940, 1068, 3005, 2694, 2770, 2605, 3175, 2716, 3578, 1959]"
2681,"[380, 468, 2496, 1171, 2581, 368, 708, 1184, 7, 3247, 3712, 1564, 1425, 1614]"
2682,"[1252, 904, 924, 1617, 2208, 903, 1625, 931, 942, 3386, 1964, 1086, 2206, 3801]"
2683,"[587, 3175, 3809, 476, 2012, 1485, 1777, 500, 514, 1409, 708, 289, 2539, 339]"
2684,"[778, 608, 1213, 1041, 36, 994, 2357, 1354, 1358, 3260, 1704, 345, 337, 32]"
2685,"[527, 2396, 1292, 2626, 121, 3827, 1265, 1393, 342, 357, 440, 1721, 39, 377]"
2686,"[0, 0, 0, 0, 0, 0, 0, 0, 0, 0, 0, 0, 0, 0]"
2687,"[0, 0, 1198, 1054, 3742, 2959, 3160, 2692, 3265, 608, 1912, 47, 50, 1213]"
2688,"[2064, 1222, 1962, 1231, 3147, 1407, 1784, 17, 356, 34, 3578, 47, 3948, 1393]"
2689,"[3147, 595, 2268, 2396, 3526, 1278, 2355, 2916, 3578, 364, 3527, 2359, 161, 380]"
2690,"[2028, 2401, 339, 1097, 1272, 3471, 858, 1208, 1221, 111, 3741, 3362, 1953, 3498]"
2691,"[3396, 2357, 1419, 1913, 3468, 47, 3000, 2728, 457, 110, 919, 2716, 3759, 1289]"
2692,"[2071, 3246, 2336, 1805, 3147, 508, 428, 2890, 1721, 1680, 475, 358, 454, 1059]"
2693,"[2194, 3529, 3384, 912, 1207, 1952, 527, 926, 1250, 3095, 25, 3200, 1942, 3198]"
2694,"[3939, 3941, 3942, 1407, 3499, 2159, 2167, 1215, 3081, 2826, 1339, 532, 3264, 1320]"
2695,"[1265, 2797, 2174, 903, 904, 913, 924, 1086, 2206, 1260, 3435, 2987, 3334, 1254]"
2696,"[0, 0, 0, 0, 0, 0, 0, 0, 1258, 2389, 1617, 1625, 800, 3176]"
2697,"[3300, 3555, 3578, 3316, 3753, 2858, 2827, 2707, 3408, 2688, 3510, 2716, 3354, 2734]"
2698,"[1207, 2997, 2599, 2858, 3819, 1238, 951, 1136, 2064, 1288, 905, 921, 1235, 1585]"
2699,"[2804, 1265, 3548, 1463, 34, 1935, 912, 3871, 858, 1393, 1287, 1124, 1873, 1247]"
2700,"[2561, 521, 3189, 541, 3683, 1179, 1344, 858, 2804, 1193, 111, 1225, 1258, 1387]"
2701,"[376, 1876, 736, 533, 208, 2126, 1499, 317, 367, 293, 296, 608, 3178, 1213]"
2702,"[0, 0, 0, 0, 0, 0, 0, 0, 0, 0, 912, 1221, 1198, 3702]"
2703,"[1188, 34, 1236, 3265, 290, 296, 608, 1912, 1213, 1089, 2391, 2542, 2952, 3266]"
2704,"[1949, 1242, 3468, 1196, 1203, 1231, 3683, 1942, 1090, 1276, 1296, 34, 1228, 1233]"
2705,"[0, 0, 0, 0, 920, 1721, 3868, 1210, 3552, 1356, 1374, 1375, 524, 1200]"
2706,"[912, 277, 1210, 919, 2294, 3751, 2081, 1296, 1674, 1307, 1197, 2100, 1196, 1198]"
2707,"[0, 0, 0, 0, 0, 0, 0, 1693, 527, 2858, 2100, 3408, 2390, 2622]"
2708,"[0, 0, 0, 0, 0, 0, 2467, 1197, 1784, 2683, 2706, 2572, 223, 2041]"
2709,"[0, 0, 0, 0, 0, 0, 0, 0, 0, 1193, 2846, 1284, 2858, 608]"
2710,"[0, 0, 0, 0, 0, 0, 0, 3044, 908, 1089, 3481, 3160, 3624, 3555]"
2711,"[0, 0, 0, 0, 0, 0, 0, 0, 0, 0, 0, 936, 1210, 1242]"
2712,"[2115, 3555, 1552, 316, 3082, 1792, 329, 736, 1608, 1597, 1917, 1372, 1377, 648]"
2713,"[0, 0, 0, 0, 0, 0, 0, 0, 0, 0, 0, 0, 900, 3793]"
2714,"[0, 0, 0, 0, 0, 0, 0, 0, 0, 0, 260, 2858, 1090, 1259]"
2715,"[1225, 2160, 3088, 1953, 3034, 1291, 1210, 1247, 1294, 595, 1419, 2355, 2947, 1907]"
2716,"[0, 0, 0, 0, 0, 593, 350, 2875, 2467, 911, 950, 1950, 924, 969]"
2717,"[0, 0, 0, 0, 0, 0, 480, 1721, 2053, 1367, 2762, 589, 292, 1092]"
2718,"[3844, 364, 595, 2294, 661, 783, 2384, 1641, 708, 552, 586, 1353, 830, 673]"
2719,"[2300, 1219, 3730, 913, 951, 898, 905, 924, 950, 3742, 1256, 2186, 899, 2203]"
2720,"[0, 0, 0, 0, 480, 110, 908, 2948, 3753, 590, 2628, 1356, 1372, 329]"
2721,"[3827, 2396, 1247, 920, 3668, 39, 1046, 357, 1265, 900, 1197, 1210, 1680, 1183]"
2722,"[0, 0, 0, 0, 0, 0, 0, 0, 593, 1307, 3753, 2622, 2628, 317]"
2723,"[1213, 2918, 1259, 2064, 2791, 3072, 3868, 1968, 1285, 2248, 2144, 1394, 2352, 3526]"
2724,"[2746, 2657, 1057, 783, 1380, 2369, 3543, 3408, 2716, 3115, 2761, 2686, 2598, 2762]"
2725,"[3481, 1285, 3753, 2858, 3327, 293, 3868, 110, 1090, 1259, 3148, 2791, 589, 2355]"
2726,"[1225, 1953, 1962, 1259, 3735, 1944, 1226, 1231, 1263, 3006, 3468, 3634, 1090, 3504]"
2727,"[1610, 1220, 3366, 1262, 919, 2905, 1275, 1374, 2628, 1129, 349, 2115, 1587, 986]"
2728,"[597, 1721, 380, 7, 2424, 2497, 1270, 260, 1196, 1214, 1200, 1097, 1210, 1374]"
2729,"[2707, 529, 1221, 1196, 858, 2028, 1233, 260, 3654, 1387, 1953, 1242, 1610, 2944]"
2730,"[3735, 2947, 1374, 2915, 3654, 1220, 1278, 2174, 1222, 293, 2968, 2395, 2366, 3396]"
2731,"[3699, 1376, 3591, 2011, 1124, 1321, 3763, 1081, 2463, 2989, 2750, 2245, 2406, 3087]"
2732,"[1371, 1372, 1373, 1374, 1375, 1376, 2393, 329, 1035, 1291, 2115, 920, 1287, 1301]"
2733,"[1914, 293, 25, 1095, 2890, 3037, 3100, 2291, 3176, 232, 1183, 58, 299, 3135]"
2734,"[1947, 2971, 1035, 364, 588, 595, 551, 2081, 2096, 1057, 2394, 2084, 1073, 2174]"
2735,"[0, 0, 0, 0, 0, 0, 0, 3101, 86, 2706, 2683, 3005, 3510, 3578]"
2736,"[2324, 908, 3022, 150, 3100, 1206, 2010, 1077, 3814, 1963, 1292, 1960, 1278, 1235]"
2737,"[3501, 852, 539, 3239, 1020, 1617, 246, 556, 1192, 581, 1865, 206, 1191, 3317]"
2738,"[2943, 45, 715, 1810, 454, 1120, 222, 242, 272, 2112, 3105, 1747, 3723, 1271]"
2739,"[0, 0, 0, 0, 0, 0, 0, 0, 0, 1210, 2206, 3441, 1221, 3203]"
2740,"[1617, 2396, 589, 2692, 457, 110, 2028, 1233, 1610, 2278, 2353, 3256, 474, 2058]"
2741,"[593, 1617, 50, 1089, 589, 1610, 2571, 6, 474, 47, 457, 628, 2916, 832]"
2742,"[1259, 909, 2000, 1215, 1270, 1200, 1210, 1240, 610, 1376, 2985, 2288, 1129, 3576]"
2743,"[2447, 3120, 3502, 2561, 2694, 31, 2269, 273, 1352, 809, 695, 2672, 3257, 2279]"
2744,"[0, 0, 0, 0, 0, 0, 0, 0, 0, 0, 1049, 110, 2826, 2959]"
2745,"[1291, 457, 1222, 2916, 110, 2000, 3178, 1220, 1573, 2001, 2193, 349, 3274, 3197]"
2746,"[3507, 3087, 2150, 11, 2001, 2245, 236, 339, 3552, 440, 1220, 1288, 2100, 1292]"
2747,"[527, 1259, 1277, 3471, 265, 1282, 3545, 1947, 595, 914, 3159, 1022, 783, 2394]"
2748,"[327, 1224, 800, 1199, 1396, 1376, 198, 2549, 3190, 3397, 2085, 2137, 1025, 801]"
2749,"[1213, 1270, 1256, 1294, 912, 1204, 920, 1960, 527, 1272, 969, 1262, 1183, 1094]"
2750,"[34, 531, 978, 296, 1203, 1097, 1296, 307, 1242, 3543, 1259, 3471, 2138, 2291]"
2751,"[1962, 345, 58, 911, 2943, 1394, 2918, 2245, 2423, 2795, 2261, 2796, 2794, 2202]"
2752,"[1729, 1408, 1885, 417, 1845, 1748, 431, 1921, 194, 2916, 1517, 1061, 483, 1923]"
2753,"[3201, 2202, 944, 272, 2132, 1272, 3260, 2852, 1150, 3152, 1012, 1248, 2203, 922]"
2754,"[2011, 2406, 440, 597, 2302, 339, 1485, 587, 2518, 2012, 2424, 2469, 356, 3608]"
2755,"[0, 2088, 260, 3869, 1097, 3823, 2721, 608, 3552, 2324, 700, 235, 1046, 2607]"
2756,"[1732, 2539, 1042, 3052, 1272, 1224, 647, 1616, 2106, 1266, 3074, 3871, 3494, 590]"
2757,"[971, 1964, 904, 2203, 3741, 924, 1248, 908, 1235, 1104, 1267, 3911, 3556, 3538]"
2758,"[1210, 589, 2858, 2396, 3114, 1265, 2918, 1197, 1257, 2997, 934, 1288, 1220, 3052]"
2759,"[0, 0, 0, 0, 0, 0, 0, 0, 1968, 110, 589, 1542, 541, 3189]"
2760,"[50, 1233, 1213, 1265, 1358, 529, 2997, 593, 1095, 1466, 3499, 357, 858, 912]"
2761,"[141, 1081, 3501, 1923, 2407, 356, 2700, 2747, 2424, 2746, 2657, 410, 2770, 1409]"
2762,"[1387, 1954, 2944, 1610, 1240, 2194, 110, 2571, 1036, 1287, 2872, 3753, 3763, 3005]"
2763,"[0, 0, 0, 0, 0, 0, 0, 0, 0, 0, 0, 1721, 1064, 2539]"
2764,"[1784, 1680, 2302, 2087, 30, 956, 1321, 2210, 2100, 3700, 916, 969, 2692, 1307]"
2765,"[3639, 2115, 1429, 2006, 780, 1608, 736, 1917, 70, 1254, 1262, 1287, 1291, 919]"
2766,"[2770, 2355, 2716, 2013, 2724, 904, 318, 2028, 1226, 1961, 3753, 648, 912, 1954]"
2767,"[0, 0, 0, 0, 0, 0, 0, 2455, 480, 47, 293, 290, 2542, 50]"
2768,"[2467, 3360, 1957, 2918, 1258, 3210, 1090, 3361, 2716, 3703, 1222, 1242, 3552, 1968]"
2769,"[1937, 590, 2248, 1290, 3479, 2145, 2369, 898, 954, 2366, 1099, 953, 2398, 2018]"
2770,"[3408, 3836, 480, 1035, 3555, 524, 2291, 1580, 2657, 3510, 2455, 3624, 3930, 2454]"
2771,"[50, 112, 1680, 1059, 1198, 858, 1197, 1036, 1954, 1291, 3740, 1127, 2000, 2406]"
2772,"[1396, 3702, 3576, 2528, 3638, 1290, 3893, 786, 1240, 1387, 2944, 3578, 3104, 1275]"
2773,"[50, 1952, 1299, 1103, 162, 2908, 1136, 1276, 1272, 2303, 2997, 2692, 36, 1250]"
2774,"[1080, 1387, 1953, 1997, 3471, 3396, 1278, 1234, 1292, 3671, 1073, 1082, 1125, 2640]"
2775,"[1094, 1966, 417, 1836, 1245, 2964, 2700, 2109, 1148, 745, 2936, 72, 1906, 3181]"
2776,"[3791, 2146, 2410, 2421, 2411, 1625, 1892, 1092, 1459, 2267, 648, 1627, 2875, 733]"
2777,"[3608, 1395, 3591, 1091, 2054, 2796, 3388, 588, 1476, 2581, 2265, 1390, 3146, 765]"
2778,"[1421, 1191, 443, 2384, 1682, 2359, 1704, 608, 1354, 1041, 586, 800, 866, 994]"
2779,"[2488, 3735, 1104, 2932, 34, 1231, 720, 290, 1953, 3006, 2210, 1949, 1224, 3074]"
2780,"[2706, 2997, 2694, 2770, 223, 2355, 2976, 3543, 2759, 2599, 2959, 2716, 2580, 913]"
2781,"[3623, 968, 2901, 3753, 2763, 2987, 3793, 1200, 1260, 2391, 16, 1274, 2952, 2739]"
2782,"[1784, 587, 2572, 372, 597, 39, 2706, 1888, 708, 1042, 3253, 1569, 1441, 2770]"
2783,"[2968, 1274, 2495, 1584, 1965, 1127, 1748, 2553, 2571, 3527, 2407, 671, 1374, 3175]"
2784,"[1228, 2070, 1189, 1394, 3543, 1294, 3471, 2303, 3152, 3363, 1953, 2932, 1214, 1234]"
2785,"[1269, 1784, 1220, 3361, 3685, 440, 1958, 597, 357, 3507, 1580, 1125, 2671, 3450]"
2786,"[1961, 2745, 1682, 535, 1307, 1343, 3505, 1266, 3508, 553, 383, 2330, 1212, 3481]"
2787,"[2000, 39, 1954, 589, 2291, 110, 3060, 2194, 1270, 1961, 3418, 3753, 293, 161]"
2788,"[913, 1997, 594, 34, 2150, 1953, 1249, 1300, 1263, 2289, 1131, 2932, 1019, 1251]"
2789,"[1242, 589, 457, 1222, 2028, 1287, 1610, 2947, 1291, 1220, 474, 1954, 2000, 1408]"
2790,"[2117, 1374, 1580, 2009, 2140, 1356, 2527, 1210, 741, 2640, 2116, 1909, 1129, 480]"
2791,"[2357, 2732, 1221, 527, 608, 2966, 908, 2731, 1945, 1247, 1252, 1267, 1284, 913]"
2792,"[3448, 1270, 2011, 1258, 150, 1805, 1732, 1754, 1198, 1488, 991, 144, 2359, 1923]"
2793,"[490, 1722, 494, 10, 903, 3424, 2183, 474, 145, 3020, 1320, 1597, 2723, 3082]"
2794,"[1963, 1259, 3481, 514, 1240, 1674, 3654, 3334, 2329, 1265, 1094, 1188, 58, 1641]"
2795,"[2987, 3334, 1783, 1283, 3037, 3093, 3467, 3681, 1304, 3871, 599, 3671, 2922, 1201]"
2796,"[1136, 1023, 34, 1234, 3451, 529, 272, 2336, 1962, 1079, 1073, 1673, 955, 2797]"
2797,"[0, 920, 1221, 908, 1249, 1259, 589, 2858, 1269, 1673, 3408, 1965, 1035, 538]"
2798,"[949, 1203, 1208, 3359, 1244, 2863, 1302, 457, 1610, 281, 2352, 1962, 1036, 1172]"
2799,"[0, 0, 0, 527, 3948, 733, 745, 1148, 2997, 2804, 3751, 1223, 3114, 1276]"
2800,"[440, 628, 733, 3256, 2302, 1672, 542, 377, 2125, 1625, 2599, 339, 832, 1343]"
2801,"[2683, 2707, 3005, 2694, 2433, 2541, 1911, 2688, 2861, 2580, 785, 3752, 3623, 2502]"
2802,"[2948, 1673, 1965, 3925, 3751, 903, 904, 1299, 549, 3099, 2176, 2599, 3159, 3114]"
2803,"[2959, 2571, 2502, 1294, 1252, 1230, 3819, 908, 3067, 1247, 2973, 2859, 919, 3551]"
2804,"[1393, 902, 1210, 2020, 933, 1307, 914, 943, 1408, 2080, 1094, 440, 1947, 2291]"
2805,"[1946, 1931, 2028, 36, 2677, 3654, 1704, 3341, 1264, 2728, 1240, 1284, 1683, 1953]"
2806,"[1291, 1197, 1265, 2395, 3671, 2959, 2329, 104, 1222, 2321, 1625, 1682, 3033, 1883]"
2807,"[1254, 955, 1206, 3068, 1111, 1948, 3751, 926, 918, 2345, 1096, 1264, 1960, 1282]"
2808,"[3911, 3948, 904, 1299, 910, 1287, 903, 1203, 1635, 1954, 2245, 708, 733, 1958]"
2809,"[1961, 951, 1617, 50, 1517, 608, 2470, 357, 858, 2000, 3526, 910, 3471, 1954]"
2810,"[2161, 3248, 337, 3159, 3675, 1619, 107, 3271, 1358, 608, 832, 61, 185, 1022]"
2811,"[923, 912, 3467, 2351, 111, 3224, 3424, 247, 3679, 2575, 3362, 3077, 3089, 2129]"
2812,"[2395, 1923, 2108, 356, 104, 3174, 838, 2321, 2502, 1777, 2302, 514, 440, 3712]"
2813,"[0, 0, 0, 0, 0, 0, 0, 0, 0, 0, 0, 1617, 1189, 1199]"
2814,"[32, 539, 1092, 586, 6, 2058, 832, 1608, 2424, 1569, 1517, 2012, 1049, 1059]"
2815,"[266, 2890, 356, 593, 2762, 457, 373, 377, 1370, 3256, 207, 1278, 3072, 2706]"
2816,"[0, 0, 0, 0, 1544, 1617, 2628, 1221, 1049, 480, 1036, 2947, 1210, 589]"
2817,"[2687, 1653, 1356, 2353, 3175, 1542, 2391, 10, 62, 497, 260, 1196, 1198, 858]"
2818,"[2455, 1580, 2311, 2021, 780, 3638, 2393, 788, 1676, 2827, 356, 357, 3809, 468]"
2819,"[0, 0, 0, 0, 0, 0, 0, 260, 562, 3481, 3555, 3408, 3148, 3513]"
2820,"[2186, 2206, 589, 2287, 950, 1449, 927, 2997, 2318, 799, 2758, 2599, 3160, 3949]"
2821,"[0, 0, 1968, 1617, 3481, 608, 1197, 3181, 1259, 1284, 1673, 110, 3148, 144]"
2822,"[1185, 3521, 3868, 3869, 370, 2303, 3347, 2581, 3624, 1262, 260, 1303, 1196, 1198]"
2823,"[0, 0, 0, 858, 3916, 3948, 2858, 527, 1213, 50, 1089, 1266, 223, 457]"
2824,"[2805, 3146, 2325, 3248, 589, 1653, 1573, 1921, 2628, 1917, 3178, 861, 112, 2167]"
2825,"[745, 750, 1148, 3362, 306, 1204, 1218, 2203, 1299, 926, 1617, 3077, 951, 246]"
2826,"[1172, 2467, 778, 1936, 945, 3200, 1073, 1125, 1222, 3703, 1036, 1238, 3730, 3298]"
2827,"[0, 0, 0, 0, 0, 0, 0, 466, 1127, 2683, 223, 2976, 3793, 3879]"
2828,"[2395, 2324, 1517, 2542, 1916, 1221, 608, 111, 50, 2952, 3552, 3948, 3535, 1263]"
2829,"[0, 0, 0, 0, 0, 0, 1228, 3415, 3532, 3503, 3030, 1260, 3134, 1248]"
2830,"[164, 3176, 608, 908, 1394, 2710, 2396, 969, 858, 1198, 1214, 1222, 1291, 3836]"
2831,"[589, 1269, 2762, 318, 858, 593, 1221, 2858, 2804, 912, 1219, 1193, 2028, 3114]"
2832,"[1208, 1952, 1247, 527, 1185, 2303, 1272, 2020, 1222, 1244, 1299, 1953, 1296, 1094]"
2833,"[2355, 3543, 233, 2336, 3159, 2712, 2716, 2318, 2333, 913, 3160, 968, 2502, 1959]"
2834,"[0, 1701, 111, 17, 926, 3872, 2731, 1104, 3801, 3548, 1944, 971, 1945, 3405]"
2835,"[3515, 3823, 3897, 908, 1673, 608, 1354, 1224, 1284, 1090, 3925, 589, 2291, 1197]"
2836,"[0, 0, 0, 0, 0, 0, 0, 0, 0, 0, 0, 0, 2028, 1266]"
2837,"[500, 2249, 380, 260, 592, 1291, 590, 2640, 1372, 2641, 2094, 2997, 1587, 1466]"
2838,"[2997, 296, 1193, 608, 1213, 2858, 260, 1196, 1207, 1198, 34, 1247, 1387, 1084]"
2839,"[0, 0, 0, 1, 2145, 164, 1230, 3897, 2997, 2683, 223, 3543, 2959, 2716]"
2840,"[368, 70, 3082, 736, 387, 1265, 2171, 597, 1608, 2858, 3535, 527, 1213, 2959]"
2841,"[3201, 3949, 1230, 2184, 2819, 2542, 1132, 2336, 1207, 82, 3790, 3625, 978, 110]"
2842,"[1918, 2002, 81, 2023, 707, 2605, 1647, 318, 2858, 3811, 1196, 3683, 541, 1225]"
2843,"[0, 0, 0, 0, 0, 0, 0, 2792, 2028, 1230, 3072, 1193, 608, 1197]"
2844,"[3897, 3911, 3952, 3852, 3481, 3160, 3148, 593, 608, 50, 2571, 2762, 2542, 1921]"
2845,"[653, 60, 2, 2021, 1196, 589, 1270, 1214, 541, 2571, 32, 1210, 2640, 1396]"
2846,"[1060, 927, 2321, 1073, 2108, 306, 2080, 1947, 2572, 2355, 2541, 2959, 2580, 2700]"
2847,"[2356, 63, 3477, 1895, 553, 832, 539, 2025, 1416, 2393, 2708, 1968, 1247, 2324]"
2848,"[2116, 2700, 313, 1030, 2142, 2800, 1265, 497, 1307, 39, 151, 2067, 3094, 356]"
2849,"[1357, 2065, 265, 509, 2248, 2291, 3475, 3685, 497, 900, 931, 1639, 1307, 838]"
2850,"[0, 0, 0, 0, 0, 0, 2763, 3006, 3007, 1197, 29, 1291, 592, 1676]"
2851,"[0, 0, 0, 961, 1653, 2858, 2188, 2572, 2997, 2707, 2908, 2336, 2599, 233]"
2852,"[1917, 172, 2322, 1261, 3576, 2613, 3918, 3837, 2148, 1346, 1975, 2513, 1986, 1977]"
2853,"[3608, 2918, 1500, 417, 1923, 1517, 3253, 2797, 1307, 2795, 2109, 2150, 2080, 2081]"
2854,"[1641, 1834, 2324, 678, 223, 16, 2188, 3005, 2710, 2976, 2712, 2607, 3174, 2709]"
2855,"[3948, 3744, 3755, 3623, 3555, 3752, 3754, 3911, 3160, 296, 1213, 2858, 1148, 1233]"
2856,"[2501, 2762, 1358, 2686, 356, 508, 783, 1610, 2336, 2671, 36, 858, 1221, 1252]"
2857,"[2852, 201, 1466, 3255, 1799, 11, 1295, 1061, 2329, 1693, 1721, 805, 3791, 491]"
2858,"[1409, 1605, 708, 788, 2154, 2385, 3114, 1703, 2059, 2085, 919, 1012, 2018, 1]"
2859,"[778, 1171, 25, 39, 3733, 2611, 2763, 345, 1333, 3053, 2686, 1190, 2671, 1373]"
2860,"[1269, 1673, 3471, 2110, 2362, 2442, 535, 2502, 152, 1719, 3317, 52, 2599, 2692]"
2861,"[2706, 2997, 2683, 2908, 2355, 2336, 2599, 233, 2333, 3008, 2606, 3160, 2390, 2686]"
2862,"[1, 1294, 1079, 1259, 1270, 1278, 2797, 1233, 1242, 1250, 1262, 1299, 3196, 2028]"
2863,"[357, 1057, 2707, 2908, 759, 162, 549, 1649, 1192, 363, 556, 1191, 2427, 2966]"
2864,"[2858, 2707, 3005, 2908, 223, 2355, 2599, 2605, 3408, 3160, 3623, 43, 2395, 2396]"
2865,"[1240, 3098, 3251, 1374, 1968, 2114, 1124, 1958, 1246, 1302, 1962, 3448, 1101, 2081]"
2866,"[1203, 1207, 3468, 1233, 593, 2728, 3006, 3555, 3506, 150, 920, 969, 3668, 1307]"
2867,"[1210, 3408, 3624, 3481, 3328, 3555, 3513, 3173, 3190, 3354, 3355, 3322, 3793, 3826]"
2868,"[2761, 913, 2502, 3753, 2598, 43, 3081, 2396, 3176, 3114, 2763, 3565, 3830, 1264]"
2869,"[2916, 512, 924, 2311, 1127, 410, 969, 3841, 2791, 2792, 1320, 1200, 1927, 2971]"
2870,"[1704, 25, 3060, 1748, 3418, 1094, 1187, 1923, 1610, 2355, 3255, 2624, 1343, 3252]"
2871,"[0, 0, 0, 0, 0, 858, 2657, 1968, 3897, 3499, 1214, 1258, 2160, 1387]"
2872,"[1060, 1827, 1883, 1885, 2108, 1171, 838, 342, 357, 52, 551, 2321, 3358, 471]"
2873,"[1127, 2115, 3755, 1, 2846, 3114, 2355, 1012, 1028, 1097, 596, 1282, 2087, 3397]"
2874,"[3811, 3741, 1084, 1277, 904, 3093, 1199, 1952, 2010, 2186, 1912, 1948, 1224, 926]"
2875,"[541, 3703, 32, 1206, 1240, 2288, 2571, 1097, 1198, 858, 1200, 2019, 1221, 1291]"
2876,"[1275, 3753, 3763, 2991, 1127, 1129, 3836, 1722, 2001, 3948, 3893, 260, 2968, 1073]"
2877,"[924, 1608, 588, 1214, 1320, 1200, 2762, 2571, 1748, 1199, 1172, 3081, 1920, 551]"
2878,"[1617, 3186, 3510, 3260, 3512, 2708, 3317, 3105, 1307, 930, 381, 2882, 2424, 1747]"
2879,"[0, 0, 0, 0, 597, 1721, 3618, 356, 1221, 3147, 1060, 2324, 318, 1090]"
2880,"[1198, 2005, 3897, 1252, 913, 942, 899, 3549, 1032, 1947, 1625, 2076, 2413, 903]"
2881,"[1197, 1215, 293, 3868, 551, 482, 3624, 1580, 3450, 2657, 1566, 70, 3301, 3173]"
2882,"[2392, 2700, 3784, 1302, 3098, 3317, 3148, 1307, 3361, 2918, 2797, 3608, 2011, 3868]"
2883,"[2439, 2791, 588, 1200, 3007, 806, 2329, 1693, 1327, 2788, 3421, 1230, 1694, 1517]"
2884,"[0, 0, 0, 0, 902, 3733, 73, 1735, 2501, 2396, 2324, 1834, 2690, 2067]"
2885,"[2012, 1091, 216, 1377, 2002, 2369, 2478, 466, 2136, 2796, 3881, 94, 3148, 50]"
2886,"[204, 1382, 1752, 849, 1544, 353, 1432, 2722, 2881, 1479, 886, 1772, 1604, 996]"
2887,"[2997, 3361, 322, 1285, 2502, 3948, 2795, 1257, 2261, 1091, 47, 608, 3007, 3718]"
2888,"[2033, 1032, 1022, 2091, 1009, 1258, 2366, 1997, 1219, 2664, 3476, 3917, 3016, 724]"
2889,"[969, 1957, 3334, 36, 3504, 945, 588, 2080, 919, 2746, 1951, 2078, 364, 1088]"
2890,"[1356, 2115, 2528, 1580, 1608, 2167, 1722, 10, 1788, 2006, 648, 494, 316, 2600]"
2891,"[4, 1270, 2858, 1127, 2706, 3298, 2908, 223, 2355, 2881, 1911, 2599, 3408, 2336]"
2892,"[3269, 3366, 1848, 1049, 2208, 1265, 955, 2080, 2716, 911, 1103, 1939, 1277, 3510]"
2893,"[0, 0, 0, 0, 0, 0, 0, 0, 356, 1193, 1197, 3793, 1203, 924]"
2894,"[170, 3744, 3452, 2815, 1205, 548, 3729, 517, 423, 1385, 786, 2723, 204, 153]"
2895,"[3114, 2542, 3618, 2359, 2952, 3000, 904, 3897, 3317, 3793, 3007, 3952, 3916, 2409]"
2896,"[420, 1556, 204, 2412, 2420, 2421, 2422, 3033, 1302, 3948, 1608, 150, 3512, 3753]"
2897,"[1732, 1047, 912, 253, 1197, 110, 1275, 1287, 1208, 3347, 745, 923, 111, 318]"
2898,"[1982, 1097, 1080, 3702, 1096, 2959, 293, 780, 3578, 3317, 3892, 3893, 2699, 2355]"
2899,"[1101, 648, 3197, 349, 2006, 165, 2723, 10, 368, 1597, 3020, 292, 1587, 353]"
2900,"[1282, 1095, 596, 2109, 1022, 1028, 1466, 1120, 1584, 16, 431, 1025, 440, 953]"
2901,"[2706, 1376, 1729, 25, 2000, 428, 2700, 2763, 440, 2352, 1081, 281, 2001, 1968]"
2902,"[0, 0, 0, 0, 0, 0, 0, 1221, 3751, 3307, 858, 296, 608, 1485]"
2903,"[170, 3513, 1644, 608, 2641, 2858, 3253, 3254, 3082, 266, 253, 1882, 2694, 1197]"
2904,"[3083, 1704, 1673, 1354, 2324, 1183, 326, 1307, 2929, 3357, 1092, 3831, 1295, 2959]"
2905,"[588, 595, 2083, 783, 3213, 2294, 262, 2687, 3114, 1566, 1907, 317, 364, 531]"
2906,"[2571, 541, 1270, 1199, 1240, 1253, 1374, 3793, 2916, 2968, 1848, 1277, 919, 940]"
2907,"[3268, 333, 3082, 1086, 70, 3660, 2553, 2338, 852, 2747, 3751, 3826, 3615, 1348]"
2908,"[0, 0, 0, 0, 0, 0, 0, 3101, 553, 2710, 1407, 1347, 1219, 1261]"
2909,"[3898, 3879, 362, 3672, 1282, 2294, 2033, 3362, 3317, 1883, 2359, 3948, 3301, 2472]"
2910,"[2978, 1777, 2571, 1200, 1376, 1831, 3839, 3892, 2628, 260, 1196, 1210, 1199, 1136]"
2911,"[1641, 1873, 588, 2710, 3751, 1093, 2336, 3155, 300, 1203, 2357, 50, 1196, 2132]"
2912,"[0, 0, 0, 0, 0, 1270, 527, 3751, 2072, 1127, 344, 2133, 932, 2791]"
2913,"[1596, 3102, 1173, 3044, 2295, 110, 3446, 1417, 1516, 1573, 117, 2797, 1271, 1994]"
2914,"[1265, 1270, 1968, 235, 3608, 1963, 3424, 1073, 2243, 3481, 1517, 2716, 2918, 2065]"
2915,"[1214, 2571, 1200, 1240, 1584, 1210, 32, 2580, 2762, 1291, 1, 3751, 364, 50]"
2916,"[1188, 1288, 176, 562, 1446, 1571, 84, 3893, 1307, 471, 551, 496, 3852, 52]"
2917,"[1248, 904, 1148, 1252, 2186, 1218, 541, 246, 1198, 162, 318, 1228, 1230, 3265]"
2918,"[3794, 3949, 3903, 3952, 3317, 3858, 3457, 1810, 1120, 2697, 2710, 2249, 2306, 784]"
2919,"[2193, 2105, 2405, 1205, 3441, 2968, 2470, 1967, 2005, 2950, 3673, 2087, 260, 1019]"
2920,"[0, 0, 0, 0, 0, 0, 0, 0, 2102, 902, 908, 608, 1197, 1090]"
2921,"[1527, 780, 2628, 1921, 2105, 3704, 2011, 2699, 2021, 3826, 3032, 1690, 2311, 1371]"
2922,"[2531, 88, 3671, 541, 1022, 433, 1589, 230, 2533, 1275, 405, 2468, 880, 720]"
2923,"[0, 0, 0, 0, 0, 1196, 2792, 485, 1278, 1136, 1259, 1265, 1080, 1270]"
2924,"[3752, 3623, 3606, 2723, 2581, 3273, 2485, 2396, 2762, 2700, 3114, 3793, 2701, 2571]"
2925,"[0, 0, 0, 1688, 2023, 762, 3534, 3555, 1271, 3753, 1968, 2571, 3186, 3948]"
2926,"[2082, 3247, 203, 3264, 292, 1405, 225, 344, 586, 2432, 5, 1391, 168, 1379]"
2927,"[1291, 260, 1204, 590, 480, 1197, 1374, 1275, 1356, 1376, 1049, 2968, 1259, 1198]"
2928,"[1230, 1188, 2289, 2324, 2395, 1235, 1288, 235, 2788, 1259, 936, 3396, 3363, 497]"
2929,"[16, 3044, 474, 2353, 377, 627, 587, 832, 1683, 3686, 1608, 3249, 288, 1198]"
2930,"[0, 0, 0, 0, 0, 0, 0, 0, 0, 1542, 1097, 1221, 36, 527]"
2931,"[1769, 648, 3107, 165, 316, 2094, 208, 1100, 1917, 172, 2712, 457, 3328, 1541]"
2932,"[0, 3072, 230, 333, 1265, 380, 589, 1089, 1358, 2571, 1625, 608, 1343, 47]"
2933,"[1270, 541, 1394, 1200, 1090, 3703, 1961, 1199, 2716, 1079, 1222, 1231, 3361, 1259]"
2934,"[73, 897, 2384, 62, 1401, 2312, 2085, 848, 1907, 454, 349, 837, 350, 2846]"
2935,"[3527, 2407, 2011, 2985, 2640, 2116, 1375, 24, 2034, 1371, 1591, 1373, 1882, 2549]"
2936,"[1921, 953, 1148, 745, 1654, 247, 3920, 1719, 2384, 34, 531, 392, 1282, 262]"
2937,"[1393, 3147, 47, 3271, 11, 380, 1672, 266, 1805, 805, 3263, 2628, 1573, 587]"
2938,"[2463, 838, 2946, 2064, 608, 3450, 3844, 1288, 3671, 1080, 265, 2752, 595, 531]"
2939,"[3267, 2571, 1240, 1674, 2183, 3505, 1480, 1834, 1407, 1625, 1845, 1127, 1921, 319]"
2940,"[0, 0, 0, 592, 1097, 2997, 223, 2683, 2858, 2706, 2710, 2908, 457, 1580]"
2941,"[2015, 246, 549, 1, 596, 3114, 3751, 594, 3034, 2687, 2355, 2085, 3213, 1907]"
2942,"[1103, 3735, 1203, 1214, 940, 2289, 3260, 3548, 1944, 914, 3350, 1224, 1096, 3871]"
2943,"[1077, 1097, 1274, 968, 1748, 2571, 1921, 3704, 2916, 2640, 1584, 2527, 2985, 1254]"
2944,"[595, 2018, 594, 2081, 1029, 588, 2096, 72, 3462, 480, 2558, 3489, 1377, 2193]"
2945,"[17, 529, 2028, 1635, 1704, 125, 1883, 150, 21, 1643, 2836, 348, 373, 428]"
2946,"[2858, 2791, 296, 1213, 1089, 2231, 2268, 2112, 260, 1198, 858, 1214, 1221, 2366]"
2947,"[94, 1648, 1923, 1407, 39, 3261, 377, 1680, 551, 3515, 3852, 296, 3424, 2918]"
2948,"[3869, 3162, 3189, 3301, 3326, 370, 3515, 3007, 246, 1310, 1147, 3718, 923, 3861]"
2949,"[3408, 3159, 3175, 2716, 3578, 3623, 968, 2490, 2723, 2013, 2724, 2762, 2700, 3114]"
2950,"[34, 3751, 28, 497, 534, 1408, 1265, 356, 543, 7, 2006, 3155, 539, 2424]"
2951,"[3063, 3552, 3039, 2791, 1220, 1270, 2145, 904, 3108, 337, 2291, 428, 527, 2858]"
2952,"[3298, 3509, 1179, 1218, 1197, 2924, 2912, 1036, 3267, 474, 2427, 480, 1954, 908]"
2953,"[2716, 2333, 2580, 2690, 2761, 2502, 1959, 2598, 2686, 3081, 2396, 314, 2762, 2841]"
2954,"[3004, 2683, 2694, 2355, 2722, 1911, 3159, 2716, 2719, 3623, 2581, 2394, 3081, 2762]"
2955,"[1393, 356, 2300, 1282, 608, 1207, 1419, 1231, 3342, 2997, 2355, 2718, 3408, 3578]"
2956,"[0, 0, 0, 0, 0, 3704, 1210, 589, 32, 1356, 1573, 1527, 2393, 2628]"
2957,"[1197, 3160, 778, 1090, 1358, 1704, 2918, 1242, 2580, 32, 2700, 223, 1287, 3250]"
2958,"[0, 1196, 912, 50, 2858, 2706, 2355, 2976, 2575, 2599, 3159, 2712, 3175, 2716]"
2959,"[2001, 2002, 3037, 2912, 364, 2746, 3208, 2542, 3052, 3362, 63, 2278, 2160, 1243]"
2960,"[1178, 1294, 3897, 1225, 527, 1221, 1617, 296, 111, 318, 593, 260, 1247, 2396]"
2961,"[1197, 3947, 1284, 3873, 2302, 3932, 1673, 1580, 589, 3809, 3936, 3868, 1215, 480]"
2962,"[2550, 3546, 1219, 911, 1953, 3203, 2917, 1994, 1227, 1332, 1089, 3728, 6, 3476]"
2963,"[2324, 1997, 1961, 50, 1247, 928, 919, 608, 1704, 1721, 1196, 3916, 1097, 1242]"
2964,"[1193, 1267, 898, 524, 903, 1206, 1086, 2599, 1084, 1230, 1103, 1617, 608, 1259]"
2965,"[0, 0, 0, 0, 0, 0, 1294, 1073, 912, 858, 919, 1193, 2858, 527]"
2966,"[3060, 2289, 551, 21, 2572, 3178, 500, 2335, 104, 2133, 367, 673, 3147, 2762]"
2967,"[973, 3676, 1124, 1305, 175, 3700, 85, 3678, 2730, 750, 926, 2925, 3470, 3196]"
2968,"[380, 292, 1183, 2106, 1517, 2141, 708, 838, 1717, 1614, 104, 165, 257, 2424]"
2969,"[1200, 1214, 1639, 858, 1221, 708, 1196, 1210, 296, 2947, 555, 1097, 3039, 1035]"
2970,"[296, 2858, 1784, 1265, 1610, 3252, 1584, 733, 2268, 3147, 3477, 866, 428, 2321]"
2971,"[1249, 3328, 1965, 3160, 3925, 1649, 162, 2677, 1827, 2693, 1111, 1904, 1236, 1306]"
2972,"[507, 780, 288, 1754, 3020, 1407, 3499, 1645, 1339, 1355, 328, 1342, 177, 196]"
2973,"[2355, 2369, 2541, 2599, 3408, 2336, 2716, 3578, 3160, 3174, 3623, 2310, 2394, 24]"
2974,"[1968, 2918, 1266, 1517, 2109, 356, 2321, 6, 1411, 300, 180, 1645, 3250, 2352]"
2975,"[2973, 2859, 2729, 1238, 1288, 909, 2208, 1285, 900, 921, 39, 3152, 2919, 2020]"
2976,"[1288, 1394, 2804, 2599, 1259, 2700, 1923, 1080, 1278, 1073, 3671, 1060, 1968, 2155]"
2977,"[0, 0, 0, 0, 0, 0, 0, 0, 0, 0, 0, 0, 2145, 932]"
2978,"[1924, 912, 3095, 1939, 2202, 951, 898, 953, 2612, 2398, 2176, 1260, 905, 919]"
2979,"[551, 1907, 588, 1566, 60, 2081, 1641, 1730, 1646, 1148, 2987, 661, 3751, 2395]"
2980,"[1960, 2872, 2312, 2968, 1094, 3181, 2183, 587, 2245, 733, 3624, 3623, 2617, 1262]"
2981,"[912, 2567, 1197, 318, 1221, 2858, 1265, 3948, 934, 2997, 3070, 3751, 1923, 2108]"
2982,"[0, 0, 0, 0, 0, 0, 910, 1230, 1248, 1252, 1267, 1617, 2186, 2987]"
2983,"[2167, 2002, 2490, 464, 2628, 2126, 653, 163, 368, 380, 1378, 2353, 504, 2334]"
2984,"[0, 0, 0, 0, 0, 0, 2028, 1269, 908, 1035, 3801, 1197, 3806, 3927]"
2985,"[1862, 2087, 2872, 1073, 2100, 2193, 1225, 2804, 3034, 1907, 1387, 2797, 1022, 594]"
2986,"[1666, 1759, 2702, 1651, 3147, 2442, 3179, 3115, 909, 3949, 2355, 539, 3756, 3317]"
2987,"[1258, 924, 608, 1396, 1089, 1376, 2396, 2542, 2997, 1962, 223, 1639, 180, 3052]"
2988,"[1127, 2706, 2997, 2683, 223, 2355, 2541, 2599, 3175, 2959, 3578, 3160, 2502, 2734]"
2989,"[1199, 2010, 924, 1214, 2968, 2662, 1210, 1270, 3471, 1127, 1301, 1396, 480, 2407]"
2990,"[357, 3358, 342, 2100, 356, 838, 1643, 2872, 25, 509, 1286, 11, 534, 587]"
2991,"[1242, 1198, 1247, 3545, 899, 2303, 3147, 3359, 3504, 3114, 594, 1292, 1244, 1950]"
2992,"[3285, 3452, 3160, 3179, 3534, 3535, 3555, 3298, 3301, 3596, 3287, 3225, 3484, 3173]"
2993,"[1215, 1673, 3809, 1101, 2174, 1073, 2105, 2161, 1967, 2797, 2005, 1291, 2115, 318]"
2994,"[3729, 648, 610, 3519, 3898, 3744, 2094, 3430, 2023, 1616, 380, 3643, 1037, 533]"
2995,"[2174, 1258, 1407, 1278, 799, 1645, 253, 2716, 1994, 1997, 1219, 3081, 2746, 2003]"
2996,"[2252, 2961, 2683, 1091, 586, 3243, 2335, 413, 2375, 2581, 520, 2004, 2408, 3388]"
2997,"[2407, 2746, 2003, 2141, 1202, 3753, 2622, 653, 60, 590, 1408, 2028, 480, 1608]"
2998,"[150, 1917, 1784, 3105, 1270, 2011, 2012, 1014, 1363, 597, 2145, 1197, 2355, 3751]"
2999,"[3397, 661, 3398, 2046, 2141, 2005, 586, 2, 2083, 1967, 1031, 1033, 1367, 575]"
3000,"[1210, 3552, 543, 1198, 1197, 1291, 592, 590, 3070, 1356, 2871, 480, 2115, 2006]"
3001,"[3770, 3476, 3101, 3527, 1129, 2334, 2802, 349, 1732, 2764, 481, 3660, 3793, 3418]"
3002,"[356, 1482, 2282, 3052, 1883, 799, 2926, 587, 940, 592, 1078, 2797, 223, 1233]"
3003,"[2077, 1376, 2161, 2099, 480, 2167, 316, 2005, 2617, 2193, 112, 2470, 2628, 1375]"
3004,"[3044, 357, 509, 1680, 1059, 2025, 122, 380, 2106, 175, 1625, 1092, 3262, 648]"
3005,"[1376, 1077, 1748, 2407, 1129, 3701, 2009, 2640, 1921, 2011, 2628, 3927, 1334, 2528]"
3006,"[296, 231, 110, 3752, 2329, 2571, 2683, 1517, 1590, 1527, 589, 2028, 2762, 47]"
3007,"[586, 1588, 153, 1911, 1612, 218, 2253, 3147, 2607, 920, 1307, 1805, 2762, 1923]"
3008,"[260, 1617, 3785, 3798, 1356, 1584, 2571, 32, 1653, 480, 1527, 1396, 2628, 1748]"
3009,"[0, 1270, 316, 356, 3793, 3827, 3755, 1036, 2000, 2001, 2297, 539, 1286, 932]"
3010,"[1580, 2968, 1653, 1374, 1527, 1748, 2554, 76, 1676, 1356, 1909, 2527, 2021, 2628]"
3011,"[29, 2010, 541, 2140, 1584, 32, 3471, 1199, 1921, 3793, 2640, 1127, 3699, 480]"
3012,"[3450, 1215, 1270, 750, 1129, 2291, 3020, 1265, 610, 780, 3702, 3499, 1136, 2321]"
3013,"[339, 2355, 924, 2875, 3349, 3507, 1162, 3552, 2136, 1680, 3105, 1893, 3911, 2321]"
3014,"[1244, 3915, 3897, 3948, 3911, 1343, 1345, 1206, 2762, 832, 1124, 1271, 3108, 186]"
3015,"[1890, 1150, 3083, 3481, 3408, 3148, 3173, 3357, 924, 2188, 1511, 1459, 2262, 409]"
3016,"[2959, 2761, 2490, 2686, 2395, 1127, 589, 1240, 1200, 1214, 29, 32, 3160, 2571]"
3017,"[3948, 2724, 2908, 2883, 3317, 1455, 3175, 912, 923, 1952, 1304, 3741, 3186, 916]"
3018,"[2647, 2649, 2650, 1345, 1350, 2782, 1982, 2651, 2654, 3732, 2879, 1676, 1639, 2599]"
3019,"[1210, 2997, 908, 1230, 1249, 1269, 3083, 608, 1374, 1259, 1090, 3873, 293, 2302]"
3020,"[1265, 928, 1674, 2935, 898, 3475, 17, 3554, 2248, 1277, 1912, 58, 902, 2243]"
3021,"[0, 0, 0, 0, 0, 0, 0, 0, 0, 0, 0, 0, 1197, 1617]"
3022,"[1079, 1036, 1246, 1240, 3104, 2734, 858, 1200, 1214, 1221, 1277, 1287, 1912, 457]"
3023,"[3005, 2433, 2355, 2759, 3615, 2336, 2605, 3408, 2716, 3578, 2690, 2676, 2394, 2396]"
3024,"[2875, 1584, 1356, 780, 442, 1527, 2232, 1690, 2393, 329, 1917, 196, 1544, 2448]"
3025,"[1083, 3199, 1057, 1380, 2946, 1088, 1416, 1772, 48, 912, 920, 928, 969, 265]"
3026,"[2870, 289, 141, 2109, 2144, 1569, 3448, 2406, 372, 2215, 7, 1888, 597, 3033]"
3027,"[0, 0, 0, 0, 1196, 110, 1201, 480, 778, 1266, 553, 296, 2571, 2858]"
3028,"[2080, 1784, 1747, 21, 1517, 1028, 2081, 3448, 1883, 2150, 1923, 3255, 2883, 380]"
3029,"[1015, 1429, 180, 348, 1171, 1923, 171, 3253, 1614, 3466, 3712, 3952, 3507, 3510]"
3030,"[0, 0, 0, 480, 3733, 1210, 1097, 3538, 608, 2858, 1704, 1914, 34, 3148]"
3031,"[3269, 1658, 2385, 1089, 2159, 164, 2580, 6, 2278, 1785, 999, 2616, 1352, 1598]"
3032,"[103, 2263, 1798, 540, 2741, 291, 3835, 3056, 1427, 1208, 2944, 3753, 1266, 3873]"
3033,"[858, 1221, 19, 344, 50, 866, 1240, 2762, 457, 587, 2706, 3536, 32, 1918]"
3034,"[920, 1704, 39, 3125, 5, 838, 2396, 1758, 2020, 3844, 1307, 926, 1393, 2268]"
3035,"[1784, 50, 39, 377, 3148, 1307, 595, 2355, 1198, 1242, 3404, 2571, 1291, 457]"
3036,"[2067, 3169, 1948, 3062, 953, 1307, 1343, 2948, 1079, 1036, 1955, 2000, 906, 2921]"
3037,"[1682, 3176, 361, 1411, 261, 1357, 3178, 22, 62, 249, 1721, 337, 306, 225]"
3038,"[2664, 610, 3932, 1199, 968, 2985, 2365, 1087, 3061, 2565, 2746, 901, 2657, 2877]"
3039,"[2205, 973, 1936, 2204, 3628, 1068, 3792, 3644, 956, 3122, 2201, 913, 2206, 953]"
3040,"[0, 0, 0, 0, 0, 0, 0, 3040, 858, 3793, 3755, 2628, 589, 2571]"
3041,"[1258, 1735, 3538, 3408, 3083, 214, 2959, 3176, 381, 2340, 1653, 1339, 3510, 318]"
3042,"[1610, 3108, 1784, 3255, 475, 1393, 534, 1672, 1095, 1317, 597, 508, 514, 365]"
3043,"[0, 0, 0, 0, 0, 0, 0, 0, 0, 0, 0, 0, 3617, 3897]"
3044,"[1135, 2558, 1327, 1717, 1603, 1518, 1552, 1754, 2263, 3016, 1806, 2881, 1974, 1091]"
3045,"[1069, 2987, 1152, 1179, 1783, 681, 858, 318, 1221, 296, 1198, 527, 1233, 608]"
3046,"[2580, 3578, 3174, 3623, 2692, 2700, 2762, 2840, 3176, 2987, 3798, 3114, 2337, 2600]"
3047,"[608, 50, 3735, 3741, 1213, 3362, 1234, 1466, 1729, 1089, 6, 293, 3104, 1589]"
3048,"[2324, 2593, 2791, 1394, 2804, 1198, 858, 1036, 1221, 2028, 110, 1242, 1291, 1912]"
3049,"[931, 2291, 892, 357, 2969, 222, 2125, 1183, 1357, 85, 2065, 1277, 915, 943]"
3050,"[2528, 1748, 2554, 2916, 1573, 2021, 3927, 2117, 780, 2527, 2533, 2407, 1653, 198]"
3051,"[3614, 278, 500, 1222, 2539, 2978, 2478, 2355, 2324, 2692, 3698, 3943, 3948, 3301]"
3052,"[2140, 3700, 1077, 2571, 2916, 1653, 1301, 2554, 3699, 2105, 1334, 1019, 2009, 2021]"
3053,"[1288, 1096, 3608, 1259, 2427, 2318, 3521, 348, 1997, 1221, 2511, 3730, 3808, 1952]"
3054,"[1217, 1260, 1300, 1199, 1185, 3608, 2791, 1079, 2076, 1222, 2918, 2797, 1240, 1961]"
3055,"[1895, 2550, 2606, 2003, 1331, 1327, 2617, 2826, 1259, 2918, 2791, 1307, 1968, 3210]"
3056,"[2174, 2797, 2161, 317, 2005, 2054, 2, 2143, 1258, 1278, 3476, 1997, 3917, 253]"
3057,"[2329, 2959, 1059, 778, 866, 508, 249, 1721, 3723, 3020, 62, 3911, 3159, 1997]"
3058,"[2122, 3508, 908, 1278, 1214, 1219, 2194, 457, 3418, 356, 2706, 11, 1895, 1276]"
3059,"[1204, 50, 1225, 1132, 1234, 593, 1267, 1704, 1208, 531, 720, 1231, 1242, 1408]"
3060,"[1249, 593, 608, 2762, 50, 733, 1625, 866, 1610, 1805, 47, 1845, 1615, 1597]"
3061,"[590, 2406, 736, 2470, 3699, 2115, 1580, 3426, 356, 587, 2797, 1214, 377, 2947]"
3062,"[1784, 2683, 1517, 2997, 2694, 3005, 1625, 2762, 2571, 3452, 110, 2976, 1883, 784]"
3063,"[344, 940, 1608, 2858, 2706, 11, 3535, 3706, 260, 1196, 1198, 1204, 1085, 1291]"
3064,"[2762, 3408, 3513, 1387, 1090, 1374, 2529, 1035, 780, 589, 1197, 1580, 3148, 356]"
3065,"[1029, 2078, 2080, 2081, 2141, 1013, 1588, 1196, 923, 1208, 1197, 1307, 2918, 1968]"
3066,"[356, 780, 22, 1805, 1717, 2395, 1921, 104, 170, 2167, 3052, 1120, 1060, 344]"
3067,"[2018, 904, 922, 1104, 926, 969, 916, 915, 1952, 1207, 1267, 1304, 902, 1084]"
3068,"[0, 0, 0, 0, 0, 0, 912, 480, 2501, 1035, 593, 903, 904, 608]"
3069,"[3868, 3869, 1921, 1909, 1590, 527, 356, 266, 593, 318, 296, 1213, 1704, 2329]"
3070,"[745, 903, 910, 912, 1148, 1276, 41, 2859, 1212, 2804, 1394, 111, 1041, 1206]"
3071,"[0, 0, 0, 0, 0, 0, 0, 0, 0, 0, 858, 2734, 2395, 3543]"
3072,"[307, 345, 3100, 3263, 352, 62, 1898, 679, 2064, 260, 1254, 1204, 1376, 2973]"
3073,"[3702, 3703, 2858, 1, 1276, 910, 1259, 1885, 2542, 2716, 1270, 1079, 3361, 1968]"
3074,"[2622, 296, 3751, 2699, 2501, 2766, 3831, 534, 3457, 3198, 3897, 3512, 3408, 3915]"
3075,"[1266, 3370, 36, 3250, 1041, 923, 3095, 1300, 1922, 2731, 2324, 2329, 3105, 2305]"
3076,"[0, 0, 0, 0, 0, 0, 0, 111, 778, 2028, 3265, 3418, 589, 457]"
3077,"[2139, 1029, 1274, 364, 1617, 541, 919, 1210, 1408, 2762, 1240, 924, 1036, 1200]"
3078,"[1278, 858, 669, 912, 1193, 1207, 2019, 1288, 908, 3095, 2858, 670, 3783, 923]"
3079,"[2571, 1222, 1954, 1210, 2743, 1221, 296, 1247, 111, 1225, 912, 608, 1217, 318]"
3080,"[2155, 1968, 3422, 231, 3087, 3264, 2134, 2369, 3693, 2014, 1282, 290, 3915, 2329]"
3081,"[356, 1960, 1078, 1244, 1259, 529, 2291, 3836, 145, 1216, 3926, 3873, 3812, 2302]"
3082,"[2453, 358, 3252, 2481, 491, 3844, 2397, 3528, 3423, 1278, 1258, 1387, 3499, 2657]"
3083,"[1214, 926, 3250, 1690, 2123, 1200, 1927, 2971, 2858, 1225, 3214, 3649, 3363, 11]"
3084,"[3534, 3273, 3452, 3481, 3148, 3301, 3173, 3176, 3189, 3146, 3285, 3318, 3149, 3324]"
3085,"[2278, 2115, 3555, 288, 786, 3639, 1722, 2763, 3755, 2989, 736, 3082, 3623, 1552]"
3086,"[1459, 2071, 316, 10, 21, 708, 1612, 2916, 2302, 1835, 457, 353, 3686, 832]"
3087,"[1094, 1678, 2729, 1271, 948, 253, 3714, 832, 1958, 2312, 22, 3528, 1888, 2875]"
3088,"[110, 475, 3502, 1784, 356, 597, 34, 1357, 377, 904, 2804, 1956, 1225, 1961]"
3089,"[2690, 2396, 1408, 1625, 36, 412, 3879, 1610, 161, 838, 468, 3147, 252, 3037]"
3090,"[3210, 1300, 260, 1136, 2788, 3421, 3339, 1278, 1144, 745, 3739, 1, 1288, 1270]"
3091,"[904, 1358, 1219, 1674, 2542, 1407, 1732, 457, 2762, 1343, 490, 1754, 280, 1573]"
3092,"[3576, 2529, 1965, 1306, 1374, 2968, 1653, 1584, 2009, 2985, 2455, 1129, 2528, 1215]"
3093,"[3859, 3618, 3885, 3717, 3730, 1282, 951, 3793, 3911, 3831, 3897, 3317, 3909, 3893]"
3094,"[2571, 32, 1527, 1396, 3175, 1179, 2997, 223, 2694, 1127, 2707, 2770, 3203, 913]"
3095,"[3176, 3553, 3916, 1307, 1270, 2248, 3210, 1968, 3039, 2144, 2716, 2915, 2174, 2245]"
3096,"[539, 587, 440, 1408, 2424, 2671, 3155, 2724, 207, 802, 1353, 736, 3528, 1409]"
3097,"[1280, 2858, 1307, 1394, 1265, 3357, 1408, 1296, 1277, 1674, 1172, 2020, 3481, 1428]"
3098,"[1197, 3801, 3083, 293, 1580, 3566, 3809, 145, 780, 2221, 3239, 3301, 50, 1617]"
3099,"[3448, 647, 1488, 2815, 466, 1920, 2816, 1445, 2571, 480, 1653, 1909, 1356, 185]"
3100,"[2583, 2858, 318, 1358, 265, 25, 58, 1885, 296, 3174, 34, 1673, 1704, 778]"
3101,"[3438, 3489, 541, 1252, 1258, 2664, 1321, 904, 1249, 1250, 1090, 1272, 1960, 1222]"
3102,"[0, 0, 0, 110, 1721, 2427, 260, 2021, 1610, 1479, 3623, 1274, 2858, 2908]"
3103,"[1284, 3408, 608, 1387, 1244, 1259, 2291, 3814, 314, 589, 3801, 529, 1077, 1078]"
3104,"[1617, 1270, 912, 593, 608, 904, 2762, 50, 1249, 1219, 1610, 1214, 1240, 3421]"
3105,"[318, 1225, 1387, 1036, 2028, 919, 1234, 3683, 1954, 34, 910, 2501, 1136, 1704]"
3106,"[3949, 1416, 1466, 2424, 1617, 1213, 1247, 1267, 913, 1625, 1086, 2542, 1639, 3317]"
3107,"[2858, 2706, 2141, 11, 2793, 3155, 150, 2458, 1784, 2827, 34, 1270, 2416, 2011]"
3108,"[3529, 707, 1252, 3683, 164, 1950, 911, 2467, 3386, 1092, 2819, 3101, 2670, 1266]"
3109,"[3872, 1090, 1259, 608, 3083, 3408, 3148, 3160, 3844, 3173, 3481, 2388, 3281, 1189]"
3110,"[1201, 1304, 1885, 1079, 3265, 1953, 1222, 1387, 21, 2947, 1610, 2912, 2993, 1954]"
3111,"[216, 3178, 2694, 325, 2860, 719, 2060, 370, 542, 231, 419, 88, 3243, 1887]"
3112,"[1393, 3147, 1500, 1584, 778, 457, 2268, 1356, 1610, 1292, 3536, 307, 308, 903]"
3113,"[1413, 3861, 236, 186, 1485, 377, 648, 2445, 2248, 380, 1552, 1874, 1845, 2273]"
3114,"[1285, 1968, 2463, 2795, 2144, 2011, 2478, 2134, 2794, 2752, 2997, 2599, 1446, 2700]"
3115,"[0, 0, 0, 0, 0, 3114, 608, 3751, 3753, 3784, 3755, 589, 480, 1396]"
3116,"[1954, 1036, 2000, 1222, 1240, 1610, 2194, 3418, 480, 592, 2058, 377, 1101, 2916]"
3117,"[296, 3198, 541, 1234, 1957, 2858, 2324, 34, 1537, 720, 1258, 608, 1214, 457]"
3118,"[1225, 1193, 954, 1950, 800, 1213, 3471, 3730, 1231, 3379, 1678, 306, 2745, 272]"
3119,"[589, 940, 3654, 1954, 2949, 780, 1356, 1580, 329, 316, 1544, 185, 3156, 1253]"
3120,"[474, 2706, 2858, 1617, 50, 47, 2959, 1923, 858, 3252, 3005, 2694, 2336, 1093]"
3121,"[3285, 2827, 3005, 2694, 223, 2369, 2541, 1093, 3113, 2712, 2716, 2676, 3053, 3354]"
3122,"[0, 0, 0, 0, 0, 0, 0, 1198, 3578, 3083, 3408, 3481, 3176, 1252]"
3123,"[1527, 2662, 1876, 2311, 2105, 780, 2528, 316, 3704, 2454, 2628, 2021, 1676, 1391]"
3124,"[0, 0, 0, 0, 0, 0, 1210, 2688, 1321, 608, 1197, 1387, 589, 1269]"
3125,"[587, 230, 1687, 786, 3827, 329, 17, 1895, 39, 339, 1541, 276, 551, 434]"
3126,"[482, 3176, 2542, 1732, 1407, 3476, 288, 481, 866, 521, 733, 1909, 353, 1047]"
3127,"[1041, 527, 593, 1224, 2692, 247, 2396, 39, 58, 1094, 1357, 17, 497, 1183]"
3128,"[223, 562, 1885, 1517, 101, 348, 2108, 141, 2683, 1057, 1190, 296, 1729, 3424]"
3129,"[2058, 428, 553, 2916, 2108, 2763, 39, 555, 431, 1408, 1645, 480, 1356, 1722]"
3130,"[2599, 47, 2396, 2580, 32, 408, 553, 3421, 2804, 1136, 1080, 1270, 2791, 69]"
3131,"[1208, 1225, 3498, 3363, 1242, 3152, 1916, 247, 2348, 3011, 2132, 1730, 446, 3350]"
3132,"[0, 0, 3015, 480, 2687, 2126, 1193, 3510, 3555, 3578, 3751, 3408, 3624, 3481]"
3133,"[0, 0, 0, 0, 0, 0, 0, 0, 0, 0, 0, 3263, 1641, 3408]"
3134,"[592, 2353, 2527, 3256, 2985, 10, 198, 1356, 1722, 1215, 1376, 349, 2115, 541]"
3135,"[3448, 1305, 2970, 2862, 1233, 535, 296, 1369, 446, 2427, 306, 3272, 1357, 2943]"
3136,"[1196, 1240, 32, 1206, 1214, 3793, 2140, 1097, 1653, 2657, 3175, 2337, 2997, 3548]"
3137,"[3408, 233, 2712, 2333, 2580, 3578, 785, 913, 3053, 3160, 2734, 2692, 3081, 2395]"
3138,"[2916, 1, 3039, 3114, 2414, 1617, 1645, 3623, 3798, 318, 593, 589, 2762, 1610]"
3139,"[3683, 1197, 3361, 541, 1242, 1300, 1217, 1231, 1238, 1240, 1258, 3072, 3613, 3811]"
3140,"[1286, 2359, 1951, 837, 3638, 2047, 3950, 1280, 1270, 1496, 1079, 592, 2470, 3484]"
3141,"[480, 2822, 434, 648, 158, 208, 2858, 2324, 2396, 1641, 1265, 2289, 1079, 1307]"
3142,"[2968, 1259, 2248, 1090, 2973, 3210, 1196, 1198, 2313, 1240, 3169, 1261, 2917, 2352]"
3143,"[1213, 296, 1704, 21, 2624, 665, 3952, 1247, 916, 911, 1947, 2067, 914, 1148]"
3144,"[1097, 3793, 3744, 3785, 3798, 3827, 3755, 3857, 1197, 1090, 293, 1387, 3083, 1639]"
3145,"[1220, 3104, 2105, 2115, 2863, 390, 1172, 1279, 1288, 1, 3108, 2791, 1258, 2857]"
3146,"[150, 104, 1222, 2321, 2951, 3135, 1968, 553, 1923, 1270, 3418, 3019, 1961, 950]"
3147,"[457, 2058, 1610, 3256, 480, 2353, 377, 6, 733, 10, 21, 2916, 1580, 2278]"
3148,"[2924, 345, 1220, 3174, 3361, 3552, 3265, 50, 858, 2329, 1213, 1221, 1104, 110]"
3149,"[2236, 1961, 3555, 3793, 3751, 3408, 3484, 3578, 3624, 3536, 3623, 3879, 3513, 3755]"
3150,"[3649, 11, 1021, 1784, 1331, 1517, 1270, 3478, 1092, 1257, 3948, 3925, 3408, 3536]"
3151,"[915, 2078, 919, 1196, 1387, 1270, 2080, 110, 2764, 356, 913, 3471, 47, 2918]"
3152,"[0, 0, 0, 0, 0, 0, 0, 0, 0, 0, 0, 3107, 3754, 260]"
3153,"[2858, 2329, 2706, 1394, 1197, 3617, 1307, 1968, 1285, 3526, 356, 3039, 2797, 1923]"
3154,"[1955, 2176, 1344, 1086, 2184, 2183, 1333, 2320, 1372, 1373, 329, 2206, 933, 11]"
3155,"[1240, 1287, 1954, 2944, 474, 1296, 1097, 34, 2018, 1073, 246, 527, 1299, 249]"
3156,"[1370, 457, 110, 2571, 21, 2058, 3418, 165, 555, 10, 1597, 316, 2763, 1527]"
3157,"[1222, 2947, 2571, 1954, 457, 2353, 3793, 3418, 1376, 1206, 1356, 1371, 1374, 2916]"
3158,"[223, 1673, 3271, 1873, 1611, 3266, 1784, 588, 1729, 141, 2355, 3783, 2028, 2116]"
3159,"[1441, 3745, 1617, 345, 293, 2502, 324, 3179, 2572, 3535, 3858, 2336, 266, 1734]"
3160,"[0, 1196, 2353, 110, 1, 1197, 1136, 1270, 3471, 260, 2571, 1200, 1214, 541]"
3161,"[529, 750, 1219, 1272, 3210, 1240, 2918, 2858, 2997, 1266, 493, 1302, 25, 1673]"
3162,"[1240, 2194, 1036, 457, 3418, 733, 2951, 2058, 1275, 3256, 2353, 507, 1370, 3020]"
3163,"[1224, 3000, 2819, 2618, 3362, 945, 3429, 3090, 3006, 2565, 117, 1234, 3396, 1199]"
3164,"[0, 0, 0, 1196, 3397, 1210, 2858, 2188, 2706, 2997, 3298, 2770, 2433, 223]"
3165,"[0, 0, 3809, 1196, 2716, 3793, 3578, 3623, 529, 2000, 1244, 3814, 293, 2001]"
3166,"[1213, 2804, 1136, 1265, 2571, 1208, 3421, 1036, 2947, 1258, 1387, 1617, 2858, 50]"
3167,"[2010, 1150, 1258, 1291, 3608, 2174, 1090, 2918, 1036, 2859, 1961, 610, 2076, 1173]"
3168,"[0, 0, 0, 0, 0, 0, 1221, 2431, 1193, 2707, 2771, 2336, 2688, 2394]"
3169,"[3697, 172, 185, 1544, 196, 674, 160, 969, 1198, 858, 110, 2019, 1221, 2028]"
3170,"[1259, 1291, 1240, 1307, 1961, 2797, 2000, 1674, 2194, 2352, 1968, 1374, 1962, 592]"
3171,"[1945, 1213, 1084, 3019, 2280, 2912, 296, 3521, 1089, 1729, 2511, 2159, 1732, 3266]"
3172,"[3418, 1732, 1921, 707, 741, 1175, 1306, 1527, 745, 858, 2997, 750, 1252, 800]"
3173,"[1278, 2635, 2366, 1214, 2716, 2019, 3267, 1197, 1275, 1036, 2028, 110, 1220, 3527]"
3174,"[1658, 788, 3436, 457, 2571, 50, 1343, 3147, 6, 733, 1573, 2353, 230, 1355]"
3175,"[1198, 1231, 2068, 1296, 1199, 1394, 1264, 1288, 3685, 1185, 2915, 541, 1259, 1270]"
3176,"[0, 0, 0, 0, 0, 0, 0, 0, 0, 593, 1552, 356, 1721, 527]"
3177,"[1270, 858, 1201, 1207, 1221, 875, 1197, 529, 1028, 1639, 736, 2302, 3263, 2694]"
3178,"[858, 1221, 1287, 2804, 1217, 1231, 1293, 1224, 3072, 1732, 1252, 608, 3627, 2666]"
3179,"[0, 0, 0, 0, 0, 0, 0, 0, 0, 0, 0, 1673, 3794, 3852]"
3180,"[1805, 1302, 3098, 2329, 1954, 2734, 1263, 1673, 535, 493, 2025, 3168, 1053, 590]"
3181,"[3101, 1247, 3253, 1198, 923, 3468, 858, 750, 3435, 1225, 922, 1252, 1178, 50]"
3182,"[6, 1215, 2167, 919, 431, 678, 2502, 3173, 3578, 3793, 3949, 3911, 157, 3617]"
3183,"[1580, 2571, 2947, 1287, 3062, 1220, 3406, 3256, 349, 1284, 903, 913, 906, 942]"
3184,"[1236, 593, 307, 308, 1719, 1639, 110, 2890, 36, 1094, 265, 1704, 334, 1245]"
3185,"[454, 1148, 2804, 1270, 1136, 1288, 1265, 3114, 1079, 3751, 2883, 2791, 3421, 235]"
3186,"[922, 930, 3435, 1069, 1248, 1252, 1260, 3683, 1179, 164, 1251, 3030, 3629, 2858]"
3187,"[858, 3296, 1234, 750, 2186, 903, 2181, 1376, 260, 3699, 923, 1204, 541, 1267]"
3188,"[0, 0, 0, 0, 1197, 3099, 356, 3408, 3420, 924, 1251, 2069, 2858, 1265]"
3189,"[1603, 185, 1037, 2248, 1247, 2080, 1393, 1674, 1094, 1721, 446, 509, 266, 2443]"
3190,"[2571, 2762, 457, 2700, 1923, 1517, 551, 2108, 216, 2683, 1257, 1270, 2804, 1197]"
3191,"[440, 380, 597, 852, 1569, 2502, 1339, 1409, 788, 1801, 2597, 3269, 276, 2906]"
3192,"[2124, 1777, 2502, 344, 216, 2539, 1213, 1206, 1214, 1240, 1210, 1127, 3793, 2640]"
3193,"[6, 555, 1645, 70, 3247, 589, 2571, 480, 2916, 1215, 1676, 1356, 1580, 1603]"
3194,"[1721, 349, 1127, 2188, 3016, 2336, 2333, 3175, 2580, 913, 3623, 2734, 968, 3753]"
3195,"[1345, 3040, 1371, 1380, 3024, 3793, 3617, 3863, 3324, 3825, 1753, 2502, 1089, 296]"
3196,"[1573, 76, 2012, 1805, 3535, 3917, 1974, 1327, 2122, 317, 1009, 1073, 2231, 2959]"
3197,"[1084, 3019, 3266, 3104, 1729, 2580, 1034, 2159, 117, 2764, 2194, 592, 659, 850]"
3198,"[2109, 1077, 3655, 1419, 3812, 2361, 2901, 2789, 3732, 2366, 3777, 2483, 1248, 923]"
3199,"[480, 733, 1682, 3256, 3450, 2916, 292, 1580, 3809, 1597, 383, 2628, 260, 1196]"
3200,"[1307, 1172, 1197, 2020, 1296, 2248, 3684, 2145, 1959, 3897, 3481, 3911, 3408, 3185]"
3201,"[2988, 1580, 2010, 3498, 3104, 1711, 1952, 3035, 2375, 3638, 1136, 954, 3591, 500]"
3202,"[588, 231, 19, 344, 575, 586, 186, 2683, 2953, 1907, 2394, 653, 1544, 733]"
3203,"[923, 1136, 1285, 2571, 1240, 1653, 2253, 1371, 3528, 1680, 50, 1292, 1265, 3101]"
3204,"[2396, 1080, 1220, 1265, 1294, 3507, 2000, 1307, 2359, 356, 2797, 3039, 2144, 3358]"
3205,"[2080, 2081, 2018, 260, 1196, 1214, 1270, 3471, 1200, 1210, 1240, 1198, 858, 1291]"
3206,"[3535, 2826, 2706, 2572, 2710, 2908, 3016, 2605, 2336, 2599, 2959, 407, 785, 3174]"
3207,"[610, 1334, 724, 253, 2710, 188, 1320, 2789, 273, 382, 2518, 2580, 1667, 919]"
3208,"[2411, 2476, 333, 338, 2598, 700, 1544, 1388, 1030, 2073, 1590, 3578, 2804, 1196]"
3209,"[1610, 10, 6, 1573, 377, 1527, 2617, 494, 145, 1917, 780, 2002, 2879, 3793]"
3210,"[3476, 3499, 2585, 2351, 1428, 1163, 3789, 3089, 959, 322, 2612, 1237, 1299, 3456]"
3211,"[39, 1408, 471, 509, 3148, 3176, 3298, 2908, 1952, 1084, 923, 1299, 1219, 3022]"
3212,"[0, 0, 0, 0, 0, 0, 0, 0, 0, 0, 1961, 2599, 1648, 2858]"
3213,"[349, 1042, 780, 832, 3259, 1641, 1680, 733, 1834, 1721, 736, 1197, 186, 1307]"
3214,"[932, 3124, 2971, 1225, 3649, 3801, 3845, 85, 82, 1230, 1694, 1208, 952, 1784]"
3215,"[1082, 1193, 1948, 3751, 50, 2355, 34, 3255, 357, 356, 3147, 3408, 3301, 3006]"
3216,"[307, 2291, 978, 515, 1704, 800, 3360, 3260, 1263, 1759, 2890, 2333, 2202, 1150]"
3217,"[1, 380, 708, 1266, 665, 1081, 4, 1307, 339, 2245, 1909, 2919, 2424, 1914]"
3218,"[3814, 3801, 3808, 3789, 3792, 2858, 3516, 3543, 2599, 2716, 3578, 913, 3174, 1959]"
3219,"[3253, 2340, 1370, 165, 2431, 3173, 1608, 2571, 356, 1527, 515, 2628, 2161, 1569]"
3220,"[1233, 3148, 1252, 3655, 1193, 1208, 1303, 3363, 1206, 1244, 1235, 1073, 1953, 2239]"
3221,"[457, 2916, 3256, 21, 1370, 2763, 1580, 3082, 10, 3020, 648, 517, 2002, 292]"
3222,"[0, 0, 0, 0, 0, 0, 0, 0, 3100, 3519, 2628, 1193, 2324, 1201]"
3223,"[3175, 2716, 2318, 2580, 3717, 3578, 3160, 3174, 3219, 2692, 2560, 3081, 2395, 2396]"
3224,"[2751, 1266, 3897, 3677, 1608, 745, 1148, 3338, 3949, 3516, 3175, 3617, 2598, 1678]"
3225,"[0, 0, 0, 0, 0, 0, 0, 0, 1267, 527, 1221, 1230, 3030, 2858]"
3226,"[1304, 3654, 2912, 2985, 1627, 2571, 1201, 1264, 2529, 1912, 3702, 1240, 3418, 2028]"
3227,"[708, 3261, 2155, 180, 3620, 345, 7, 1884, 144, 372, 2502, 2572, 1569, 539]"
3228,"[316, 3020, 3441, 3147, 3841, 2826, 3005, 2710, 2881, 2959, 2716, 2734, 2900, 2490]"
3229,"[2112, 3317, 3855, 1545, 1207, 1252, 912, 3504, 1193, 1250, 750, 771, 260, 1204]"
3230,"[532, 2617, 879, 2826, 2448, 2427, 1676, 2322, 1358, 2762, 457, 1921, 1845, 1608]"
3231,"[780, 3441, 3766, 1198, 1954, 2194, 589, 2000, 1275, 2529, 2947, 2948, 592, 380]"
3232,"[3790, 2607, 2858, 1265, 2396, 2997, 3114, 2321, 1, 2324, 1641, 3174, 1784, 597]"
3233,"[953, 265, 3424, 2130, 1704, 1954, 58, 1259, 1674, 1222, 2919, 1150, 515, 3684]"
3234,"[0, 0, 0, 0, 0, 0, 2021, 1809, 262, 1251, 3089, 154, 3224, 858]"
3235,"[2908, 2770, 2712, 2959, 2716, 3578, 3174, 3752, 2394, 2724, 2840, 2841, 2396, 2700]"
3236,"[0, 0, 0, 0, 0, 0, 0, 0, 0, 0, 0, 0, 0, 0]"
3237,"[13, 2028, 1446, 213, 589, 1265, 1649, 2692, 2396, 32, 34, 720, 235, 1245]"
3238,"[3811, 1172, 3361, 1224, 1242, 2804, 1198, 1394, 1231, 1285, 2915, 2020, 1196, 1962]"
3239,"[597, 1721, 2291, 1835, 2340, 587, 1821, 550, 252, 788, 1639, 605, 105, 3436]"
3240,"[1213, 1635, 994, 296, 1095, 3160, 858, 593, 1617, 50, 2762, 2391, 47, 1834]"
3241,"[1028, 1077, 538, 3079, 1484, 1732, 3763, 1296, 3044, 1639, 2369, 3176, 3186, 2001]"
3242,"[3698, 1372, 2370, 1917, 95, 2405, 2409, 9, 1479, 1587, 3208, 2858, 2396, 1269]"
3243,"[2628, 442, 327, 1265, 471, 2108, 2006, 1777, 11, 39, 380, 440, 802, 2671]"
3244,"[1193, 832, 2028, 3793, 3825, 3753, 3752, 3717, 3755, 3404, 2550, 1031, 223, 2571]"
3245,"[0, 0, 0, 1193, 2340, 3181, 3863, 3825, 3717, 3147, 3148, 3225, 3146, 3301]"
3246,"[3514, 3267, 457, 2028, 1610, 1912, 163, 3418, 474, 480, 1573, 2006, 1580, 1788]"
3247,"[0, 6, 2966, 590, 919, 969, 1303, 1198, 1259, 1196, 1291, 592, 2406, 480]"
3248,"[1296, 2648, 260, 1196, 1394, 3152, 1269, 930, 296, 1941, 1387, 914, 3475, 1947]"
3249,"[1259, 3160, 934, 2396, 1704, 1196, 2390, 2997, 2692, 1136, 3213, 482, 899, 2336]"
3250,"[800, 1645, 527, 1183, 1094, 266, 608, 50, 1213, 47, 1466, 707, 318, 593]"
3251,"[1161, 111, 3504, 2137, 1080, 1125, 3622, 1198, 1394, 1199, 1225, 1300, 1185, 2968]"
3252,"[0, 0, 0, 0, 0, 0, 0, 0, 0, 0, 0, 0, 912, 2353]"
3253,"[3362, 2747, 3260, 1694, 1617, 246, 39, 28, 1, 461, 1446, 1094, 412, 296]"
3254,"[0, 0, 0, 0, 0, 0, 2302, 314, 2858, 3785, 1663, 3114, 3396, 539]"
3255,"[3717, 3753, 3785, 2396, 1475, 1393, 356, 1721, 597, 2125, 587, 3044, 1777, 1059]"
3256,"[1198, 858, 1221, 2571, 2028, 1387, 608, 1090, 1259, 919, 296, 50, 356, 3821]"
3257,"[3421, 1136, 1235, 1394, 2918, 2716, 1230, 2791, 913, 1617, 904, 924, 931, 800]"
3258,"[3543, 1228, 2973, 3424, 1186, 1198, 1270, 2243, 1307, 921, 3342, 3361, 2917, 1222]"
3259,"[1214, 589, 3578, 1376, 3104, 522, 1408, 2193, 353, 112, 903, 800, 50, 3499]"
3260,"[2324, 524, 3751, 3916, 3255, 3753, 1266, 2401, 2922, 1378, 50, 457, 2268, 2087]"
3261,"[2690, 1542, 1395, 1078, 2000, 2447, 1965, 2302, 69, 1125, 3052, 1171, 2124, 3448]"
3262,"[1, 1923, 3358, 2302, 104, 1777, 231, 587, 597, 372, 539, 333, 3552, 73]"
3263,"[589, 474, 2948, 1580, 1129, 21, 1201, 3137, 3256, 3578, 1370, 2001, 3405, 1101]"
3264,"[0, 0, 0, 0, 0, 0, 0, 0, 0, 0, 0, 0, 0, 1198]"
3265,"[3505, 1234, 50, 3499, 2716, 2455, 2231, 1206, 247, 2797, 1358, 2762, 3147, 319]"
3266,"[3183, 2571, 1997, 3949, 3910, 3952, 3317, 3948, 3241, 1213, 1500, 3178, 1645, 1589]"
3267,"[1500, 3108, 1517, 3809, 2883, 1042, 2359, 440, 471, 1580, 2302, 1617, 608, 50]"
3268,"[1243, 1265, 1136, 2997, 1923, 1968, 223, 1215, 1517, 1394, 2718, 39, 296, 1089]"
3269,"[3300, 3555, 3793, 3624, 2804, 1196, 1198, 541, 1291, 1200, 1242, 3816, 1210, 1240]"
3270,"[2791, 3360, 1968, 1097, 2467, 2716, 1079, 1302, 1374, 2000, 3098, 2174, 1960, 1222]"
3271,"[3259, 361, 362, 2340, 2297, 2146, 2724, 1043, 2917, 3178, 47, 1500, 1396, 1711]"
3272,"[2574, 2683, 2263, 3937, 1687, 1831, 1779, 3764, 2471, 1363, 1390, 3387, 765, 1665]"
3273,"[0, 0, 0, 0, 0, 356, 1210, 1580, 908, 3751, 296, 1617, 1090, 3811]"
3274,"[260, 3702, 2640, 595, 2761, 1275, 1291, 1198, 1587, 3536, 924, 1090, 3396, 3471]"
3275,"[0, 0, 0, 0, 0, 0, 0, 0, 0, 2919, 2023, 260, 1129, 3018]"
3276,"[0, 0, 0, 0, 0, 0, 0, 0, 0, 377, 3250, 3159, 527, 50]"
3277,"[260, 1206, 1198, 1247, 1885, 265, 2700, 920, 1484, 3897, 1282, 1267, 1307, 1294]"
3278,"[3819, 898, 910, 955, 3929, 905, 3067, 3097, 2937, 947, 2973, 1244, 916, 2282]"
3279,"[0, 0, 527, 1083, 1198, 858, 1221, 2028, 1242, 1262, 480, 3798, 3753, 3836]"
3280,"[3421, 1080, 3498, 1350, 2528, 3617, 3618, 3717, 3900, 678, 1704, 3418, 2329, 1966]"
3281,"[2423, 2064, 1784, 2355, 514, 2321, 2716, 1361, 3142, 858, 527, 318, 1193, 1213]"
3282,"[1193, 3075, 913, 928, 3089, 953, 1212, 1254, 912, 923, 930, 951, 910, 969]"
3283,"[3030, 3037, 3467, 3871, 3365, 1201, 1209, 1266, 590, 599, 3682, 3508, 2921, 2922]"
3284,"[1203, 1292, 1357, 2395, 110, 1906, 3476, 2571, 1188, 3811, 1302, 529, 3060, 1704]"
3285,"[3183, 176, 1357, 1449, 2889, 3504, 1127, 2761, 1036, 994, 1653, 3384, 1218, 3740]"
3286,"[1288, 914, 919, 2863, 3545, 1947, 3549, 1028, 2078, 2857, 1380, 2946, 1220, 588]"
3287,"[3678, 3289, 2927, 1225, 750, 1237, 904, 1952, 1193, 969, 58, 155, 1946, 2858]"
3288,"[0, 0, 0, 0, 0, 0, 0, 1210, 1196, 290, 1136, 260, 858, 593]"
3289,"[1204, 969, 1196, 3196, 1927, 2944, 2028, 2890, 161, 1094, 1619, 2427, 465, 1183]"
3290,"[299, 2692, 3081, 2762, 2841, 3176, 3798, 3148, 3181, 608, 1230, 1625, 1387, 1090]"
3291,"[0, 0, 0, 0, 0, 0, 0, 0, 1694, 2333, 34, 62, 3079, 846]"
3292,"[3418, 1042, 1240, 2288, 1923, 2478, 2819, 1024, 2993, 2968, 805, 852, 1555, 1721]"
3293,"[0, 0, 110, 207, 3147, 3156, 608, 1197, 2000, 2001, 1625, 1732, 736, 2340]"
3294,"[1805, 81, 1061, 1620, 1589, 2605, 434, 42, 2002, 2387, 592, 2194, 2000, 2001]"
3295,"[2906, 2686, 2724, 2485, 2396, 2700, 2762, 2841, 3176, 3793, 2701, 1101, 356, 1100]"
3296,"[3113, 2688, 2716, 2719, 2580, 785, 3160, 2805, 2709, 2502, 1513, 3081, 2395, 2700]"
3297,"[300, 356, 1680, 1672, 1721, 733, 2916, 3252, 587, 1835, 1061, 1580, 1356, 708]"
3298,"[2541, 2759, 1911, 2599, 2959, 3409, 2690, 2333, 2580, 2720, 1513, 3273, 2485, 2700]"
3299,"[1674, 3254, 2304, 3129, 1256, 919, 954, 2366, 922, 1204, 1333, 2160, 1035, 1947]"
3300,"[329, 1247, 1278, 3504, 2657, 1125, 3506, 3040, 2109, 2031, 2040, 3897, 3783, 3578]"
3301,"[778, 1358, 523, 2488, 3627, 2160, 1219, 2710, 3794, 2336, 2318, 3160, 2585, 2070]"
3302,"[2706, 1097, 2716, 1213, 2762, 529, 2000, 1197, 293, 1639, 1374, 1028, 50, 318]"
3303,"[3101, 3869, 3871, 3873, 3868, 3849, 3845, 3812, 3818, 1276, 2997, 3671, 2396, 910]"
3304,"[3545, 2971, 595, 918, 1035, 1220, 2099, 1566, 2565, 1028, 364, 901, 1380, 2946]"
3305,"[2890, 628, 1914, 232, 2166, 1393, 161, 293, 2959, 1095, 1673, 778, 21, 1794]"
3306,"[3176, 260, 1097, 1303, 3168, 1, 1282, 595, 2987, 1023, 1198, 1953, 2028, 1277]"
3307,"[0, 0, 0, 0, 2688, 1573, 110, 260, 1350, 3156, 3147, 3176, 3355, 1617]"
3308,"[1339, 188, 879, 328, 2328, 3708, 1298, 1947, 1035, 963, 257, 1835, 2232, 2762]"
3309,"[2161, 1967, 1275, 595, 364, 3397, 783, 2083, 2709, 2872, 3479, 2193, 653, 1881]"
3310,"[1594, 1266, 3246, 3114, 2762, 34, 1230, 1235, 1244, 3836, 1387, 3148, 3408, 3814]"
3311,"[1079, 2139, 1961, 3552, 2795, 2115, 3409, 3481, 2889, 1921, 2125, 364, 1357, 1797]"
3312,"[3616, 3786, 3534, 1635, 1060, 1120, 1777, 3686, 2335, 46, 2080, 3115, 3783, 2405]"
3313,"[908, 971, 176, 3481, 3030, 211, 1610, 3266, 1429, 380, 1101, 2006, 112, 1858]"
3314,"[3087, 2518, 2262, 2245, 2247, 1135, 3693, 2133, 3525, 2736, 2416, 2472, 2145, 3555]"
3315,"[3249, 2447, 45, 1608, 2706, 1569, 3120, 2683, 1517, 3363, 2793, 3148, 3452, 276]"
3316,"[1210, 2872, 2193, 1097, 899, 1947, 1220, 1358, 50, 589, 593, 1617, 608, 2542]"
3317,"[1212, 1215, 480, 1909, 780, 1676, 316, 2094, 3697, 1037, 1391, 1544, 3751, 593]"
3318,"[1233, 213, 1252, 1953, 1944, 1248, 1097, 1267, 1304, 1203, 1234, 2859, 2917, 1358]"
3319,"[1293, 2348, 2020, 3347, 2929, 2313, 1957, 1960, 2919, 3685, 2739, 1961, 3071, 2988]"
3320,"[1007, 1777, 11, 3259, 1541, 207, 236, 1088, 596, 2018, 2087, 3034, 616, 1073]"
3321,"[2791, 2797, 1220, 3361, 3552, 2064, 1663, 2423, 2463, 2915, 1965, 3074, 3671, 1376]"
3322,"[1805, 1729, 1061, 1645, 592, 22, 2231, 2001, 3744, 899, 920, 3259, 1393, 1197]"
3323,"[593, 1193, 318, 678, 296, 608, 912, 3468, 1225, 1228, 111, 1242, 1247, 919]"
3324,"[1272, 908, 1254, 1321, 1148, 1136, 541, 745, 750, 1199, 1214, 1240, 1077, 2571]"
3325,"[0, 0, 0, 0, 0, 0, 0, 0, 0, 0, 0, 0, 3408, 593]"
3326,"[1997, 3751, 1282, 3507, 1466, 3159, 480, 648, 3745, 1286, 2657, 3483, 277, 1544]"
3327,"[356, 69, 1875, 1885, 342, 3481, 3786, 3081, 177, 247, 373, 2763, 1479, 3578]"
3328,"[3252, 1416, 2023, 361, 371, 1487, 463, 92, 3343, 1493, 1722, 339, 377, 2629]"
3329,"[1225, 3624, 1266, 2917, 1288, 1199, 2366, 3135, 3751, 953, 1641, 39, 1949, 1269]"
3330,"[0, 0, 0, 0, 1197, 1357, 1293, 3179, 3005, 2546, 2605, 2336, 3578, 3623]"
3331,"[1073, 2115, 480, 1580, 2005, 648, 2405, 1030, 362, 296, 608, 2391, 47, 1620]"
3332,"[2622, 3623, 2395, 2396, 2700, 2987, 2693, 3177, 2890, 3408, 3578, 3160, 2900, 2762]"
3333,"[2598, 2700, 3617, 3597, 3943, 3949, 3052, 924, 3471, 1206, 1090, 3535, 1196, 111]"
3334,"[25, 1569, 1343, 524, 1393, 11, 474, 2167, 39, 515, 590, 3060, 588, 2700]"
3335,"[260, 1721, 2706, 356, 1270, 2918, 1784, 2797, 69, 2000, 1197, 2791, 3039, 2424]"
3336,"[1394, 2791, 2716, 2918, 2797, 1285, 1958, 2746, 2407, 2416, 1663, 2859, 1293, 1090]"
3337,"[2672, 2693, 2763, 3793, 318, 858, 296, 1212, 1252, 593, 912, 1196, 1208, 971]"
3338,"[3088, 3671, 1278, 951, 3035, 497, 2791, 1234, 1292, 1270, 3552, 1517, 3039, 1968]"
3339,"[1060, 1089, 2396, 47, 223, 3499, 3174, 151, 1784, 2908, 1265, 1500, 32, 293]"
3340,"[405, 2599, 2567, 3841, 2316, 1799, 1898, 3185, 1179, 848, 3225, 3408, 3148, 1250]"
3341,"[493, 3418, 1594, 3114, 1729, 778, 1966, 3108, 2700, 1682, 1845, 47, 628, 16]"
3342,"[480, 736, 2858, 2706, 2355, 2771, 2881, 1911, 2605, 2688, 3717, 3578, 3623, 24]"
3343,"[2641, 3034, 3871, 1967, 2700, 948, 223, 180, 3052, 2997, 357, 2671, 2378, 2144]"
3344,"[1206, 1250, 318, 1208, 1, 1200, 1203, 3470, 260, 1294, 1912, 778, 1172, 1198]"
3345,"[1393, 1266, 3671, 2016, 1378, 590, 1007, 2478, 432, 1379, 3039, 3552, 2791, 2918]"
3346,"[1289, 1307, 3550, 1674, 1097, 1270, 3214, 3479, 2983, 3011, 3468, 1209, 2947, 2949]"
3347,"[2028, 2269, 2197, 2336, 2762, 318, 593, 1233, 1498, 110, 2396, 296, 1393, 1404]"
3348,"[28, 838, 3073, 3244, 2081, 440, 3259, 1183, 2424, 1674, 2006, 914, 2406, 58]"
3349,"[3285, 3147, 3005, 3512, 318, 1358, 36, 104, 553, 1682, 47, 2355, 2443, 2310]"
3350,"[2396, 1243, 1500, 223, 69, 441, 2124, 2155, 2700, 1923, 342, 1449, 21, 3253]"
3351,"[1693, 3871, 3868, 2858, 2706, 3005, 2694, 2433, 2355, 2722, 2881, 1093, 2605, 3408]"
3352,"[366, 330, 2454, 610, 2976, 2613, 1970, 532, 3693, 1974, 2158, 3708, 742, 1969]"
3353,"[2918, 1073, 1784, 3552, 3210, 1500, 2352, 1307, 2078, 3039, 2243, 2797, 3052, 3175]"
3354,"[0, 0, 0, 0, 0, 0, 0, 0, 0, 0, 0, 0, 260, 541]"
3355,"[720, 593, 318, 3091, 260, 2324, 919, 2028, 2357, 83, 1036, 50, 1249, 1176]"
3356,"[2912, 2949, 1222, 1374, 2194, 2987, 1254, 1259, 2871, 947, 2804, 2997, 3363, 1234]"
3357,"[356, 1393, 608, 593, 678, 524, 3100, 2028, 110, 1784, 34, 589, 457, 2571]"
3358,"[2628, 480, 1047, 3744, 733, 1573, 2105, 780, 648, 552, 1616, 3441, 494, 288]"
3359,"[1517, 1883, 1357, 728, 1639, 2324, 1653, 1682, 1580, 1408, 1184, 82, 3852, 3671]"
3360,"[17, 1393, 930, 1674, 1947, 2291, 39, 1094, 497, 356, 2081, 357, 2100, 802]"
3361,"[553, 590, 3873, 2055, 2012, 2478, 1267, 3147, 1212, 1214, 1089, 474, 2278, 1625]"
3362,"[141, 597, 539, 532, 1747, 587, 2424, 2694, 3247, 289, 500, 367, 586, 1517]"
3363,"[1835, 1380, 2581, 3436, 3528, 1043, 2802, 3155, 287, 498, 1409, 1801, 1888, 1894]"
3364,"[3148, 1735, 1726, 3817, 1188, 1641, 1537, 1784, 2359, 2396, 342, 357, 363, 116]"
3365,"[2134, 2913, 1888, 2405, 5, 2829, 2375, 1918, 3144, 516, 2629, 420, 435, 2717]"
3366,"[0, 0, 2118, 1210, 356, 3793, 3753, 3755, 3785, 1291, 1129, 1196, 1198, 3703]"
3367,"[2174, 2918, 2791, 1079, 3104, 2352, 2750, 2926, 3039, 3422, 2100, 2716, 1081, 3925]"
3368,"[593, 2794, 2795, 1101, 524, 161, 3916, 3552, 3039, 150, 3301, 2572, 3614, 2858]"
3369,"[2762, 318, 1225, 1193, 2804, 1203, 1198, 2028, 1240, 111, 1270, 1276, 1304, 908]"
3370,"[1704, 903, 904, 1892, 1262, 1224, 1208, 2890, 1090, 1411, 3566, 47, 1060, 16]"
3371,"[2068, 3911, 2871, 1254, 2718, 2959, 2395, 2947, 1258, 2022, 2352, 3098, 1291, 2312]"
3372,"[2686, 913, 942, 1269, 3801, 1950, 911, 1092, 1645, 2184, 350, 1422, 2875, 648]"
3373,"[0, 0, 0, 0, 2699, 858, 57, 1200, 3793, 3827, 589, 1408, 110, 21]"
3374,"[2788, 1077, 2968, 1258, 3760, 150, 933, 1197, 1732, 2355, 1639, 1374, 1625, 3186]"
3375,"[0, 0, 1198, 527, 3753, 3879, 3755, 1090, 2959, 2529, 1625, 2302, 2000, 253]"
3376,"[0, 0, 0, 0, 0, 0, 0, 0, 0, 0, 1210, 260, 1517, 527]"
3377,"[2322, 2338, 3316, 2026, 742, 3257, 259, 2827, 1479, 3113, 1626, 692, 880, 882]"
3378,"[2019, 3000, 3578, 3510, 1017, 3751, 3565, 3512, 3897, 1222, 2053, 2420, 2421, 2106]"
3379,"[2997, 2770, 2433, 3543, 2599, 3408, 2959, 2688, 3510, 2333, 2390, 3623, 2502, 1959]"
3380,"[3074, 2395, 1517, 2100, 543, 3101, 3700, 1246, 1042, 377, 1965, 2240, 2985, 2572]"
3381,"[0, 0, 0, 0, 0, 1270, 3785, 3882, 3720, 3752, 3852, 3408, 3147, 3148]"
3382,"[3882, 3273, 3553, 3594, 3484, 1, 2324, 2396, 3114, 2599, 2355, 3255, 1517, 1777]"
3383,"[3873, 1077, 1235, 1639, 2302, 1296, 3408, 253, 3809, 2529, 2001, 2355, 1078, 3806]"
3384,"[3671, 2167, 541, 156, 426, 1337, 2917, 1233, 122, 1084, 866, 3204, 615, 1199]"
3385,"[0, 0, 0, 0, 0, 0, 0, 2142, 1033, 3034, 1028, 2000, 1090, 780]"
3386,"[1678, 1653, 1672, 1060, 3071, 1961, 3448, 3512, 3793, 3617, 3861, 3826, 3554, 3916]"
3387,"[750, 912, 1208, 1250, 3160, 1252, 1260, 111, 1267, 1484, 1464, 2360, 318, 3006]"
3388,"[0, 0, 0, 0, 0, 0, 0, 0, 2431, 2137, 1961, 497, 1197, 2804]"
3389,"[2890, 1036, 293, 1393, 3098, 3275, 47, 1845, 1218, 592, 590, 3104, 2193, 1031]"
3390,"[2081, 357, 1408, 1088, 3189, 1256, 3114, 1294, 3819, 34, 2611, 2690, 2761, 2369]"
3391,"[2518, 3728, 26, 1921, 2013, 1476, 1513, 2411, 1357, 848, 3071, 1101, 2105, 818]"
3392,"[0, 0, 0, 0, 0, 234, 1961, 1196, 349, 3408, 3147, 3148, 3189, 3186]"
3393,"[2009, 1653, 2985, 1249, 593, 111, 2762, 3551, 1266, 1283, 3681, 1304, 2921, 3037]"
3394,"[3201, 1950, 3007, 2064, 246, 162, 1289, 1147, 2087, 2100, 2174, 2797, 3362, 3364]"
3395,"[2336, 3175, 2716, 2580, 3578, 407, 2490, 2502, 2901, 3081, 2395, 2396, 2700, 2762]"
3396,"[0, 0, 0, 0, 0, 1196, 260, 2280, 3265, 1218, 1136, 1214, 3462, 1370]"
3397,"[858, 2351, 1250, 2804, 923, 608, 1196, 953, 1104, 3683, 3152, 2966, 111, 1734]"
3398,"[2761, 2289, 2028, 2966, 162, 32, 34, 3114, 457, 1392, 125, 1633, 156, 1]"
3399,"[3114, 2761, 588, 595, 2294, 2687, 2355, 2089, 1566, 2394, 364, 783, 2384, 2572]"
3400,"[1950, 3198, 318, 1247, 1250, 2019, 1276, 111, 3360, 1961, 1294, 2762, 2324, 1307]"
3401,"[2109, 1125, 1937, 2706, 1858, 2539, 2889, 934, 3450, 3812, 1485, 2723, 500, 552]"
3402,"[2042, 1934, 902, 661, 1929, 3334, 2212, 3606, 1641, 588, 2352, 1419, 3168, 2206]"
3403,"[2987, 1274, 610, 3725, 588, 3213, 2189, 1566, 2394, 2700, 1405, 364, 673, 1920]"
3404,"[0, 0, 0, 0, 2291, 2023, 3798, 3623, 3717, 2617, 380, 2046, 258, 480]"
3405,"[1212, 260, 1198, 1207, 50, 1136, 1358, 1267, 923, 3897, 3408, 3481, 3148, 3555]"
3406,"[593, 104, 462, 1299, 2804, 1225, 1259, 1674, 1307, 1198, 1258, 1293, 1957, 1090]"
3407,"[0, 0, 0, 0, 0, 0, 0, 0, 0, 0, 0, 260, 3450, 2396]"
3408,"[3703, 1242, 6, 2288, 457, 2000, 2194, 3702, 3771, 2804, 318, 1213, 1, 1282]"
3409,"[16, 1089, 3256, 1343, 454, 6, 628, 1645, 1805, 2841, 3219, 832, 1573, 349]"
3410,"[3266, 1936, 1203, 3213, 3083, 1964, 902, 2729, 3499, 1784, 3911, 2959, 3317, 3006]"
3411,"[2278, 1394, 1263, 1212, 1258, 1682, 2395, 1231, 3897, 3317, 1617, 1207, 1358, 2311]"
3412,"[2968, 3508, 1994, 1907, 2000, 848, 3210, 1246, 3952, 45, 2541, 3527, 3852, 1285]"
3413,"[954, 2194, 2677, 3067, 2284, 3418, 3147, 1073, 1476, 2542, 1900, 3224, 2064, 2312]"
3414,"[161, 3386, 500, 253, 2803, 3256, 832, 2496, 2693, 339, 1777, 1092, 454, 1672]"
3415,"[3251, 2467, 1302, 2140, 2797, 1674, 3699, 2150, 3104, 1097, 2455, 2100, 2518, 1968]"
3416,"[47, 2263, 1729, 1034, 1799, 1805, 1245, 2289, 1268, 1673, 832, 491, 440, 2822]"
3417,"[1966, 2108, 858, 2351, 3030, 923, 2019, 1221, 1237, 912, 1178, 2360, 3730, 1251]"
3418,"[1940, 2206, 1282, 963, 918, 904, 922, 3548, 948, 899, 1103, 1086, 900, 2096]"
3419,"[1206, 541, 3471, 2571, 1396, 1584, 2140, 2640, 2657, 1909, 2011, 1527, 2528, 780]"
3420,"[2710, 1330, 2793, 904, 903, 2762, 2871, 474, 1344, 2212, 1683, 3546, 662, 1092]"
3421,"[593, 3201, 858, 2316, 955, 924, 2504, 1127, 2133, 932, 969, 1608, 2791, 2971]"
3422,"[3614, 104, 597, 2716, 2791, 1663, 1257, 3552, 2261, 2371, 3039, 1278, 1136, 1294]"
3423,"[2891, 3536, 3893, 3897, 3916, 3911, 3784, 3556, 3901, 2762, 1639, 1393, 1275, 377]"
3424,"[454, 2321, 222, 500, 3256, 587, 225, 471, 1500, 1396, 2394, 1680, 1641, 3247]"
3425,"[2387, 3608, 2352, 2243, 3210, 2915, 3552, 2100, 2111, 2746, 1206, 3201, 3359, 1234]"
3426,"[3770, 2803, 832, 1921, 10, 2763, 733, 2110, 3863, 318, 1245, 1197, 1254, 3871]"
3427,"[924, 111, 50, 457, 474, 2160, 1036, 1200, 1240, 1674, 1358, 2571, 2871, 1089]"
3428,"[3155, 1124, 902, 1873, 934, 237, 1401, 1398, 282, 477, 2245, 1035, 2064, 2150]"
3429,"[1407, 2858, 803, 2959, 2997, 2020, 3006, 3007, 1719, 2908, 2599, 50, 858, 2580]"
3430,"[1267, 2969, 154, 2690, 471, 529, 446, 541, 3894, 1893, 1394, 2708, 904, 1952]"
3431,"[1371, 2533, 920, 3475, 2396, 914, 17, 1247, 1944, 1230, 2067, 1674, 915, 1307]"
3432,"[2599, 1517, 1265, 1047, 866, 1036, 1288, 3210, 1663, 2301, 1297, 2918, 2795, 3740]"
3433,"[2683, 1517, 3624, 1333, 1203, 1198, 593, 2804, 899, 34, 589, 1207, 904, 3435]"
3434,"[1884, 3174, 1777, 543, 551, 3450, 3809, 344, 2770, 608, 296, 3147, 337, 32]"
3435,"[1208, 3524, 592, 3412, 903, 904, 913, 1086, 920, 2067, 1266, 2401, 3074, 1201]"
3436,"[2890, 161, 356, 780, 1676, 1183, 1586, 3053, 2322, 1920, 3682, 2693, 1370, 1954]"
3437,"[2797, 1257, 2174, 180, 2791, 2081, 3087, 318, 1203, 593, 678, 1207, 3189, 3481]"
3438,"[2690, 1580, 1641, 180, 3481, 3556, 3793, 589, 2692, 110, 2912, 2028, 2706, 2572]"
3439,"[2423, 2100, 3087, 3740, 2011, 2470, 1376, 3704, 2463, 2105, 2193, 2990, 2141, 3701]"
3440,"[1503, 3793, 3798, 3827, 3623, 3753, 3755, 3785, 1233, 593, 1617, 318, 2028, 50]"
3441,"[3252, 1678, 1396, 3948, 3510, 3553, 3861, 3597, 47, 1073, 3952, 3901, 858, 1221]"
3442,"[1212, 903, 2467, 2762, 593, 1266, 353, 110, 3578, 3481, 3355, 213, 2858, 318]"
3443,"[0, 0, 0, 0, 1798, 1200, 589, 3471, 1214, 541, 1199, 924, 1206, 2657]"
3444,"[3060, 1747, 357, 1883, 492, 52, 21, 3255, 3712, 539, 356, 2770, 1784, 3358]"
3445,"[448, 1197, 2310, 2396, 527, 2872, 2174, 2797, 1073, 1, 3429, 2700, 1223, 595]"
3446,"[3476, 2716, 3576, 1982, 3785, 1255, 1407, 735, 2288, 2644, 1340, 1994, 1645, 2455]"
3447,"[1240, 741, 3471, 1584, 1206, 1274, 3702, 1077, 480, 1218, 2762, 1233, 110, 589]"
3448,"[0, 0, 0, 260, 2688, 2302, 2378, 1721, 372, 3798, 2028, 733, 349, 380]"
3449,"[164, 3706, 1196, 924, 3471, 3702, 1200, 1206, 1240, 2529, 2571, 1210, 1077, 1097]"
3450,"[1092, 733, 1892, 165, 1003, 18, 1645, 377, 3219, 423, 3686, 481, 1422, 292]"
3451,"[2324, 2282, 372, 1641, 357, 1485, 2696, 2155, 2108, 101, 593, 745, 608, 50]"
3452,"[2028, 3952, 3827, 2395, 908, 1393, 1250, 912, 969, 1200, 1208, 1094, 1298, 161]"
3453,"[1584, 858, 2336, 474, 2313, 2795, 1961, 1265, 2268, 3092, 3117, 3819, 2683, 3005]"
3454,"[2291, 457, 3452, 112, 588, 2683, 1127, 1517, 215, 2975, 3566, 1689, 2411, 3173]"
3455,"[0, 0, 2134, 1589, 377, 1171, 1394, 910, 2858, 3424, 1136, 2788, 2282, 2289]"
3456,"[2393, 1831, 173, 260, 3793, 924, 1196, 3527, 3702, 1200, 1214, 1097, 1240, 1374]"
3457,"[3578, 648, 3897, 3408, 3623, 3535, 318, 50, 1089, 1704, 2762, 246, 1060, 125]"
3458,"[171, 2354, 2052, 203, 48, 2566, 1882, 2961, 765, 1821, 830, 2316, 1453, 2253]"
3459,"[0, 0, 1210, 1240, 1817, 2628, 3255, 480, 923, 858, 1221, 1206, 1222, 1449]"
3460,"[3462, 1952, 318, 924, 1927, 1394, 3730, 1228, 541, 2858, 1921, 1199, 260, 3702]"
3461,"[2288, 3702, 2944, 1222, 2028, 969, 457, 110, 1210, 555, 1240, 1610, 3703, 2916]"
3462,"[1265, 2106, 111, 1059, 1214, 785, 3074, 3361, 2750, 2729, 2325, 1290, 1089, 3683]"
3463,"[1197, 1387, 3868, 1625, 3809, 1078, 3812, 3174, 2248, 1228, 2064, 2804, 1198, 3424]"
3464,"[3578, 785, 3325, 1513, 2395, 2700, 3327, 3148, 3753, 1196, 1198, 858, 1221, 1225]"
3465,"[1291, 110, 1, 3034, 2137, 2138, 2139, 1274, 741, 2116, 594, 2700, 2018, 588]"
3466,"[111, 1090, 1276, 296, 493, 1250, 2739, 2001, 1957, 1968, 3735, 1196, 3163, 2804]"
3467,"[3196, 1258, 1262, 3074, 2788, 1214, 2791, 1222, 3114, 1256, 919, 1213, 1235, 1090]"
3468,"[904, 1104, 1304, 3730, 1213, 1252, 1103, 608, 111, 1235, 1262, 1719, 1084, 920]"
3469,"[750, 2529, 1748, 3703, 1206, 1249, 3634, 2762, 2202, 3203, 3686, 2803, 2263, 1272]"
3470,"[342, 1747, 497, 1500, 3253, 3175, 21, 1569, 1580, 11, 1883, 1777, 2390, 2567]"
3471,"[3498, 1257, 1673, 3060, 3186, 3298, 357, 2912, 3052, 3735, 3101, 1594, 2952, 3783]"
3472,"[1394, 1231, 2599, 953, 1247, 3421, 2762, 1214, 1259, 1213, 1266, 3213, 1064, 1240]"
3473,"[2247, 2114, 1101, 2150, 500, 1295, 2133, 2474, 2736, 2802, 2011, 2463, 3408, 3481]"
3474,"[1674, 497, 1393, 1946, 1265, 2243, 945, 838, 1357, 1947, 2025, 608, 50, 2966]"
3475,"[1225, 1517, 1784, 2706, 147, 1250, 352, 3783, 230, 1263, 2371, 3147, 1244, 1243]"
3476,"[2950, 1042, 266, 368, 207, 539, 164, 2341, 509, 1183, 597, 2605, 3, 2436]"
3477,"[914, 2857, 2863, 1947, 1028, 1035, 2946, 3604, 2657, 2303, 1380, 3545, 2081, 1088]"
3478,"[3546, 919, 954, 1099, 1193, 2138, 910, 915, 916, 3088, 901, 1269, 951, 1028]"
3479,"[1610, 2728, 3147, 2788, 337, 1639, 914, 1923, 3052, 2677, 110, 1246, 2139, 1784]"
3480,"[1374, 1375, 1376, 2393, 329, 1304, 590, 671, 3811, 1927, 161, 2028, 451, 534]"
3481,"[1225, 541, 1997, 2712, 1034, 1617, 3569, 1267, 1300, 2488, 2161, 293, 2395, 1210]"
3482,"[913, 3421, 1220, 1204, 2716, 2269, 457, 1343, 1704, 3634, 1198, 1197, 1347, 802]"
3483,"[3513, 3483, 3316, 714, 241, 2812, 2434, 314, 2600, 3328, 2501, 3950, 2769, 3911]"
3484,"[2863, 1517, 955, 1641, 2109, 1784, 1827, 356, 1414, 2797, 588, 2390, 1875, 2301]"
3485,"[2033, 1012, 1203, 1387, 3468, 2788, 1213, 1225, 1090, 1272, 904, 1254, 593, 1288]"
3486,"[3034, 3398, 2077, 2687, 1967, 3615, 616, 2137, 2140, 2141, 1017, 2005, 2042, 1013]"
3487,"[3186, 2208, 903, 904, 2186, 1953, 50, 1089, 6, 1343, 2917, 373, 1086, 1277]"
3488,"[0, 0, 0, 0, 0, 0, 0, 0, 0, 0, 0, 0, 0, 0]"
3489,"[2416, 1378, 2997, 2959, 3578, 2395, 3081, 2700, 2762, 2987, 1196, 1198, 589, 1291]"
3490,"[2357, 1080, 1263, 1251, 2160, 2946, 1186, 319, 1947, 1354, 1730, 1292, 950, 2318]"
3491,"[1882, 135, 802, 3155, 1105, 667, 2676, 637, 1027, 2412, 3705, 1562, 888, 2429]"
3492,"[2773, 858, 1230, 955, 899, 3545, 2657, 2300, 918, 3903, 2769, 2644, 2648, 2664]"
3493,"[780, 1266, 3508, 2921, 3681, 2922, 2951, 2401, 608, 904, 908, 924, 1953, 2571]"
3494,"[2826, 2858, 2706, 2997, 3005, 2433, 223, 2355, 3543, 1093, 2688, 2861, 2716, 3578]"
3495,"[0, 0, 0, 0, 0, 0, 0, 0, 0, 0, 0, 1193, 2712, 3751]"
3496,"[0, 0, 0, 0, 1193, 6, 2858, 1968, 745, 1148, 3429, 3450, 2502, 2700]"
3497,"[2067, 912, 928, 446, 3307, 899, 3357, 2708, 25, 2920, 1230, 1264, 1277, 1307]"
3498,"[1892, 454, 1459, 2302, 349, 999, 1620, 70, 1597, 1658, 802, 1093, 1268, 2427]"
3499,"[2020, 1228, 1231, 3019, 1961, 1090, 3098, 1302, 2076, 2021, 3706, 541, 1258, 1298]"
3500,"[1196, 1198, 541, 3361, 1270, 1259, 1197, 1240, 1968, 1036, 1221, 1136, 1214, 3037]"
3501,"[1207, 910, 1446, 3742, 1262, 926, 1230, 913, 1952, 1242, 969, 930, 1084, 1953]"
3502,"[2858, 1641, 2395, 2997, 3114, 562, 2355, 1, 3108, 39, 543, 608, 2329, 318]"
3503,"[2890, 3873, 553, 2959, 3886, 2019, 522, 1235, 2179, 3469, 2076, 2579, 3950, 647]"
3504,"[3052, 1285, 2360, 1682, 1673, 1625, 1617, 2467, 3893, 2692, 1188, 1073, 3317, 3357]"
3505,"[1580, 21, 2282, 1732, 3129, 2696, 1517, 1391, 52, 838, 141, 1094, 750, 924]"
3506,"[2997, 1136, 2599, 1276, 2282, 2064, 1278, 2788, 1079, 1265, 3108, 2321, 2542, 1682]"
3507,"[3556, 3699, 3751, 1797, 741, 3624, 2952, 2736, 3761, 1449, 3066, 2105, 2003, 3252]"
3508,"[110, 589, 1240, 2858, 2712, 1587, 1206, 541, 1200, 1214, 2571, 1127, 3300, 3527]"
3509,"[2105, 3556, 47, 3578, 253, 1206, 50, 3897, 3301, 1610, 2502, 2683, 150, 2617]"
3510,"[3702, 674, 2012, 1527, 2077, 3549, 3114, 1, 1188, 348, 1784, 1500, 2321, 588]"
3511,"[1694, 1293, 3011, 1292, 2917, 1231, 3508, 2067, 296, 1084, 2716, 2819, 2791, 1282]"
3512,"[2833, 760, 824, 2997, 223, 180, 1287, 491, 3317, 3897, 2539, 2826, 50, 1079]"
3513,"[2391, 150, 337, 47, 3213, 595, 671, 1042, 356, 1673, 3105, 141, 364, 94]"
3514,"[1254, 2858, 1219, 2804, 750, 912, 1617, 1193, 1252, 50, 527, 3030, 1248, 1225]"
3515,"[2819, 3671, 1957, 911, 2791, 2028, 1136, 2762, 2384, 1, 50, 17, 1015, 593]"
3516,"[1676, 3638, 2038, 3033, 1590, 2549, 3481, 3897, 3181, 2872, 2161, 2193, 1967, 367]"
3517,"[3253, 671, 39, 852, 1073, 3039, 3809, 104, 1968, 1476, 588, 440, 708, 1042]"
3518,"[3176, 11, 3915, 3512, 1449, 3317, 3893, 916, 915, 911, 1198, 3897, 3077, 2357]"
3519,"[3554, 3176, 1784, 11, 1079, 3915, 3556, 3897, 3317, 369, 3854, 2875, 3246, 3717]"
3520,"[2918, 2194, 45, 2700, 2762, 247, 296, 1089, 3039, 1266, 2797, 1290, 1257, 500]"
3521,"[2406, 2371, 2133, 1135, 2134, 3550, 2021, 1131, 1300, 1288, 1220, 1307, 2915, 1994]"
3522,"[2328, 2519, 110, 733, 303, 1918, 2000, 1275, 2273, 1573, 3107, 2167, 2723, 780]"
3523,"[2529, 1210, 480, 2009, 1374, 593, 318, 1198, 1193, 1387, 1358, 2804, 1136, 1278]"
3524,"[34, 1673, 2686, 555, 2826, 2706, 2572, 2707, 2997, 2710, 3016, 2718, 1093, 2336]"
3525,"[778, 3181, 2599, 296, 1245, 3114, 29, 2336, 32, 1411, 1407, 3499, 1215, 1645]"
3526,"[318, 1885, 1704, 150, 800, 3108, 1639, 1120, 628, 451, 2059, 3186, 1003, 3272]"
3527,"[3798, 3717, 1090, 1387, 2355, 2000, 3148, 1625, 293, 780, 3147, 2529, 2001, 3638]"
3528,"[2867, 2160, 1219, 2644, 3499, 1333, 1387, 1350, 1345, 1258, 1407, 968, 1991, 253]"
3529,"[1967, 2797, 2716, 2746, 2717, 1197, 1210, 2406, 2405, 1127, 1036, 2571, 1608, 786]"
3530,"[0, 0, 0, 0, 0, 0, 0, 0, 1208, 380, 1210, 3785, 3623, 3755]"
3531,"[1240, 2243, 2919, 3098, 3704, 2150, 1210, 3505, 2915, 3408, 3176, 3185, 3897, 3783]"
3532,"[257, 7, 3247, 780, 141, 586, 230, 3186, 1608, 225, 500, 788, 1006, 2724]"
3533,"[373, 3418, 293, 1183, 14, 1408, 1635, 1704, 47, 1610, 3147, 1721, 356, 1466]"
3534,"[1210, 1291, 457, 3702, 2912, 2000, 2951, 555, 1610, 2662, 3104, 2194, 21, 480]"
3535,"[858, 2028, 1233, 3654, 1198, 1387, 110, 1953, 480, 1036, 3578, 2000, 2944, 589]"
3536,"[364, 709, 1405, 3147, 2058, 628, 3484, 3256, 832, 10, 292, 3555, 736, 2320]"
3537,"[0, 3033, 3301, 733, 267, 3793, 3624, 3753, 3623, 3717, 3744, 3752, 3785, 3755]"
3538,"[628, 1059, 147, 94, 2236, 194, 1268, 3255, 281, 151, 507, 1120, 45, 1476]"
3539,"[2137, 2138, 3034, 3396, 1278, 2657, 1380, 1294, 1208, 111, 1206, 1193, 3152, 3363]"
3540,"[2423, 2355, 2763, 3006, 3148, 3160, 1247, 3510, 3181, 1758, 1090, 1259, 2791, 524]"
3541,"[527, 1213, 318, 608, 1594, 1228, 111, 778, 593, 293, 1179, 1090, 2248, 3504]"
3542,"[0, 0, 0, 0, 0, 0, 0, 0, 0, 0, 0, 1198, 3578, 3798]"
3543,"[2952, 3091, 2648, 800, 2300, 899, 2010, 1250, 1276, 3728, 1256, 905, 3742, 714]"
3544,"[1699, 110, 3114, 1865, 2290, 2600, 608, 1788, 1278, 3499, 1214, 2160, 253, 2716]"
3545,"[0, 0, 0, 1585, 1963, 3083, 3129, 3186, 800, 1304, 1197, 1387, 1252, 922]"
3546,"[1729, 1227, 1466, 431, 2391, 2542, 198, 47, 246, 2859, 3002, 1289, 3539, 77]"
3547,"[953, 919, 927, 3948, 3911, 3756, 3783, 2067, 831, 2967, 1206, 3897, 581, 858]"
3548,"[0, 0, 0, 0, 0, 0, 0, 0, 0, 0, 0, 0, 0, 0]"
3549,"[3067, 2804, 3819, 34, 2791, 2915, 3072, 2108, 104, 2926, 2997, 1172, 2699, 635]"
3550,"[3253, 3296, 1078, 3246, 2109, 3760, 1884, 1721, 1858, 303, 1091, 480, 3949, 2973]"
3551,"[3100, 1542, 2501, 3246, 2336, 2908, 3418, 265, 34, 1643, 1177, 3713, 534, 2611]"
3552,"[0, 0, 0, 0, 0, 0, 0, 0, 0, 0, 0, 0, 1212, 1230]"
3553,"[377, 380, 1608, 3107, 1573, 165, 1370, 2490, 2393, 1917, 780, 1552, 1918, 2002]"
3554,"[0, 288, 1197, 3608, 110, 260, 1198, 858, 1221, 745, 1148, 3868, 1223, 2804]"
3555,"[2, 1372, 2005, 2161, 421, 2115, 2370, 316, 1049, 2046, 1544, 1030, 158, 1779]"
3556,"[2916, 1097, 1396, 1584, 3175, 2985, 3435, 2987, 1748, 164, 2762, 2174, 3479, 2100]"
3557,"[3078, 2580, 3471, 1291, 3503, 1103, 2502, 1307, 3525, 2145, 2405, 2794, 293, 3911]"
3558,"[1246, 1639, 1584, 2764, 3386, 1956, 2712, 1097, 805, 3100, 1059, 1721, 507, 11]"
3559,"[3693, 3016, 2746, 1974, 1330, 2976, 2513, 3708, 1627, 2583, 1197, 3426, 1639, 1393]"
3560,"[1958, 364, 2797, 592, 441, 1246, 1028, 2081, 477, 2423, 2779, 1060, 3684, 3397]"
3561,"[3753, 3513, 490, 648, 2160, 3755, 3515, 2792, 260, 1387, 858, 1214, 1221, 2991]"
3562,"[3821, 2641, 586, 253, 440, 3264, 3909, 1, 1290, 2166, 1892, 1135, 3791, 39]"
3563,"[2795, 2990, 1297, 610, 2745, 3763, 2243, 1129, 3505, 2240, 2301, 2312, 3527, 1994]"
3564,"[2793, 1999, 3755, 3185, 3355, 541, 1270, 1200, 2968, 1240, 1097, 2288, 1748, 1396]"
3565,"[2571, 1089, 16, 1407, 2617, 292, 288, 1552, 2713, 3063, 1499, 858, 260, 318]"
3566,"[2028, 1721, 858, 912, 919, 3435, 318, 1221, 1256, 1193, 3735, 1228, 3034, 1262]"
3567,"[1394, 296, 1997, 1350, 6, 2064, 1270, 111, 1307, 3868, 1240, 1097, 1256, 110]"
3568,"[32, 2140, 3527, 2664, 1921, 2533, 1748, 2916, 1129, 610, 2527, 1580, 1527, 1573]"
3569,"[1246, 2644, 150, 1962, 147, 3019, 3246, 2739, 3100, 1271, 3744, 1194, 3252, 2407]"
3570,"[0, 0, 0, 0, 0, 0, 0, 0, 0, 0, 0, 0, 3819, 1244]"
3571,"[3784, 1748, 405, 1275, 1927, 303, 2858, 1894, 3617, 3879, 3578, 3483, 3594, 1339]"
3572,"[1547, 3006, 1041, 265, 2890, 1704, 1914, 1094, 1358, 314, 1233, 515, 529, 2686]"
3573,"[0, 0, 0, 0, 0, 180, 110, 750, 260, 1196, 2571, 1210, 2762, 2116]"
3574,"[3760, 1456, 780, 673, 2369, 145, 3869, 2340, 3769, 3637, 3729, 736, 3301, 1587]"
3575,"[0, 0, 2447, 1101, 110, 3839, 3837, 3838, 2716, 1214, 1258, 1215, 3476, 1407]"
3576,"[3653, 1247, 1307, 1101, 3524, 3, 3095, 1193, 954, 2791, 1952, 3498, 1231, 3468]"
3577,"[2405, 1888, 1457, 270, 1393, 356, 380, 2396, 2006, 1408, 1894, 1569, 140, 266]"
3578,"[3524, 2424, 111, 50, 1200, 589, 1343, 1266, 3508, 2921, 1254, 2366, 431, 2108]"
3579,"[1320, 442, 1379, 2735, 420, 1590, 2322, 1882, 172, 1869, 327, 160, 3432, 2571]"
3580,"[3249, 1779, 2446, 1320, 1037, 3835, 223, 3793, 1196, 1197, 480, 1291, 3418, 3310]"
3581,"[0, 0, 0, 0, 0, 0, 2571, 3753, 3623, 260, 1196, 1240, 1210, 1584]"
3582,"[1580, 158, 1030, 2405, 836, 2050, 1894, 653, 2013, 2421, 2471, 2162, 434, 2143]"
3583,"[356, 2067, 928, 899, 28, 912, 1674, 1947, 920, 1296, 1408, 916, 933, 2396]"
3584,"[50, 1213, 1089, 293, 866, 2542, 6, 1466, 431, 1500, 1396, 1732, 47, 555]"
3585,"[2739, 1962, 2069, 3125, 2250, 1935, 3194, 1399, 3546, 1680, 2686, 1955, 948, 282]"
3586,"[3259, 509, 736, 1457, 899, 3196, 1253, 969, 1944, 1945, 1226, 2664, 971, 1301]"
3587,"[3020, 1092, 253, 3578, 2302, 2076, 2326, 589, 1240, 3527, 2971, 587, 1378, 2916]"
3588,"[1298, 3448, 593, 1104, 919, 3360, 3405, 25, 2348, 111, 1203, 1357, 1358, 1095]"
3589,"[3869, 3507, 2490, 3256, 1197, 3197, 1125, 2985, 2273, 3247, 3699, 1240, 805, 380]"
3590,"[1218, 1921, 2208, 2841, 353, 1653, 3897, 3481, 3893, 3317, 2329, 3039, 1729, 3250]"
3591,"[2, 3249, 1409, 552, 2269, 1272, 1259, 3566, 3481, 924, 3408, 3753, 1552, 3173]"
3592,"[2427, 3753, 260, 1019, 2628, 3438, 2021, 2863, 3481, 3911, 2390, 2889, 2677, 3916]"
3593,"[1923, 1648, 1265, 551, 1641, 39, 3809, 1517, 2706, 141, 2718, 1784, 342, 356]"
3594,"[3639, 1954, 1968, 3253, 1645, 2005, 1370, 1345, 1580, 333, 1573, 1909, 2628, 2167]"
3595,"[2918, 3421, 1278, 1214, 1387, 1982, 260, 2174, 1073, 2797, 1198, 2947, 3793, 1610]"
3596,"[1186, 32, 39, 3655, 1285, 1641, 2075, 3201, 1193, 3930, 3925, 1260, 1284, 3683]"
3597,"[1588, 551, 3751, 2059, 648, 1396, 1438, 1225, 3476, 2279, 2513, 1223, 594, 2018]"
3599,"[1918, 163, 368, 1597, 10, 376, 736, 1687, 442, 2881, 861, 1586, 70, 786]"
3600,"[1013, 1018, 1023, 1028, 2015, 2098, 1010, 3397, 1, 986, 2384, 595, 364, 531]"
3601,"[3528, 1088, 236, 2146, 1888, 48, 2468, 168, 2432, 3468, 1233, 678, 1961, 1208]"
3602,"[429, 1344, 2716, 3578, 3174, 2987, 1617, 912, 3751, 2804, 3148, 923, 350, 1206]"
3603,"[2841, 47, 2550, 3706, 1645, 2707, 3445, 2160, 1841, 3510, 1459, 1518, 149, 2840]"
3604,"[745, 34, 1148, 3114, 1223, 2324, 39, 2395, 1875, 2759, 1042, 588, 1806, 2321]"
3605,"[6, 3104, 117, 555, 3019, 1732, 293, 493, 3653, 1208, 1262, 110, 1960, 356]"
3606,"[1704, 3408, 3185, 2028, 36, 2324, 1784, 3252, 3105, 1396, 1721, 2268, 1895, 1584]"
3607,"[2311, 1917, 1544, 3937, 1590, 1779, 2808, 3697, 1204, 1250, 1262, 912, 969, 527]"
3608,"[1732, 2124, 3157, 1171, 852, 1904, 2302, 339, 3869, 236, 2671, 2598, 1713, 1020]"
3609,"[1641, 3358, 1243, 588, 357, 497, 3450, 2706, 39, 232, 2302, 500, 1569, 3247]"
3610,"[2002, 2762, 593, 3173, 1210, 2605, 1610, 3354, 1240, 65, 3409, 3484, 165, 1036]"
3611,"[507, 508, 357, 361, 2723, 1951, 3723, 1777, 1029, 1755, 3261, 2294, 2633, 2114]"
3612,"[2871, 1089, 3461, 3101, 1127, 454, 16, 3256, 1645, 481, 353, 2803, 95, 1792]"
3613,"[1213, 1227, 1912, 1953, 3741, 1500, 47, 2000, 1466, 2268, 1805, 1799, 999, 3178]"
3614,"[1101, 1378, 1136, 3421, 2716, 34, 1285, 1079, 3210, 2174, 1663, 3039, 1307, 3526]"
3615,"[1012, 551, 1017, 602, 2859, 1147, 162, 260, 3153, 2017, 1204, 3461, 1196, 897]"
3616,"[0, 0, 0, 0, 0, 0, 111, 3702, 1304, 110, 1214, 1200, 3763, 1240]"
3617,"[1208, 2871, 3342, 1299, 3169, 2009, 1240, 1291, 1270, 1200, 593, 1250, 2010, 2288]"
3618,"[2022, 1727, 2420, 2431, 2106, 1043, 3155, 1363, 572, 1270, 3507, 2359, 348, 3608]"
3619,"[3639, 1387, 2000, 2949, 3186, 2001, 1732, 3763, 3082, 3635, 2002, 3263, 3771, 780]"
3620,"[3444, 2722, 1307, 1721, 1210, 2020, 249, 3044, 266, 1206, 2116, 2021, 1073, 3897]"
3621,"[3535, 1219, 1258, 2064, 549, 1278, 1136, 2788, 1073, 1080, 1125, 1197, 3613, 2791]"
3622,"[3044, 1183, 2081, 2100, 471, 2406, 1290, 3244, 362, 339, 3638, 2143, 1266, 1283]"
3623,"[0, 0, 0, 0, 0, 0, 110, 920, 1179, 2748, 1248, 1252, 1284, 913]"
3624,"[3755, 3354, 3578, 3256, 555, 349, 3107, 1722, 10, 733, 288, 1552, 1377, 1676]"
3625,"[802, 380, 292, 491, 3173, 736, 1527, 367, 648, 2427, 141, 2699, 1518, 1597]"
3626,"[3793, 2363, 1792, 2737, 1029, 3917, 2513, 904, 1136, 32, 3088, 3897, 1276, 3039]"
3627,"[1047, 2203, 3649, 608, 3769, 1078, 1235, 1244, 1387, 1732, 314, 1077, 2959, 3792]"
3628,"[0, 0, 1617, 2858, 2707, 3005, 2630, 3298, 2433, 2355, 2541, 1093, 233, 2605]"
3629,"[2648, 1953, 969, 3421, 1304, 1358, 318, 1945, 2935, 1276, 541, 1250, 903, 908]"
3630,"[1222, 2890, 541, 628, 1089, 592, 1396, 2985, 3033, 1242, 2028, 3527, 2947, 2948]"
3631,"[1610, 457, 2194, 2571, 1222, 592, 1197, 1954, 1036, 3578, 1291, 1527, 3702, 3527]"
3632,"[0, 0, 0, 0, 0, 1292, 3101, 1230, 3615, 3624, 3623, 3752, 2706, 2710]"
3633,"[0, 0, 0, 0, 0, 0, 586, 2628, 1556, 3871, 3846, 3834, 3836, 3809]"
3634,"[0, 0, 0, 0, 0, 0, 0, 0, 0, 0, 0, 2028, 10, 1961]"
3635,"[2243, 1244, 293, 2080, 2108, 2130, 1265, 945, 1674, 3668, 1183, 911, 3284, 3531]"
3636,"[0, 0, 0, 0, 0, 0, 260, 611, 1799, 2076, 593, 111, 2762, 50]"
3637,"[1127, 2997, 2683, 2699, 2976, 223, 3543, 2599, 2716, 3578, 2333, 2580, 785, 3174]"
3638,"[1215, 1275, 1287, 3104, 1374, 3168, 1073, 2968, 1127, 3366, 590, 480, 2406, 1261]"
3639,"[3408, 2959, 2712, 2961, 2804, 1276, 3421, 3178, 2918, 180, 2423, 3552, 1641, 356]"
3640,"[454, 2369, 253, 3079, 3082, 2753, 780, 3844, 370, 3649, 3807, 3185, 1587, 3147]"
3641,"[923, 1217, 1201, 527, 1276, 1358, 1220, 593, 2391, 2571, 866, 541, 3703, 2427]"
3642,"[0, 0, 0, 0, 0, 0, 0, 0, 0, 0, 0, 0, 0, 0]"
3643,"[2020, 541, 2987, 3158, 3328, 260, 1196, 1198, 1258, 1387, 1214, 1219, 3471, 1240]"
3644,"[2772, 527, 97, 2396, 357, 1243, 2599, 2690, 1175, 2282, 619, 3253, 2395, 1447]"
3645,"[3471, 3671, 3681, 1197, 1291, 480, 1376, 1580, 380, 2100, 1097, 3479, 2105, 2161]"
3646,"[3701, 1248, 1252, 1284, 922, 1617, 3435, 2066, 1267, 3334, 1179, 3706, 707, 3503]"
3647,"[1210, 3204, 1199, 1266, 720, 1256, 111, 260, 1136, 1193, 3629, 3133, 3310, 1281]"
3648,"[2144, 2502, 3087, 2003, 2011, 3174, 3617, 2109, 2683, 3301, 1380, 3785, 3033, 2413]"
3649,"[3703, 1097, 1285, 2248, 2797, 2020, 1258, 1270, 1185, 2352, 3552, 2068, 1246, 3039]"
3650,"[1090, 920, 1263, 1272, 3196, 1960, 3789, 858, 1248, 923, 1193, 3471, 1206, 1214]"
3651,"[349, 733, 2344, 832, 587, 3015, 1518, 736, 1483, 482, 2803, 1092, 353, 1479]"
3652,"[594, 1210, 1653, 1584, 1301, 2140, 2985, 745, 3213, 2139, 1907, 1198, 1127, 2723]"
3653,"[2951, 2478, 266, 1378, 1379, 303, 368, 2012, 996, 1007, 1268, 1275, 2406, 2193]"
3654,"[2662, 1396, 1584, 2985, 1218, 1259, 1261, 940, 969, 1073, 592, 2470, 2005, 1566]"
3655,"[0, 2628, 3479, 260, 2193, 2005, 2797, 653, 1097, 2143, 2028, 1203, 318, 527]"
3656,"[3148, 1235, 608, 3836, 293, 1304, 3147, 2949, 1230, 1090, 1387, 1077, 3769, 3079]"
3657,"[1639, 2571, 6, 1408, 110, 1610, 2273, 2334, 163, 474, 1573, 1580, 2763, 2006]"
3658,"[1278, 3471, 2788, 1080, 3201, 1964, 3198, 2921, 1077, 3671, 1345, 1913, 3244, 2361]"
3659,"[1922, 2599, 1089, 2028, 1704, 2761, 2952, 2289, 110, 36, 25, 34, 3246, 2580]"
3660,"[1374, 1077, 1653, 1301, 3175, 1200, 1210, 2287, 2662, 2527, 2529, 3527, 3699, 480]"
3661,"[3421, 1517, 3210, 3018, 968, 2648, 1340, 2716, 1982, 1321, 3727, 2867, 1994, 2454]"
3662,"[2667, 3486, 3659, 1301, 2363, 2663, 3375, 968, 3658, 3833, 674, 2529, 2488, 3627]"
3663,"[1573, 1833, 3107, 1370, 1387, 170, 2273, 2115, 736, 1127, 648, 592, 329, 1544]"
3664,"[2997, 1136, 1197, 1914, 1446, 497, 3108, 3253, 1641, 2109, 2797, 2150, 3052, 1537]"
3665,"[1375, 3638, 3671, 1266, 3873, 368, 553, 2401, 1378, 383, 1007, 2701, 923, 1136]"
3666,"[1197, 1198, 1387, 1954, 1291, 3654, 1953, 1210, 2028, 480, 1036, 2947, 1287, 2948]"
3667,"[2, 54, 355, 2429, 3286, 986, 231, 2683, 1517, 367, 919, 1380, 917, 500]"
3668,"[593, 527, 923, 2858, 1193, 318, 1252, 903, 904, 913, 1617, 3730, 2076, 931]"
3669,"[1272, 2710, 223, 2580, 913, 2700, 2762, 86, 111, 3421, 3363, 2871, 1073, 1206]"
3670,"[1028, 454, 3763, 2746, 3082, 2001, 780, 3501, 3769, 3263, 3628, 3844, 2002, 835]"
3671,"[733, 610, 480, 2278, 3452, 1101, 2115, 1370, 2985, 2403, 3256, 10, 2409, 198]"
3672,"[2518, 3430, 2110, 1334, 2406, 2115, 1345, 3198, 1951, 1010, 1129, 733, 3639, 551]"
3673,"[3813, 924, 1247, 909, 3461, 1952, 1084, 3683, 1225, 1231, 2348, 3360, 1097, 1080]"
3674,"[1291, 1303, 590, 2871, 480, 2193, 1210, 1127, 3683, 541, 589, 1036, 2949, 1240]"
3675,"[3052, 585, 2395, 1078, 3072, 2502, 2406, 1485, 3040, 586, 231, 3846, 2416, 3235]"
3676,"[2529, 2300, 898, 508, 955, 1267, 913, 2186, 930, 1344, 3114, 1, 2085, 2355]"
3677,"[2763, 3219, 3005, 1608, 3249, 292, 1092, 736, 1597, 1620, 2605, 2881, 2320, 1552]"
3678,"[2407, 2641, 2105, 1205, 3704, 2456, 3698, 2640, 3471, 260, 2527, 1206, 1214, 1077]"
3679,"[3347, 2401, 2745, 2261, 1101, 3591, 3448, 2455, 2115, 2150, 3169, 2097, 2470, 2746]"
3680,"[461, 58, 1242, 529, 1097, 2739, 1124, 3112, 2329, 2908, 1897, 2890, 150, 2959]"
3681,"[2580, 2194, 3362, 2278, 2764, 3363, 11, 1247, 2396, 3300, 3512, 3578, 3755, 2387]"
3682,"[1088, 2100, 539, 2671, 2621, 105, 1270, 3072, 2797, 2352, 2133, 1220, 3448, 2423]"
3683,"[1721, 1635, 1183, 1405, 194, 3426, 1573, 733, 344, 3544, 1191, 3425, 165, 216]"
3684,"[2598, 1959, 2906, 2762, 2013, 2987, 3114, 3176, 2763, 1250, 1193, 318, 3623, 3751]"
3685,"[3865, 3327, 3624, 50, 3578, 3328, 3301, 3896, 3300, 2028, 1198, 2891, 3952, 3831]"
3686,"[1258, 2080, 3068, 1357, 1208, 1097, 2654, 2762, 2028, 2571, 32, 3148, 3287, 3298]"
3687,"[1947, 1951, 1035, 1083, 1276, 3467, 3468, 1952, 1207, 3654, 2728, 1084, 1247, 924]"
3688,"[1961, 2155, 948, 1103, 3071, 3159, 3730, 1354, 1496, 3089, 3645, 1288, 1077, 1940]"
3689,"[2712, 1732, 482, 104, 832, 647, 2683, 1589, 11, 280, 62, 481, 368, 1523]"
3690,"[784, 216, 153, 2707, 3081, 2841, 2337, 1617, 3476, 47, 1089, 2278, 1625, 10]"
3691,"[1441, 866, 6, 2268, 1589, 32, 1240, 1748, 1527, 1876, 1758, 1092, 3624, 3179]"
3692,"[1387, 2366, 1214, 1219, 1258, 2651, 1333, 2716, 3576, 2634, 1994, 1997, 3499, 1345]"
3693,"[3203, 1207, 3317, 161, 2594, 2952, 2702, 910, 41, 3723, 2917, 2300, 2390, 2248]"
3694,"[1968, 3526, 1270, 1234, 2243, 3361, 1259, 1276, 356, 2000, 1784, 3255, 3039, 2918]"
3695,"[339, 1120, 3686, 2300, 590, 410, 2124, 3623, 1777, 15, 2111, 2463, 1095, 3037]"
3696,"[428, 3060, 2355, 553, 3358, 1476, 1580, 3499, 3105, 39, 300, 1179, 2124, 480]"
3697,"[1376, 1073, 1234, 3421, 3868, 2872, 2174, 1097, 2628, 3479, 2140, 367, 2005, 2015]"
3698,"[1093, 2959, 3175, 3578, 2333, 2580, 2761, 3160, 2502, 2906, 2013, 2686, 2692, 2395]"
3699,"[2186, 1293, 904, 926, 594, 903, 3035, 3870, 3873, 1283, 908, 1219, 919, 3469]"
3700,"[1120, 1673, 1639, 350, 1672, 147, 2231, 21, 3060, 1476, 832, 1061, 3148, 2433]"
3701,"[1198, 1291, 1272, 1356, 1374, 1375, 1376, 329, 919, 1224, 1263, 39, 912, 1968]"
3702,"[1584, 2968, 1376, 3175, 1580, 1077, 2571, 1965, 1253, 1653, 1301, 2997, 2499, 2804]"
3703,"[608, 3836, 1304, 1230, 3654, 3873, 1197, 3868, 2949, 3760, 2000, 1215, 1077, 3814]"
3704,"[2997, 3783, 6, 1500, 47, 3266, 2000, 555, 1729, 2542, 1732, 1662, 164, 532]"
3705,"[1777, 2527, 1947, 1307, 3546, 337, 1147, 2987, 3263, 3387, 919, 1674, 3067, 363]"
3706,"[1197, 1230, 2791, 3671, 1307, 837, 1243, 223, 1259, 3210, 3108, 2248, 1968, 2918]"
3707,"[2000, 1061, 2280, 592, 1804, 1671, 3301, 1799, 1645, 1686, 42, 1918, 22, 3717]"
3708,"[1230, 1296, 3634, 1304, 3870, 1387, 1090, 1374, 1032, 1235, 3653, 2303, 538, 454]"
3709,"[2468, 3715, 1258, 2288, 1321, 1347, 2716, 1994, 2097, 2121, 2900, 1969, 1407, 1645]"
3710,"[2706, 2170, 344, 1580, 2683, 2694, 216, 367, 466, 2699, 2004, 370, 3208, 2335]"
3711,"[364, 588, 661, 1566, 1907, 1094, 50, 593, 908, 1200, 1214, 2762, 1249, 3147]"
3712,"[1127, 3104, 1129, 2406, 2528, 2470, 2115, 2133, 2193, 1371, 2405, 1894, 434, 208]"
3713,"[916, 1230, 1235, 955, 1234, 3671, 1136, 3421, 3363, 3061, 3481, 3396, 3253, 2324]"
3714,"[296, 3788, 608, 1304, 1216, 3653, 1732, 2959, 1077, 2949, 3654, 3836, 314, 1625]"
3715,"[2763, 2987, 2701, 919, 1220, 2863, 1028, 2657, 3549, 2083, 1688, 1031, 2946, 551]"
3716,"[2580, 1213, 1500, 2268, 1466, 1805, 1799, 2231, 2540, 1804, 2126, 1394, 1704, 408]"
3717,"[923, 899, 1956, 1234, 1307, 2398, 1947, 1231, 1257, 1246, 2745, 1962, 2268, 3100]"
3718,"[1265, 1732, 2155, 864, 1277, 2692, 1953, 1788, 3702, 1240, 3062, 3266, 1248, 745]"
3719,"[1784, 1961, 1270, 2420, 2858, 2997, 2770, 223, 2759, 2716, 2761, 3174, 3623, 2581]"
3720,"[3261, 1805, 436, 1792, 764, 2881, 517, 376, 368, 3249, 225, 1064, 2803, 1586]"
3721,"[101, 1, 1288, 2700, 3760, 2791, 1966, 306, 608, 2599, 2997, 223, 2580, 2502]"
3722,"[111, 1261, 2288, 2167, 1258, 3018, 2901, 1994, 1214, 2459, 3499, 3476, 2867, 1345]"
3723,"[3203, 2369, 2881, 1093, 785, 3219, 2700, 2762, 2841, 2763, 1288, 3421, 1259, 1136]"
3724,"[616, 2746, 364, 3252, 1372, 1721, 2099, 3450, 1645, 454, 163, 3204, 2985, 2640]"
3725,"[0, 0, 0, 0, 1270, 104, 1091, 3317, 3185, 3578, 1401, 3160, 1213, 296]"
3726,"[1968, 2423, 3448, 2150, 2081, 3491, 3688, 2134, 1091, 1907, 3213, 3159, 553, 471]"
3727,"[953, 3476, 1729, 3102, 1387, 2500, 3557, 3074, 2109, 2078, 175, 482, 1785, 785]"
3728,"[2574, 2560, 2598, 2840, 2700, 2762, 2763, 2987, 3114, 2571, 1240, 2028, 3421, 1196]"
3729,"[47, 2605, 164, 2389, 246, 1258, 1219, 3499, 1994, 1407, 1092, 2762, 2871, 319]"
3730,"[3102, 2028, 1198, 1661, 1262, 919, 260, 1196, 1259, 1287, 2871, 1197, 1210, 592]"
3731,"[1129, 1374, 1653, 2021, 3699, 2117, 2528, 3770, 2985, 2657, 968, 2105, 1527, 2901]"
3732,"[1094, 2324, 942, 1180, 318, 1196, 497, 1210, 1291, 2194, 232, 2442, 1213, 954]"
3733,"[32, 1834, 110, 1682, 16, 2395, 1206, 1625, 2019, 3949, 2858, 3361, 2959, 2580]"
3734,"[1270, 1799, 1639, 3809, 2959, 454, 2000, 1625, 2529, 145, 253, 780, 2431, 434]"
3735,"[3812, 2134, 1405, 2003, 2418, 3869, 2416, 3254, 380, 3846, 2792, 2717, 3693, 2374]"
3736,"[3264, 2107, 2713, 296, 3147, 318, 2028, 593, 527, 110, 1682, 150, 25, 1784]"
3737,"[165, 3441, 1101, 2641, 3638, 780, 2613, 1552, 1917, 3710, 434, 2959, 1393, 39]"
3738,"[3421, 1, 1292, 1476, 3451, 1304, 3873, 910, 3869, 3362, 3543, 3671, 34, 3088]"
3739,"[0, 0, 0, 0, 0, 0, 0, 0, 0, 1252, 2333, 318, 1086, 527]"
3740,"[1242, 1222, 1466, 1196, 1784, 1961, 36, 3255, 2348, 1682, 3578, 1729, 1873, 2001]"
3741,"[1259, 1291, 1374, 2470, 3698, 1270, 1097, 3527, 247, 1912, 1639, 1094, 1357, 2621]"
3742,"[1213, 246, 3386, 428, 2329, 1196, 1221, 904, 1090, 1270, 1222, 1210, 1968, 3361]"
3743,"[0, 0, 2628, 357, 616, 2739, 3578, 265, 1721, 539, 2424, 356, 1393, 1784]"
3744,"[1251, 2015, 2846, 940, 969, 2791, 1214, 2858, 1225, 3706, 2294, 1230, 909, 150]"
3745,"[70, 2124, 453, 597, 1614, 2889, 1592, 3254, 141, 1441, 344, 550, 2042, 1612]"
3746,"[2858, 11, 3155, 2146, 2569, 1206, 3578, 3755, 3798, 3147, 1270, 1200, 442, 2716]"
3747,"[3148, 1206, 3471, 2858, 2599, 2959, 3175, 2686, 2692, 2396, 3157, 2700, 3114, 1597]"
3748,"[1961, 3421, 2858, 1394, 2804, 3477, 1270, 2915, 3760, 1259, 1517, 2797, 1663, 441]"
3749,"[1042, 2124, 1580, 357, 141, 356, 3255, 351, 838, 11, 372, 663, 7, 410]"
3750,"[0, 0, 1206, 2804, 910, 3114, 1394, 1197, 2599, 1259, 568, 1870, 2087, 2140]"
3751,"[1375, 1396, 1653, 2628, 329, 1371, 3147, 1784, 1959, 3798, 3755, 3948, 3893, 2176]"
3752,"[2174, 1730, 2395, 1035, 2081, 1183, 2321, 2140, 838, 175, 356, 3019, 1673, 231]"
3753,"[1228, 1189, 3552, 2797, 1259, 1394, 2716, 1358, 296, 2571, 2762, 1704, 150, 1266]"
3754,"[2240, 1375, 3109, 2746, 2401, 1101, 2989, 2247, 2403, 3649, 2371, 2369, 2414, 1135]"
3755,"[3196, 1259, 2692, 2797, 96, 1283, 1617, 953, 3095, 3668, 2917, 1086, 1, 3072]"
3756,"[2628, 2420, 1027, 780, 1835, 1917, 597, 2803, 2002, 1918, 1405, 719, 1920, 1688]"
3757,"[2875, 2890, 1183, 110, 356, 1408, 780, 647, 1676, 3809, 3802, 3791, 3147, 1584]"
3758,"[0, 0, 2028, 3147, 1148, 318, 50, 593, 1617, 3077, 110, 2762, 608, 2571]"
3759,"[2335, 1485, 2375, 500, 2150, 597, 216, 788, 1380, 2054, 539, 2028, 2858, 2997]"
3760,"[1208, 920, 1272, 3062, 3545, 1408, 356, 1078, 2476, 151, 3441, 3628, 3671, 3365]"
3761,"[1233, 1291, 457, 2366, 110, 1036, 2947, 1221, 21, 1287, 1610, 3418, 3578, 592]"
3762,"[2636, 50, 3849, 1358, 2550, 457, 2206, 931, 1625, 1264, 3176, 2202, 422, 2939]"
3763,"[1079, 955, 1285, 1500, 1968, 3037, 1307, 3526, 2918, 2788, 357, 1077, 551, 3396]"
3764,"[0, 1230, 1193, 3111, 290, 3250, 1952, 1221, 3728, 1219, 750, 910, 912, 923]"
3765,"[0, 902, 1059, 2942, 3081, 3147, 3156, 3079, 3145, 3185, 3238, 1259, 2407, 2424]"
3766,"[356, 1777, 440, 3255, 1485, 1569, 11, 357, 500, 587, 372, 317, 597, 2424]"
3767,"[2757, 3125, 446, 307, 17, 1176, 515, 25, 3418, 2427, 2442, 1183, 425, 2686]"
3768,"[272, 3396, 2639, 3398, 2782, 1955, 1982, 3859, 3932, 3704, 3551, 1927, 2764, 3265]"
3769,"[2406, 2463, 2423, 2470, 3591, 2245, 3033, 2469, 3524, 2752, 2054, 2134, 2413, 2717]"
3770,"[902, 471, 2125, 3684, 302, 356, 509, 1408, 3081, 838, 151, 2801, 1554, 266]"
3771,"[3633, 10, 733, 2641, 1573, 1587, 288, 1049, 2403, 2763, 3107, 1375, 1608, 198]"
3772,"[999, 2826, 2504, 2505, 344, 3070, 2124, 2766, 1608, 3841, 1274, 413, 2791, 2792]"
3773,"[2747, 910, 1945, 1250, 1253, 2454, 3948, 3911, 3916, 3060, 3052, 3869, 1270, 2248]"
3774,"[2289, 529, 1089, 1095, 593, 1633, 3006, 1682, 293, 296, 1357, 1060, 3108, 2318]"
3775,"[2496, 2150, 2788, 3210, 3809, 2750, 2779, 2144, 2657, 3591, 543, 417, 1425, 785]"
3776,"[2918, 1270, 1297, 3072, 3552, 2000, 1220, 1663, 3448, 2795, 2797, 3039, 2144, 2406]"
3777,"[2763, 2797, 1073, 1097, 1019, 2005, 2015, 3489, 930, 2692, 1230, 1247, 1172, 899]"
3778,"[1219, 1258, 2160, 1982, 950, 3681, 1266, 1007, 356, 1619, 2762, 3101, 288, 2840]"
3779,"[1643, 1674, 1197, 2020, 357, 1244, 2919, 902, 916, 1357, 2243, 911, 2062, 3097]"
3780,"[2858, 593, 2692, 296, 1095, 953, 1394, 1089, 1246, 2871, 293, 1230, 3271, 1968]"
3781,"[337, 3105, 3418, 531, 1271, 509, 1660, 454, 838, 534, 1177, 3108, 302, 508]"
3782,"[2065, 3526, 3577, 2081, 3608, 1302, 1257, 1285, 3203, 2104, 2114, 2746, 1965, 2915]"
3783,"[0, 0, 0, 480, 2394, 333, 2324, 2918, 2858, 3504, 3361, 1259, 1276, 1304]"
3784,"[527, 2329, 1784, 3147, 2959, 150, 1213, 2396, 2321, 1, 356, 3060, 2355, 34]"
3785,"[0, 0, 0, 0, 0, 908, 785, 1196, 94, 940, 1193, 3624, 3751, 3745]"
3786,"[2571, 1265, 1916, 1095, 1466, 1635, 29, 1034, 3499, 1357, 3160, 265, 2318, 2700]"
3787,"[0, 0, 0, 0, 0, 0, 1230, 2788, 1210, 1196, 314, 1639, 1197, 1235]"
3788,"[0, 0, 0, 0, 0, 0, 1270, 3751, 1296, 1197, 1210, 2020, 2081, 2248]"
3789,"[3298, 3081, 3176, 2858, 176, 1136, 2599, 2997, 1, 1288, 3608, 1197, 2318, 1243]"
3790,"[2677, 162, 2859, 2693, 1191, 2925, 824, 923, 608, 908, 1228, 924, 1245, 3019]"
3791,"[2959, 3255, 1639, 2333, 300, 1584, 2427, 1589, 1805, 391, 534, 509, 1643, 1245]"
3792,"[1203, 3534, 1214, 2707, 3107, 541, 1220, 3361, 2583, 2541, 1438, 2881, 2567, 2336]"
3793,"[2706, 2500, 2694, 708, 1753, 466, 1884, 2325, 216, 1895, 2195, 370, 429, 2335]"
3794,"[0, 0, 0, 110, 2858, 1127, 2706, 2694, 2710, 223, 2599, 2716, 785, 3160]"
3795,"[356, 3083, 1814, 1923, 1163, 2858, 1259, 2804, 541, 1225, 2575, 1659, 2020, 2997]"
3796,"[3447, 588, 938, 954, 2078, 1958, 2528, 1936, 3498, 1393, 2137, 2294, 3451, 3015]"
3797,"[0, 0, 0, 0, 933, 1396, 1254, 60, 919, 3412, 1196, 1197, 314, 1931]"
3798,"[0, 0, 0, 1196, 2571, 3826, 50, 296, 1500, 3275, 1213, 2997, 318, 1617]"
3799,"[3809, 1747, 2918, 2321, 356, 1028, 440, 11, 3448, 3507, 587, 3450, 543, 1125]"
3800,"[2028, 858, 1198, 1036, 1291, 2115, 1573, 511, 2571, 3107, 10, 292, 1792, 1219]"
3801,"[1985, 611, 1972, 1976, 3021, 2315, 1984, 3663, 3664, 2113, 1978, 1979, 1980, 2878]"
3802,"[0, 0, 0, 0, 0, 0, 0, 0, 0, 0, 0, 356, 260, 1968]"
3803,"[0, 0, 0, 0, 0, 1097, 3543, 356, 1387, 1304, 1028, 1230, 3653, 1032]"
3804,"[1355, 2901, 1974, 2652, 2789, 2328, 1, 2804, 1288, 3421, 2858, 1136, 1304, 1394]"
3805,"[50, 593, 1219, 906, 608, 1086, 924, 2871, 1344, 3510, 3706, 2762, 1953, 1240]"
3806,"[724, 2461, 407, 3660, 1334, 1970, 3661, 2327, 2900, 3273, 3662, 2451, 1995, 2868]"
3807,"[1374, 3704, 2662, 2115, 1527, 380, 2006, 3753, 2393, 2001, 1375, 3740, 780, 329]"
3808,"[1289, 1193, 529, 3098, 1302, 3267, 319, 1625, 1321, 805, 394, 3265, 3703, 3203]"
3809,"[1953, 1220, 1610, 457, 2194, 1036, 2924, 1201, 2949, 589, 1275, 2662, 3628, 3384]"
3810,"[1212, 1086, 1250, 1262, 527, 1204, 1272, 920, 1927, 1944, 1283, 3467, 3494, 3671]"
3811,"[2788, 1208, 3760, 1263, 2871, 3421, 3676, 3702, 3635, 2109, 1954, 2657, 750, 1207]"
3812,"[1500, 2791, 2174, 3153, 2872, 367, 1198, 2944, 1200, 2600, 2916, 163, 2013, 733]"
3813,"[36, 1269, 1278, 1292, 1208, 1213, 3733, 1136, 3246, 3421, 1099, 590, 954, 2662]"
3814,"[0, 0, 0, 0, 3361, 2028, 3811, 3816, 1235, 1304, 529, 2959, 1230, 3809]"
3815,"[3608, 2134, 3450, 11, 2406, 1307, 3524, 3033, 3052, 322, 2247, 3506, 2302, 1777]"
3816,"[3706, 1608, 1033, 2124, 1378, 616, 2875, 2372, 3296, 2033, 3704, 597, 1030, 3771]"
3817,"[480, 590, 1582, 589, 1610, 3418, 110, 2028, 356, 527, 991, 266, 151, 1196]"
3818,"[968, 2490, 2669, 24, 2901, 2670, 2395, 2841, 3185, 2987, 2701, 1653, 2335, 3452]"
3819,"[3326, 2997, 1500, 2542, 223, 1923, 1641, 2700, 441, 2395, 3253, 104, 1883, 1517]"
3820,"[2527, 1580, 3770, 2407, 1376, 3527, 2985, 1653, 2640, 2657, 3699, 1356, 2628, 2140]"
3821,"[348, 1611, 1916, 1904, 1292, 757, 1176, 3424, 1173, 1276, 3871, 1956, 80, 2160]"
3822,"[3498, 3504, 296, 2347, 1231, 3099, 1258, 593, 1358, 1077, 50, 2340, 3578, 3457]"
3823,"[1408, 1371, 2916, 3448, 2688, 431, 468, 2375, 16, 1125, 1025, 364, 188, 1037]"
3824,"[3089, 978, 1945, 1946, 953, 1226, 1287, 1022, 1049, 2723, 10, 434, 95, 2501]"
3825,"[1061, 543, 1356, 1372, 1722, 1093, 3256, 163, 3173, 10, 3252, 1485, 349, 62]"
3826,"[1197, 223, 2028, 2858, 3176, 3186, 3783, 2599, 2289, 608, 25, 3260, 3160, 593]"
3827,"[2028, 1213, 1428, 25, 110, 293, 117, 1466, 1804, 733, 2879, 1552, 349, 380]"
3828,"[1200, 1214, 2968, 589, 1175, 2571, 29, 1210, 3175, 2529, 3702, 2916, 3576, 2664]"
3829,"[1212, 1219, 928, 111, 1214, 1625, 2553, 2488, 2967, 2176, 2178, 1552, 2177, 2682]"
3830,"[3510, 3617, 3751, 3298, 3328, 3483, 3755, 3238, 3242, 3452, 3355, 3083, 3129, 3147]"
3831,"[475, 17, 2485, 2612, 2688, 2707, 1013, 597, 2145, 2144, 1198, 2167, 541, 3798]"
3832,"[1228, 2997, 2324, 1, 2289, 1175, 2396, 2599, 34, 1449, 1500, 2321, 2355, 2542]"
3833,"[2324, 1747, 2297, 1278, 3751, 930, 595, 1291, 2657, 3327, 2413, 1304, 3265, 3435]"
3834,"[19, 2412, 65, 66, 2799, 3437, 519, 3785, 3181, 3178, 3160, 3571, 3790, 3328]"
3835,"[3064, 1610, 2599, 1249, 247, 25, 1233, 457, 2324, 1704, 39, 32, 1635, 1885]"
3836,"[3244, 2867, 905, 1950, 2863, 3498, 1952, 1404, 968, 2518, 3006, 924, 2709, 2038]"
3837,"[2951, 1345, 2268, 342, 1663, 3203, 1321, 3639, 1350, 1393, 2371, 3809, 232, 1401]"
3838,"[0, 0, 0, 0, 0, 0, 0, 0, 0, 908, 3083, 2858, 3125, 3055]"
3839,"[1608, 2490, 2002, 1597, 1747, 1876, 1909, 1385, 3156, 95, 1004, 996, 1544, 153]"
3840,"[3210, 3753, 3751, 590, 2794, 2795, 1101, 1193, 899, 2502, 1441, 2640, 733, 2005]"
3841,"[3365, 2921, 1266, 2401, 3487, 2896, 3368, 2922, 1209, 964, 1378, 3122, 1007, 2055]"
3842,"[3932, 3451, 3507, 2565, 2291, 1964, 36, 2102, 2243, 3398, 1848, 2436, 3253, 1020]"
3843,"[1585, 1380, 356, 2574, 2581, 2706, 1923, 2321, 1777, 500, 2694, 1042, 2485, 1517]"
3844,"[1320, 1342, 2710, 188, 2004, 70, 724, 606, 2389, 328, 3709, 2428, 2327, 2120]"
3845,"[1097, 1967, 527, 1912, 1304, 1203, 471, 903, 2599, 1719, 2396, 1247, 2997, 1300]"
3846,"[3685, 3104, 2352, 3552, 2750, 2915, 2000, 3424, 2804, 3526, 1968, 3039, 2463, 1307]"
3847,"[296, 593, 293, 1208, 2890, 1288, 1639, 1298, 1799, 541, 1748, 1214, 750, 1206]"
3848,"[2095, 3812, 2051, 1011, 1193, 858, 111, 1221, 3471, 3198, 1263, 1954, 1955, 3420]"
3849,"[2028, 3468, 480, 1214, 1196, 2571, 3703, 1200, 1210, 1270, 2021, 2662, 1580, 1129]"
3850,"[3468, 919, 3019, 1207, 3578, 3553, 1197, 1090, 529, 1625, 3078, 1732, 2000, 3809]"
3851,"[2959, 3175, 2716, 3578, 2690, 2333, 2390, 913, 3160, 3174, 2502, 2692, 2395, 2396]"
3852,"[919, 1221, 3467, 1952, 1299, 1247, 1276, 3683, 2289, 978, 2966, 1233, 265, 3334]"
3853,"[2279, 318, 296, 1193, 527, 1213, 593, 1250, 1247, 1103, 2333, 1208, 1263, 3471]"
3854,"[1073, 318, 1193, 858, 3513, 3535, 1304, 2694, 2797, 2231, 3176, 246, 2804, 3424]"
3855,"[2762, 50, 1249, 3476, 3147, 47, 2542, 628, 2353, 1625, 454, 1370, 3176, 318]"
3856,"[2504, 1019, 3153, 3534, 1459, 1127, 19, 344, 2846, 2124, 2133, 3859, 3861, 3866]"
3857,"[2797, 2000, 2791, 1220, 2918, 2174, 2795, 1257, 223, 1784, 356, 588, 3253, 3255]"
3858,"[1035, 2797, 1654, 2622, 317, 558, 1702, 3702, 2141, 2033, 3034, 2090, 616, 2137]"
3859,"[377, 3107, 1792, 170, 2617, 736, 1687, 1100, 44, 208, 95, 809, 996, 694]"
3860,"[161, 647, 3366, 3372, 3545, 3441, 3643, 3836, 155, 516, 3753, 2815, 3628, 3143]"
3861,"[3182, 3578, 3617, 3752, 318, 593, 1213, 2028, 296, 2329, 1704, 1089, 223, 2599]"
3862,"[3083, 1148, 306, 527, 745, 608, 2762, 1, 2396, 3429, 3114, 1446, 32, 1649]"
3863,"[0, 0, 0, 0, 1721, 1210, 1974, 3147, 3082, 589, 2571, 2028, 1408, 780]"
3864,"[1672, 2866, 1183, 805, 2971, 1246, 3194, 2764, 1307, 3505, 2231, 1295, 3255, 25]"
3865,"[0, 0, 0, 1183, 3083, 2858, 3129, 3163, 3176, 2966, 3007, 3145, 3081, 3174]"
3866,"[3256, 2571, 2278, 2802, 454, 2803, 2707, 1752, 50, 344, 3445, 2917, 3871, 1230]"
3867,"[2987, 1073, 1374, 1291, 480, 3366, 1019, 1376, 2116, 1356, 2046, 2470, 1015, 349]"
3868,"[329, 1617, 2762, 457, 1625, 1343, 2391, 1783, 490, 349, 2763, 992, 1722, 2490]"
3869,"[0, 0, 457, 920, 2881, 24, 2396, 2806, 2840, 2791, 2858, 2706, 11, 3421]"
3870,"[0, 1285, 1210, 1197, 2959, 3594, 3751, 3624, 3784, 2858, 3147, 2889, 3081, 3452]"
3871,"[1580, 2502, 2683, 2423, 2124, 2011, 231, 3614, 3033, 2709, 2706, 367, 2796, 344]"
3872,"[2762, 296, 2858, 1213, 265, 2396, 2908, 2997, 1, 457, 2599, 2571, 1466, 223]"
3873,"[1214, 926, 1927, 2971, 2858, 1225, 3363, 2539, 2788, 3155, 85, 82, 1230, 150]"
3874,"[2804, 3653, 858, 1221, 1198, 1200, 1201, 3062, 1387, 2366, 2571, 1036, 1220, 1222]"
3875,"[2699, 2355, 3615, 1093, 2605, 3175, 2716, 2761, 913, 2709, 2723, 968, 2394, 2396]"
3876,"[3751, 3785, 3755, 3752, 3646, 318, 2858, 2599, 1213, 50, 1617, 3250, 246, 2692]"
3877,"[0, 3789, 1198, 1097, 1193, 2779, 373, 924, 3077, 2936, 923, 1189, 858, 898]"
3878,"[3638, 1735, 3259, 2146, 3206, 2942, 3394, 2259, 2950, 3032, 3703, 3033, 24, 435]"
3879,"[0, 453, 788, 1221, 2587, 2000, 145, 736, 3082, 1625, 2889, 3177, 2002, 3764]"
3880,"[1221, 1259, 1704, 2762, 1213, 3499, 47, 953, 1294, 223, 3210, 180, 2791, 1923]"
3881,"[2797, 1215, 3809, 1784, 2502, 3052, 1297, 785, 2001, 1261, 2683, 3087, 2150, 70]"
3882,"[62, 1660, 454, 1619, 225, 534, 1093, 1693, 715, 2885, 3252, 508, 3118, 3500]"
3883,"[0, 0, 0, 0, 0, 0, 0, 0, 0, 0, 0, 0, 2369, 1784]"
3884,"[811, 180, 1701, 223, 1250, 2857, 1809, 585, 1648, 3863, 1464, 2295, 1372, 1627]"
3885,"[3634, 1333, 1208, 2289, 2944, 3362, 2788, 3741, 3339, 527, 1250, 1272, 1200, 1263]"
3886,"[3363, 364, 223, 3052, 3751, 588, 2858, 2012, 608, 1213, 3032, 1358, 1372, 2628]"
3887,"[440, 2690, 1966, 1414, 471, 2572, 2879, 11, 2770, 492, 1749, 1212, 1204, 2976]"
3888,"[928, 1244, 1247, 914, 898, 17, 1296, 2396, 1265, 1197, 2291, 3720, 3022, 1914]"
3889,"[3018, 2901, 922, 3868, 1066, 1104, 1207, 1213, 913, 920, 3152, 1952, 1982, 3340]"
3890,"[2915, 440, 1784, 3552, 3033, 2572, 3253, 3120, 593, 1617, 608, 2762, 50, 1089]"
3891,"[1253, 3793, 2527, 2009, 3751, 1247, 1537, 2076, 1220, 307, 306, 3104, 1711, 1952]"
3892,"[1047, 162, 3105, 994, 2268, 1682, 1643, 1784, 1907, 2291, 778, 1673, 515, 431]"
3893,"[0, 0, 0, 0, 0, 0, 0, 3072, 3636, 3831, 3747, 3751, 3785, 3615]"
3894,"[2797, 1081, 2065, 1300, 1307, 2987, 1286, 3408, 3148, 3186, 3355, 3499, 1278, 3859]"
3895,"[509, 43, 650, 2762, 1912, 17, 497, 1183, 866, 357, 555, 1680, 2125, 2291]"
3896,"[1644, 1278, 1345, 1350, 1387, 1982, 1997, 1214, 2367, 2987, 541, 1617, 589, 480]"
3897,"[0, 0, 0, 0, 2025, 3153, 2115, 111, 1225, 3702, 3703, 3704, 1254, 923]"
3898,"[1674, 1641, 1196, 1294, 3418, 2670, 3359, 1914, 3654, 924, 1961, 1036, 2352, 293]"
3899,"[2336, 2599, 2959, 2716, 2580, 2318, 785, 913, 3160, 3174, 2723, 968, 299, 2692]"
3900,"[1018, 1409, 5, 923, 318, 1945, 593, 2804, 1213, 36, 1090, 1103, 1193, 1393]"
3901,"[24, 2395, 2598, 3157, 2961, 2987, 2763, 1639, 1197, 2949, 3809, 454, 3760, 3638]"
3902,"[886, 2532, 153, 1562, 2701, 315, 71, 2253, 1388, 2531, 737, 3113, 2322, 327]"
3903,"[1321, 3525, 3360, 2077, 1285, 3102, 3688, 2114, 2005, 2794, 2414, 2470, 2378, 1088]"
3904,"[1370, 3253, 1376, 1573, 733, 1580, 2001, 3552, 2795, 1321, 1753, 1025, 2005, 1205]"
3905,"[1747, 345, 1824, 904, 260, 1198, 1221, 2028, 3654, 457, 1954, 1291, 1240, 1610]"
3906,"[457, 2194, 1036, 3062, 3654, 2947, 2949, 1291, 3104, 3702, 2916, 2000, 3763, 2353]"
3907,"[1060, 2108, 2690, 588, 2302, 3255, 1923, 357, 2671, 1777, 3466, 11, 587, 252]"
3908,"[898, 3613, 1095, 1245, 3556, 2347, 296, 858, 2023, 1221, 3150, 2575, 953, 2324]"
3909,"[1193, 3785, 1625, 529, 1374, 1732, 2000, 2949, 1077, 253, 454, 3809, 2302, 736]"
3910,"[2716, 1250, 3811, 527, 1204, 1208, 1224, 1090, 356, 1078, 3066, 1252, 913, 922]"
3911,"[0, 0, 0, 16, 3639, 2517, 1968, 3653, 1197, 454, 780, 3809, 2000, 2949]"
3912,"[2024, 3365, 1266, 590, 2951, 553, 2883, 1079, 260, 2628, 1009, 367, 3793, 589]"
3913,"[1639, 318, 593, 296, 527, 2329, 1704, 3147, 3499, 366, 1407, 2762, 589, 47]"
3914,"[1127, 1036, 3527, 1129, 1584, 1580, 1909, 260, 1196, 1198, 1387, 3703, 1201, 1220]"
3915,"[0, 0, 0, 0, 0, 1219, 2028, 3785, 2858, 3147, 3146, 3186, 2683, 2699]"
3916,"[457, 2268, 1625, 2467, 3083, 3129, 3145, 3147, 3276, 3181, 3868, 3920, 3044, 3148]"
3917,"[151, 1265, 39, 1680, 7, 3259, 356, 2671, 11, 597, 838, 357, 852, 708]"
3918,"[0, 0, 0, 0, 0, 0, 0, 0, 2064, 903, 1961, 1193, 2858, 2707]"
3919,"[2302, 2002, 3760, 356, 62, 2084, 2496, 318, 1266, 3489, 3114, 1721, 2571, 2175]"
3920,"[327, 2951, 3421, 2987, 610, 1405, 2081, 1266, 1220, 2804, 1197, 969, 2871, 2193]"
3921,"[293, 104, 1584, 3386, 1060, 1095, 1682, 161, 39, 3259, 3100, 231, 1517, 1476]"
3922,"[216, 88, 529, 260, 1097, 2628, 750, 1196, 3471, 32, 1206, 1210, 1198, 1242]"
3923,"[2034, 1391, 1544, 1831, 1235, 1278, 2300, 2791, 3421, 2788, 2080, 3451, 3814, 1080]"
3924,"[50, 2349, 2762, 1240, 457, 608, 1921, 1089, 2819, 2917, 1036, 2160, 933, 3476]"
3925,"[2600, 3265, 608, 318, 1249, 593, 101, 34, 296, 2329, 1089, 2289, 3147, 1213]"
3926,"[3174, 2001, 1215, 1244, 3760, 3770, 3263, 253, 3633, 2302, 2746, 2247, 3763, 3082]"
3927,"[1498, 16, 1680, 3386, 2125, 1619, 516, 1614, 2294, 1711, 2706, 2707, 1615, 1777]"
3928,"[0, 0, 0, 0, 0, 0, 0, 0, 0, 2391, 1200, 589, 2571, 1653]"
3929,"[2706, 2490, 2683, 344, 3107, 783, 2628, 2287, 2664, 1301, 2363, 1334, 750, 924]"
3930,"[3811, 41, 1208, 3406, 3035, 897, 1936, 3062, 1196, 3066, 3448, 151, 1283, 3037]"
3931,"[1253, 1274, 3703, 1376, 1580, 1584, 1653, 1356, 1374, 1396, 2455, 2916, 2985, 2640]"
3932,"[3101, 599, 3494, 1378, 303, 383, 1201, 590, 3508, 2951, 553, 368, 2921, 260]"
3933,"[0, 0, 0, 0, 0, 1, 3072, 3552, 1193, 3114, 318, 1203, 2761, 593]"
3934,"[1291, 592, 1374, 1617, 2762, 903, 2186, 589, 293, 457, 1625, 931, 1086, 2763]"
3935,"[104, 1391, 2302, 1580, 356, 2359, 2463, 1395, 2406, 2469, 342, 1513, 2746, 2155]"
3936,"[1249, 3114, 2580, 2692, 1223, 457, 2396, 2355, 590, 1704, 39, 994, 357, 3105]"
3937,"[1931, 2640, 260, 2871, 2013, 1073, 2987, 1291, 1196, 1198, 590, 1899, 1416, 3703]"
3938,"[3508, 2951, 553, 590, 3074, 2401, 266, 3487, 3494, 383, 458, 1378, 1379, 210]"
3939,"[0, 0, 0, 0, 0, 0, 1617, 3494, 111, 3091, 3811, 858, 1204, 3095]"
3940,"[1104, 2871, 3551, 2702, 3618, 3747, 848, 3567, 3751, 3408, 3783, 3911, 3897, 3317]"
3941,"[0, 0, 2028, 3624, 3744, 3578, 1882, 2617, 3476, 2167, 1339, 196, 589, 3175]"
3942,"[1625, 2005, 3578, 2023, 2003, 6, 1387, 3550, 1834, 1270, 1517, 1200, 1215, 1333]"
3943,"[593, 296, 25, 3418, 2336, 590, 1673, 265, 150, 1094, 3260, 506, 3100, 1678]"
3944,"[1784, 34, 2321, 1923, 2804, 1394, 1197, 2915, 2791, 2463, 3685, 2174, 1395, 2469]"
3945,"[1923, 2968, 1161, 1207, 1, 2069, 1682, 1081, 2134, 1947, 1307, 337, 2987, 2132]"
3946,"[492, 17, 58, 440, 589, 1653, 185, 1391, 531, 1225, 1961, 2302, 1028, 3897]"
3947,"[2366, 1219, 1258, 1387, 2716, 3785, 1997, 50, 593, 904, 608, 2871, 1036, 2174]"
3948,"[3363, 1077, 916, 39, 2078, 915, 1394, 1073, 2791, 3175, 3189, 2946, 911, 2779]"
3949,"[1294, 1208, 1242, 3654, 3366, 356, 2944, 3066, 1408, 161, 3753, 3836, 2402, 3519]"
3950,"[180, 1441, 356, 1279, 3450, 2700, 3175, 471, 852, 368, 2622, 2572, 3253, 1020]"
3951,"[1073, 2968, 592, 1580, 590, 1967, 2005, 2470, 3479, 2161, 3699, 380, 1377, 1031]"
3952,"[1316, 3155, 116, 150, 952, 3524, 1784, 3364, 3548, 2384, 34, 2017, 1270, 3478]"
3953,"[1997, 1217, 1253, 1206, 1261, 2810, 2947, 3396, 2716, 2951, 1282, 2987, 1285, 2993]"
3954,"[1198, 1270, 2115, 589, 260, 1196, 1240, 3471, 1214, 3793, 1215, 1374, 3033, 1376]"
3955,"[494, 1370, 1385, 1586, 165, 10, 648, 1552, 517, 786, 442, 1792, 1801, 423]"
3956,"[3755, 3578, 2858, 3175, 3081, 1387, 2959, 1197, 2355, 2302, 1374, 529, 3608, 3763]"
3957,"[2087, 1035, 364, 595, 2565, 1081, 3602, 3610, 1387, 2716, 1258, 1321, 913, 2987]"
3958,"[1271, 1584, 21, 1094, 508, 805, 1672, 3418, 3107, 350, 345, 2059, 536, 3173]"
3959,"[0, 0, 0, 0, 0, 0, 0, 0, 0, 0, 0, 0, 0, 0]"
3960,"[2739, 3668, 1674, 1247, 914, 920, 1947, 3421, 3363, 34, 2716, 1259, 3072, 2355]"
3961,"[2645, 1128, 2867, 1347, 2710, 2747, 3550, 724, 1974, 3016, 3459, 2782, 1346, 3022]"
3962,"[2115, 2405, 2420, 1302, 1994, 3699, 2404, 1375, 2402, 3109, 2422, 2816, 1373, 3766]"
3963,"[1221, 943, 1263, 3622, 3742, 2067, 928, 3095, 3347, 3074, 1201, 3683, 3872, 1185]"
3964,"[1101, 648, 2951, 2991, 3638, 10, 2763, 2989, 2278, 420, 2524, 3705, 858, 1221]"
3965,"[529, 2340, 3034, 253, 3263, 2002, 673, 2587, 3861, 2457, 1020, 3117, 3178, 3298]"
3966,"[1747, 527, 593, 318, 2324, 590, 553, 1379, 1299, 1196, 1198, 1242, 2918, 1036]"
3967,"[1704, 1207, 1961, 3147, 2686, 2329, 3363, 592, 1302, 3100, 1729, 300, 1246, 3105]"
3968,"[1722, 316, 1608, 2490, 434, 1527, 380, 1049, 517, 780, 3697, 1552, 3764, 3107]"
3969,"[0, 0, 0, 0, 0, 0, 0, 0, 0, 1721, 480, 2401, 2997, 3007]"
3970,"[3897, 3949, 1, 3360, 2529, 1210, 3421, 1291, 2664, 1962, 1968, 1333, 1261, 2366]"
3971,"[3556, 3863, 1242, 3534, 3616, 3948, 3949, 3481, 1680, 62, 222, 1092, 3274, 3911]"
3972,"[0, 0, 0, 0, 0, 0, 1198, 1099, 2858, 1127, 2706, 2827, 2683, 3005]"
3973,"[3147, 2949, 1235, 1244, 538, 293, 3836, 2000, 3809, 3635, 3639, 2001, 3869, 1732]"
3974,"[2028, 2289, 805, 1265, 32, 2085, 3420, 1203, 924, 999, 2826, 2311, 1019, 965]"
3975,"[3350, 161, 1645, 2294, 69, 3608, 380, 3527, 1291, 3552, 1047, 2763, 3499, 1394]"
3976,"[1028, 1968, 356, 934, 497, 1784, 588, 2321, 1923, 45, 1269, 2542, 3210, 3671]"
3977,"[290, 296, 608, 34, 3147, 2959, 1179, 150, 1288, 2746, 50, 2762, 1358, 1089]"
3978,"[1097, 3111, 1228, 2064, 1189, 592, 2130, 2194, 2000, 1213, 904, 1212, 1267, 2186]"
3979,"[1907, 2033, 2089, 1064, 2092, 2354, 552, 551, 2078, 2081, 1028, 2014, 905, 947]"
3980,"[0, 0, 0, 0, 0, 0, 0, 0, 0, 0, 1387, 2028, 799, 3499]"
3981,"[1957, 1674, 1357, 1028, 915, 2018, 300, 2919, 1210, 2333, 2398, 1086, 911, 3634]"
3982,"[2297, 1250, 1944, 3448, 3787, 3855, 1278, 3148, 1711, 3548, 11, 3285, 913, 1959]"
3983,"[1674, 25, 3684, 471, 1569, 3099, 2100, 838, 1721, 356, 852, 1777, 2406, 2145]"
3984,"[1586, 1215, 1917, 112, 1792, 1047, 2273, 527, 1090, 356, 1242, 3062, 1200, 2944]"
3985,"[1188, 461, 2580, 2150, 1680, 3852, 3078, 759, 3755, 3915, 3568, 3481, 3456, 3241]"
3986,"[3255, 1923, 3253, 357, 2302, 3450, 21, 380, 785, 539, 1777, 333, 2683, 2694]"
3987,"[0, 0, 0, 0, 2858, 2706, 2572, 2997, 2541, 2888, 3408, 2959, 2690, 3174]"
3988,"[3098, 3448, 1132, 2000, 2734, 2114, 2312, 1286, 2420, 3591, 3834, 2926, 2240, 3844]"
3989,"[587, 1821, 537, 2424, 7, 3717, 3827, 3755, 1084, 1276, 1303, 2160, 1952, 2278]"
3990,"[2366, 1197, 1198, 2968, 745, 1148, 2858, 1136, 1394, 3751, 910, 3362, 1223, 2872]"
3991,"[1394, 2353, 318, 2858, 1127, 2706, 2572, 2683, 2997, 2694, 2710, 3005, 2355, 2037]"
3992,"[11, 1645, 500, 368, 708, 2302, 3450, 648, 350, 2108, 805, 1042, 2496, 1409]"
3993,"[2120, 1339, 1991, 842, 611, 3840, 2119, 1527, 1909, 1036, 1240, 2605, 2263, 2376]"
3994,"[2791, 1948, 1968, 1784, 2683, 440, 2321, 2065, 2110, 2406, 3448, 3450, 2245, 2463]"
3995,"[3113, 379, 485, 733, 2763, 3793, 3005, 1198, 527, 3300, 3702, 1079, 608, 2762]"
3996,"[1562, 3440, 2817, 1566, 3175, 329, 3269, 158, 107, 1779, 3489, 173, 2355, 364]"
3997,"[829, 2571, 32, 1356, 1876, 1762, 379, 1831, 1882, 2448, 2808, 2701, 161, 2817]"
3998,"[2657, 2346, 1371, 1196, 1200, 541, 1097, 1240, 2455, 1374, 1376, 1210, 3698, 2117]"
3999,"[2517, 3826, 1991, 350, 1422, 1092, 589, 2529, 1909, 3827, 379, 2819, 2762, 1249]"
4000,"[968, 2455, 1219, 1321, 70, 1215, 1252, 1267, 1617, 913, 1179, 788, 653, 2]"
4001,"[57, 2712, 24, 650, 2106, 3107, 182, 381, 2432, 1416, 1624, 273, 1043, 724]"
4002,"[2028, 3702, 21, 1954, 1610, 3418, 771, 1256, 905, 898, 1230, 1136, 1198, 1221]"
4003,"[1084, 1617, 1179, 1748, 164, 1783, 707, 541, 1248, 2066, 913, 903, 904, 950]"
4004,"[480, 2916, 1356, 1527, 380, 165, 736, 2278, 1597, 316, 1876, 653, 2002, 798]"
4005,"[3857, 2336, 3915, 1892, 3827, 3753, 3717, 1312, 1307, 3654, 260, 1201, 1304, 1387]"
4006,"[2100, 2193, 2, 653, 1920, 2140, 1126, 1276, 2804, 2301, 1136, 1294, 1079, 1234]"
4007,"[1234, 2248, 2915, 2795, 1073, 2100, 3039, 3740, 852, 3247, 3525, 2539, 589, 457]"
4008,"[0, 0, 0, 0, 0, 0, 0, 0, 0, 0, 3617, 3618, 3624, 3578]"
4009,"[1840, 3685, 858, 1221, 1278, 2648, 1387, 1214, 1219, 968, 2118, 1345, 1997, 2644]"
4010,"[0, 0, 0, 0, 0, 0, 0, 1617, 1968, 2791, 2729, 2025, 1127, 2683]"
4011,"[1258, 1321, 2118, 1261, 1347, 2710, 2654, 3081, 2454, 253, 541, 608, 593, 36]"
4012,"[741, 3745, 2011, 2012, 1544, 2571, 2716, 2717, 1682, 3578, 3793, 2709, 2394, 3114]"
4013,"[1682, 161, 2268, 150, 17, 1805, 1298, 1653, 3183, 3155, 140, 356, 541, 1573]"
4014,"[1321, 1347, 1994, 2003, 3017, 2717, 1969, 1970, 1976, 1980, 1983, 1991, 2451, 2456]"
4015,"[3671, 909, 3105, 3111, 1333, 1962, 2670, 3844, 110, 1674, 924, 1272, 3498, 62]"
4016,"[2137, 2018, 2085, 1254, 1262, 1291, 940, 1198, 2871, 480, 2013, 3405, 2947, 1222]"
4017,"[1732, 3733, 1230, 2997, 2858, 3147, 3174, 3186, 2976, 3052, 3163, 3176, 2889, 3179]"
4018,"[2167, 517, 780, 1523, 1769, 2334, 163, 1385, 3519, 2023, 3807, 494, 3404, 1527]"
4019,"[0, 0, 0, 902, 1220, 1097, 3760, 1982, 2571, 1203, 2804, 1212, 912, 111]"
4020,"[2105, 1387, 858, 110, 1214, 589, 1200, 1036, 1240, 3793, 1954, 1222, 2571, 2872]"
4021,"[3773, 2163, 317, 2072, 186, 586, 2424, 2060, 2473, 2717, 3520, 2378, 2335, 3144]"
4022,"[1500, 2194, 2268, 3763, 2110, 2001, 434, 1263, 356, 1345, 1258, 1321, 253, 1994]"
4023,"[2660, 968, 480, 1396, 2527, 1580, 3527, 2407, 2662, 3114, 2078, 947, 1197, 1270]"
4024,"[3394, 3655, 3683, 1673, 1084, 1339, 110, 1518, 1968, 3359, 1250, 2243, 955, 144]"
4025,"[0, 0, 2997, 1193, 3448, 1096, 3618, 3571, 3578, 3751, 3753, 3565, 3720, 3952]"
4026,"[481, 2155, 543, 2406, 3020, 10, 2193, 2413, 2115, 141, 802, 353, 1909, 3082]"
4027,"[2571, 2528, 1252, 2203, 608, 678, 50, 1212, 1249, 1264, 1267, 593, 904, 908]"
4028,"[637, 3326, 2405, 3208, 2413, 3235, 788, 2060, 2500, 2806, 3590, 2027, 2597, 2335]"
4029,"[900, 899, 3199, 2565, 3549, 3675, 1283, 3072, 1307, 919, 2099, 918, 3061, 3606]"
4030,"[2013, 1468, 3362, 3104, 1729, 3249, 231, 3032, 3405, 1946, 3785, 3176, 3897, 1997]"
4031,"[2160, 2716, 1982, 968, 2455, 3499, 3676, 1321, 2159, 1261, 2459, 3476, 70, 3018]"
4032,"[1640, 1270, 1276, 1824, 1294, 1304, 599, 3681, 2922, 1201, 1283, 3037, 3671, 553]"
4033,"[2687, 1805, 1615, 364, 18, 383, 999, 783, 2567, 2424, 372, 288, 1620, 2803]"
4034,"[1997, 3702, 1262, 1201, 1247, 1267, 1276, 914, 1028, 2857, 2136, 903, 908, 910]"
4035,"[2490, 2353, 733, 1370, 70, 780, 2628, 387, 1552, 511, 3421, 2804, 2706, 2683]"
4036,"[2002, 236, 2694, 471, 1641, 1883, 357, 2249, 450, 3, 2296, 3146, 260, 1304]"
4037,"[1950, 902, 914, 3654, 2863, 3168, 1949, 1035, 2947, 3028, 3668, 1948, 908, 2731]"
4038,"[0, 0, 3072, 1947, 1124, 3233, 2551, 1246, 2858, 2706, 3105, 3078, 2067, 934]"
4039,"[2028, 1912, 110, 2355, 25, 1225, 2167, 733, 3897, 1148, 1197, 34, 2841, 2699]"
4040,"[50, 296, 293, 1729, 2542, 47, 1500, 1732, 2112, 2268, 1258, 1261, 2288, 1321]"
4041,"[1894, 2375, 1091, 2374, 3243, 2478, 2335, 370, 2794, 2072, 3, 2792, 813, 2169]"
4042,"[2334, 3512, 3897, 1704, 1292, 529, 475, 2020, 3175, 1224, 780, 2690, 50, 1217]"
4043,"[377, 2278, 2628, 1810, 1835, 1407, 1416, 3081, 1527, 2294, 3261, 597, 708, 1092]"
4044,"[3005, 2694, 2975, 223, 2434, 1093, 2688, 2716, 2580, 2581, 2394, 2598, 2013, 2485]"
4045,"[1247, 3801, 3845, 3788, 3811, 3834, 3751, 3792, 3812, 3835, 3763, 3847, 3760, 3789]"
4046,"[2858, 296, 1233, 1193, 1213, 969, 608, 1358, 1617, 2804, 1136, 1089, 1254, 3468]"
4047,"[349, 733, 2628, 480, 1372, 3175, 2006, 648, 1356, 1552, 1580, 316, 10, 2268]"
4048,"[3675, 2941, 942, 2346, 2011, 435, 933, 350, 2803, 376, 1272, 647, 3724, 3508]"
4049,"[1101, 2763, 3441, 3197, 2403, 2006, 1608, 2475, 376, 3107, 3274, 423, 1552, 380]"
4050,"[318, 1, 3034, 3210, 2529, 1250, 1278, 3702, 1222, 110, 1287, 3068, 940, 1321]"
4051,"[908, 1411, 2858, 235, 2959, 3655, 1730, 249, 3174, 175, 1093, 1073, 2161, 1748]"
4052,"[3081, 3793, 3578, 3265, 2692, 1912, 2571, 3267, 110, 2916, 3751, 3481, 3409, 3452]"
4053,"[1951, 969, 2080, 1032, 1012, 2096, 1022, 1301, 934, 1334, 1019, 1016, 953, 596]"
4054,"[3141, 2628, 2249, 2416, 2311, 316, 2530, 2539, 2617, 24, 3247, 3628, 344, 736]"
4055,"[1393, 1245, 1834, 293, 197, 3147, 150, 1271, 2943, 3148, 1673, 2329, 16, 590]"
4056,"[0, 0, 0, 0, 0, 0, 0, 0, 0, 0, 0, 0, 0, 2094]"
4057,"[3361, 3147, 1625, 3836, 1387, 2000, 3654, 1304, 1374, 3622, 529, 3763, 1230, 3809]"
4058,"[3100, 441, 2114, 3259, 2139, 1951, 3252, 2457, 3214, 2420, 2294, 1035, 3723, 2734]"
4059,"[0, 111, 2858, 3147, 3081, 3146, 1407, 3476, 3499, 1923, 1259, 3210, 2804, 2918]"
4060,"[1608, 3249, 3101, 1407, 3461, 3686, 1573, 18, 2161, 2968, 2628, 2005, 2054, 590]"
4061,"[0, 0, 3101, 3384, 1210, 3841, 3754, 3788, 3811, 3834, 3812, 3846, 3763, 3783]"
4062,"[1835, 3219, 316, 2320, 44, 1485, 2002, 866, 50, 1089, 1732, 1834, 2916, 280]"
4063,"[3469, 1242, 3471, 1, 1231, 3604, 858, 527, 2028, 1196, 1193, 110, 3147, 919]"
4064,"[25, 3159, 2006, 2295, 2713, 62, 3145, 48, 783, 2710, 1487, 1701, 986, 1513]"
4065,"[0, 0, 0, 912, 1270, 316, 3793, 589, 260, 1196, 1200, 541, 1199, 2571]"
4066,"[1213, 608, 1997, 1258, 1234, 3148, 2580, 265, 778, 1200, 1036, 555, 319, 2858]"
4067,"[2683, 2908, 2355, 3543, 2599, 3175, 2580, 2333, 913, 2310, 3606, 1959, 24, 2396]"
4068,"[0, 0, 0, 0, 3600, 480, 1212, 1127, 3516, 2433, 2147, 1911, 2605, 2688]"
4069,"[260, 3578, 3745, 3618, 3754, 3819, 3083, 1235, 1197, 1639, 529, 2949, 1244, 3044]"
4070,"[1210, 497, 2108, 377, 1721, 1253, 29, 541, 32, 1584, 1374, 2528, 1676, 1375]"
4071,"[2288, 1214, 3499, 2716, 2455, 1321, 610, 2513, 1339, 2710, 2121, 1201, 2921, 1266]"
4072,"[1784, 2294, 253, 1777, 1441, 2683, 491, 62, 3145, 380, 2112, 2706, 454, 1408]"
4073,"[0, 0, 111, 1196, 2028, 1294, 1927, 1090, 1250, 1208, 1272, 2944, 1210, 1242]"
4074,"[1193, 1617, 2420, 2485, 1500, 1233, 3510, 719, 333, 231, 2028, 1090, 1393, 1680]"
4075,"[2391, 3702, 1201, 1358, 1259, 1036, 1200, 1234, 180, 2947, 6, 293, 1079, 3552]"
4076,"[2236, 3418, 1693, 3246, 1393, 282, 62, 802, 3259, 280, 647, 266, 350, 475]"
4077,"[2245, 3548, 3247, 2829, 2717, 360, 1380, 901, 1378, 1911, 2384, 153, 2724, 2255]"
4078,"[2797, 3203, 1347, 2985, 2240, 3251, 2194, 3142, 3844, 2000, 1246, 2100, 3543, 1298]"
4079,"[524, 3107, 2023, 2421, 1626, 577, 888, 1592, 351, 700, 2469, 2795, 231, 3247]"
4080,"[2959, 1230, 1247, 1674, 933, 3699, 1097, 2762, 1249, 903, 457, 608, 1086, 3508]"
4081,"[1259, 2804, 1968, 3421, 1304, 1197, 2324, 2396, 1265, 1270, 2918, 2997, 1, 2352]"
4082,"[3078, 1961, 2712, 2506, 2353, 2424, 539, 1835, 94, 1042, 587, 2716, 3271, 3418]"
4083,"[2202, 1625, 2349, 16, 2419, 931, 3101, 3505, 1227, 3529, 2764, 350, 906, 2183]"
4084,"[3578, 3751, 3753, 3624, 3300, 648, 3534, 3747, 3457, 3509, 3512, 3855, 3893, 3897]"
4085,"[1073, 616, 3949, 594, 1029, 3915, 3483, 2087, 678, 420, 725, 350, 1035, 2052]"
4086,"[1028, 1035, 918, 1031, 1088, 1951, 1030, 185, 2827, 2762, 662, 350, 3176, 2707]"
4087,"[1198, 2858, 2707, 3005, 2976, 223, 2722, 1093, 2959, 2716, 3578, 2676, 968, 3273]"
4088,"[733, 551, 1119, 62, 1464, 838, 157, 1676, 2600, 2231, 2504, 1404, 725, 199]"
4089,"[3949, 356, 1073, 2447, 1266, 441, 678, 1275, 1769, 185, 420, 3251, 2, 597]"
4090,"[1296, 1965, 2065, 2174, 3543, 1222, 3684, 1291, 1962, 3071, 2463, 608, 2762, 1617]"
4091,"[3257, 1673, 1199, 3359, 1354, 2736, 1916, 3552, 1343, 431, 2137, 1957, 3751, 2804]"
4092,"[2145, 3524, 1958, 3033, 2262, 3591, 3108, 2396, 1060, 1641, 2599, 34, 1, 3060]"
4093,"[2795, 3039, 2291, 1097, 2454, 1124, 3552, 3098, 2000, 514, 1029, 1374, 2991, 2455]"
4094,"[3948, 3753, 3755, 3453, 3513, 3624, 3827, 3555, 3861, 3534, 3717, 3484, 3515, 3325]"
4095,"[1101, 1552, 1792, 2989, 3404, 1388, 1479, 1265, 2763, 1923, 260, 1204, 1408, 590]"
4096,"[2137, 594, 2080, 2687, 1907, 1097, 2087, 2096, 1022, 588, 595, 2078, 364, 1367]"
4097,"[0, 1193, 2028, 1961, 3421, 3178, 1407, 1717, 1220, 2890, 3147, 2858, 1234, 1265]"
4098,"[1722, 1129, 1573, 3635, 2991, 3639, 3256, 2640, 1385, 2641, 2344, 10, 349, 1370]"
4099,"[858, 2762, 750, 912, 1221, 1276, 1252, 904, 954, 2858, 908, 1198, 541, 953]"
4100,"[3801, 3792, 3763, 3836, 3806, 3844, 3809, 780, 3638, 1374, 3635, 3639, 3654, 1304]"
4101,"[2959, 2580, 3105, 25, 3835, 3846, 3791, 3752, 3753, 3798, 780, 1183, 1398, 1920]"
4102,"[2288, 2366, 1994, 968, 1348, 2167, 799, 1130, 3081, 1347, 2717, 2633, 1991, 2121]"
4103,"[2352, 307, 1674, 1302, 1393, 1960, 506, 1959, 1060, 1396, 1701, 2734, 574, 851]"
4104,"[2918, 50, 3095, 3262, 2898, 1274, 750, 3471, 2527, 2529, 1097, 1396, 1206, 780]"
4105,"[0, 0, 0, 0, 0, 0, 0, 0, 0, 0, 0, 0, 0, 912]"
4106,"[0, 0, 0, 0, 0, 0, 0, 0, 0, 1968, 2596, 1241, 2997, 356]"
4107,"[1961, 1674, 2463, 2076, 3087, 1994, 1173, 3917, 3036, 1033, 858, 1193, 111, 1206]"
4108,"[3469, 3467, 1193, 1207, 318, 920, 1250, 1276, 3196, 2028, 953, 3468, 150, 1233]"
4109,"[0, 0, 0, 0, 0, 0, 882, 1206, 1214, 541, 924, 3471, 1301, 1199]"
4110,"[0, 0, 0, 412, 858, 1204, 3435, 3641, 3739, 919, 3095, 2101, 904, 908]"
4111,"[1299, 2890, 1196, 1208, 2028, 110, 1960, 161, 1200, 1222, 3448, 2662, 1183, 1184]"
4112,"[1135, 1711, 2861, 586, 2082, 2252, 2134, 3388, 2473, 3264, 3600, 2724, 231, 1091]"
4113,"[0, 0, 2423, 260, 9, 3835, 1090, 529, 1304, 454, 2000, 3263, 2002, 253]"
4114,"[293, 1396, 6, 1234, 589, 3471, 1199, 541, 750, 1206, 1214, 924, 32, 1584]"
4115,"[2567, 3809, 2870, 1020, 1081, 852, 1440, 3072, 2371, 586, 3712, 3264, 2874, 2124]"
4116,"[3649, 3029, 3366, 3906, 3952, 3897, 3317, 3408, 3893, 3418, 3654, 1387, 1953, 2944]"
4117,"[2952, 3176, 10, 454, 3082, 1722, 170, 1792, 1459, 2605, 786, 2806, 2334, 1769]"
4118,"[1032, 3552, 2890, 2138, 2797, 3499, 662, 551, 2291, 2024, 3018, 2085, 3507, 2194]"
4119,"[2000, 2949, 1732, 2746, 3608, 3175, 3763, 3627, 3634, 2181, 2001, 1077, 3622, 3081]"
4120,"[0, 1961, 356, 1259, 1270, 3421, 2804, 3481, 1197, 2918, 2716, 1968, 3039, 2797]"
4121,"[1219, 2664, 3499, 1333, 1340, 1345, 1258, 1321, 1350, 2716, 1997, 1337, 1982, 1994]"
4122,"[111, 1834, 608, 1639, 1840, 1219, 1385, 1250, 72, 1276, 1179, 1748, 1, 471]"
4123,"[1982, 1347, 1994, 532, 2367, 364, 1298, 829, 1644, 25, 1270, 2529, 2455, 1580]"
4124,"[2571, 3527, 3702, 1210, 2916, 1129, 1372, 1396, 2640, 480, 1376, 1527, 1215, 3033]"
4125,"[0, 0, 0, 1193, 356, 1358, 2353, 235, 296, 2997, 3147, 2361, 2971, 11]"
4126,"[3438, 1407, 3273, 1717, 786, 2985, 590, 595, 3481, 1035, 47, 1073, 485, 1023]"
4127,"[258, 15, 3705, 2265, 589, 2571, 1527, 780, 1917, 2012, 1876, 256, 185, 2053]"
4128,"[3421, 150, 1208, 1269, 3524, 1784, 2130, 1092, 592, 2352, 3671, 3444, 2076, 2917]"
4129,"[1196, 3307, 3801, 3788, 3811, 3813, 3789, 3844, 858, 1221, 912, 923, 1104, 527]"
4130,"[380, 292, 1385, 1616, 3404, 1690, 2989, 780, 1608, 1372, 2699, 2457, 2490, 2023]"
4131,"[799, 2648, 2664, 2366, 512, 2826, 1127, 2699, 2433, 2147, 2038, 2722, 3113, 2428]"
4132,"[1287, 1954, 3763, 2058, 1408, 592, 163, 3527, 3702, 377, 2948, 733, 3635, 1374]"
4133,"[1265, 3253, 3255, 2302, 380, 500, 514, 551, 224, 317, 367, 590, 480, 1580]"
4134,"[1953, 1233, 920, 265, 1956, 1231, 2067, 3469, 1247, 3379, 1203, 296, 3363, 1939]"
4135,"[3729, 3638, 3301, 3273, 3766, 3793, 3751, 3785, 3717, 3617, 3821, 3052, 2694, 3354]"
4136,"[3769, 1248, 1252, 2203, 1260, 1284, 913, 922, 3435, 2186, 2726, 2066, 930, 3683]"
4137,"[1220, 1307, 3552, 2797, 2243, 3210, 3424, 3685, 3608, 2174, 3526, 2065, 2371, 1248]"
4138,"[442, 1375, 3624, 3751, 3753, 3555, 3578, 3623, 2396, 1197, 17, 1408, 1296, 899]"
4139,"[353, 551, 76, 2496, 539, 3158, 2384, 1792, 229, 2889, 2490, 1518, 159, 303]"
4140,"[2112, 2297, 1401, 524, 207, 3649, 2146, 2269, 3707, 1835, 2993, 2989, 145, 1259]"
4141,"[1758, 1034, 1089, 2580, 2268, 431, 1061, 1620, 42, 3247, 434, 153, 1918, 2002]"
4142,"[0, 0, 0, 0, 0, 0, 0, 0, 0, 0, 0, 0, 0, 1198]"
4143,"[661, 2794, 260, 1196, 1198, 1214, 1036, 1610, 2194, 1210, 2028, 1240, 2872, 1387]"
4144,"[2300, 1230, 1256, 1259, 1269, 1278, 2788, 3037, 1304, 3671, 1079, 2359, 1136, 2352]"
4145,"[0, 1721, 1012, 1961, 2803, 2826, 2881, 2428, 3408, 2688, 3578, 2856, 3717, 3623]"
4146,"[1136, 858, 1090, 527, 1208, 1272, 1294, 1196, 1200, 1242, 1222, 1263, 1927, 1960]"
4147,"[2167, 1527, 1372, 349, 1408, 480, 3704, 1376, 2406, 1374, 1610, 1573, 3178, 329]"
4148,"[1408, 507, 3256, 464, 2763, 2985, 1129, 1356, 1370, 349, 648, 2956, 2613, 379]"
4149,"[318, 2046, 515, 1641, 1643, 2571, 337, 457, 1266, 2396, 17, 32, 3723, 383]"
4150,"[2826, 3524, 368, 329, 1485, 2889, 1488, 2605, 131, 1298, 3643, 2524, 520, 1044]"
4151,"[39, 3752, 1732, 1387, 1215, 3081, 3811, 3819, 2997, 2959, 1235, 1296, 3608, 1244]"
4152,"[1945, 1213, 1034, 3019, 3334, 1084, 1953, 3735, 2064, 1147, 162, 3037, 3467, 3365]"
4153,"[1485, 87, 3247, 2042, 256, 2142, 1367, 3157, 1167, 1588, 1005, 239, 486, 415]"
4154,"[2081, 3448, 1721, 527, 904, 318, 593, 1207, 1225, 1231, 1242, 954, 3246, 903]"
4155,"[1263, 1222, 3489, 3217, 1356, 1371, 1372, 1373, 1375, 1376, 316, 1690, 3701, 1214]"
4156,"[3788, 3476, 3730, 2467, 2076, 3706, 1459, 1092, 1909, 1422, 2311, 427, 3339, 1208]"
4157,"[111, 2664, 110, 223, 1959, 2901, 2070, 1215, 1077, 3654, 3811, 1078, 1304, 3634]"
4158,"[0, 0, 0, 0, 0, 0, 0, 0, 0, 380, 3461, 837, 2826, 1207]"
4159,"[0, 0, 0, 0, 858, 589, 3039, 1193, 587, 527, 3751, 1, 34, 2396]"
4160,"[1334, 2533, 3527, 2663, 1356, 1909, 3638, 1573, 1690, 2346, 2377, 329, 1320, 748]"
4161,"[541, 2066, 930, 1344, 3334, 164, 320, 1068, 589, 3265, 1912, 1233, 457, 3418]"
4162,"[1407, 647, 543, 1476, 2836, 3173, 11, 339, 1339, 2710, 2433, 1645, 3252, 1489]"
4163,"[0, 0, 0, 0, 0, 0, 0, 1198, 2186, 356, 2858, 2699, 2355, 3203]"
4164,"[593, 3175, 2997, 745, 1148, 3060, 1223, 750, 924, 2010, 1206, 1077, 2968, 1301]"
4165,"[1885, 2696, 176, 39, 2282, 2289, 223, 1236, 441, 2318, 3052, 180, 574, 235]"
4166,"[0, 0, 0, 0, 3671, 110, 593, 2687, 1961, 914, 945, 3604, 899, 2746]"
4167,"[3152, 1997, 1090, 1956, 1674, 2550, 2202, 3508, 3499, 1464, 3068, 1208, 3201, 944]"
4168,"[1190, 3174, 590, 1735, 452, 1268, 1357, 282, 832, 253, 537, 2314, 2236, 767]"
4169,"[1930, 3154, 3126, 3229, 666, 2885, 2812, 3515, 2577, 820, 3337, 3117, 2826, 1018]"
4170,"[2858, 908, 3501, 904, 1233, 2028, 1230, 1938, 3504, 608, 1213, 1721, 3019, 3089]"
4171,"[150, 1393, 2025, 3100, 999, 1589, 52, 282, 1673, 1580, 1271, 1682, 480, 2718]"
4172,"[150, 2916, 3253, 62, 590, 3263, 357, 2108, 852, 2359, 1729, 1721, 1221, 858]"
4173,"[1772, 1240, 589, 2028, 457, 1036, 2000, 110, 1291, 1573, 733, 2916, 1608, 2406]"
4174,"[1252, 1260, 1267, 1284, 3683, 1069, 2186, 1248, 541, 924, 1206, 1214, 750, 1965]"
4175,"[3033, 2134, 2001, 2518, 2371, 1135, 2145, 2372, 3048, 3524, 2457, 2458, 2468, 3619]"
4176,"[919, 2183, 908, 1244, 589, 924, 260, 1206, 750, 2664, 2010, 541, 3471, 1196]"
4177,"[2193, 3018, 3499, 2118, 1982, 1219, 1321, 1350, 2867, 3576, 3476, 1994, 2716, 1407]"
4178,"[0, 0, 0, 0, 0, 0, 920, 923, 1926, 356, 2858, 3260, 351, 3386]"
4179,"[25, 1225, 1730, 1103, 3019, 1358, 1960, 1259, 3359, 971, 3543, 296, 2357, 1132]"
4180,"[3364, 924, 2311, 2505, 969, 1608, 2791, 1200, 1214, 3701, 1225, 2706, 3845, 2539]"
4181,"[70, 440, 1042, 2572, 141, 1711, 708, 2978, 2718, 2424, 1485, 2706, 1777, 339]"
4182,"[3300, 589, 2571, 1921, 29, 32, 1580, 2916, 1653, 480, 1748, 2600, 198, 260]"
4183,"[1201, 1221, 858, 1198, 1233, 1240, 2944, 1287, 1036, 2194, 6, 474, 592, 2406]"
4184,"[0, 0, 0, 0, 0, 0, 0, 0, 0, 0, 0, 1611, 527, 3578]"
4185,"[111, 1219, 1278, 1387, 1982, 1994, 2716, 2455, 2867, 2657, 1321, 3727, 610, 1347]"
4186,"[16, 141, 3685, 3052, 3145, 2006, 3831, 2366, 1962, 1614, 2554, 538, 506, 3928]"
4187,"[3093, 3789, 930, 3196, 950, 1237, 899, 933, 2858, 1944, 3307, 1230, 905, 972]"
4188,"[1303, 527, 3793, 3578, 3745, 3753, 3615, 2085, 2572, 1367, 924, 2826, 2311, 1459]"
4189,"[111, 904, 3095, 3467, 1204, 910, 246, 3134, 1280, 593, 1237, 3468, 2186, 2859]"
4190,"[1247, 2067, 1265, 892, 920, 3108, 3044, 943, 151, 902, 1408, 224, 1597, 17]"
4191,"[0, 0, 0, 2469, 364, 1619, 527, 2858, 3175, 3355, 1199, 3471, 1625, 2997]"
4192,"[0, 0, 0, 0, 0, 0, 0, 0, 0, 0, 0, 0, 0, 0]"
4193,"[1944, 2944, 1263, 356, 3367, 3066, 1183, 1219, 2762, 1674, 1358, 933, 3849, 906]"
4194,"[3253, 3608, 1747, 104, 3358, 2797, 1883, 3760, 2108, 1701, 588, 1580, 3263, 1884]"
4195,"[260, 3114, 1217, 1394, 3083, 3163, 2966, 2997, 3052, 3078, 3125, 3145, 3147, 3175]"
4196,"[0, 0, 0, 0, 0, 0, 0, 3418, 2871, 2160, 3546, 1961, 2550, 1219]"
4197,"[0, 1198, 1097, 1210, 110, 1193, 356, 1304, 2355, 2797, 1, 3037, 1234, 2716]"
4198,"[1214, 1258, 2716, 2160, 1345, 3476, 610, 1321, 2118, 1982, 253, 1347, 2746, 2657]"
4199,"[2396, 17, 2762, 150, 1265, 529, 2997, 293, 25, 2108, 2336, 1475, 3179, 1814]"
4200,"[1965, 32, 2916, 2117, 2662, 1295, 1196, 3175, 1214, 2554, 3702, 2553, 1653, 1129]"
4201,"[838, 2733, 3081, 3082, 3273, 3479, 2161, 2193, 1967, 2005, 2054, 2872, 2174, 2797]"
4202,"[0, 0, 0, 0, 0, 0, 0, 0, 593, 910, 1193, 1196, 1197, 1198]"
4203,"[2112, 22, 1711, 1407, 3476, 3499, 253, 2710, 1999, 1342, 382, 1355, 260, 919]"
4204,"[3498, 2520, 3359, 2866, 3504, 3135, 1955, 1375, 1376, 1370, 165, 3468, 2474, 356]"
4205,"[1968, 2826, 2355, 3615, 3175, 2720, 913, 3623, 2723, 2762, 3114, 260, 2161, 2174]"
4206,"[919, 783, 2018, 588, 2080, 1806, 364, 2761, 1028, 3763, 454, 1304, 1387, 2000]"
4207,"[1942, 2202, 2398, 3468, 1276, 3789, 2132, 1952, 1247, 1084, 909, 924, 1251, 2728]"
4208,"[969, 1247, 1264, 915, 916, 497, 945, 1183, 902, 2943, 943, 265, 1277, 1643]"
4209,"[0, 0, 0, 0, 593, 1193, 3516, 3372, 902, 2858, 1127, 3005, 2433, 3203]"
4210,"[3703, 541, 1127, 1374, 1097, 2455, 3527, 2968, 3070, 1129, 2140, 2985, 3033, 610]"
4211,"[0, 0, 0, 0, 0, 0, 0, 0, 0, 0, 3194, 858, 3841, 3846]"
4212,"[457, 3418, 3755, 2949, 507, 3769, 2006, 2403, 1049, 2013, 292, 2524, 1792, 3404]"
4213,"[2791, 1079, 3552, 3039, 1606, 1198, 1291, 2470, 2115, 2405, 2373, 2013, 1287, 2947]"
4214,"[3408, 3481, 1213, 1617, 593, 527, 1758, 1836, 1291, 2262, 1960, 1408, 3052, 3081]"
4215,"[515, 272, 919, 2355, 1196, 1186, 933, 3476, 2686, 3471, 2108, 1422, 3246, 2433]"
4216,"[1210, 3793, 3615, 3753, 3623, 3745, 2355, 1028, 3763, 3175, 2302, 2000, 3081, 3809]"
4217,"[1527, 2628, 1597, 780, 548, 3450, 1642, 3274, 724, 1485, 23, 2273, 3844, 3409]"
4218,"[2316, 2424, 2389, 3285, 2694, 3408, 2013, 2724, 3793, 2987, 870, 260, 1196, 924]"
4219,"[442, 196, 2526, 1544, 2530, 1917, 185, 2531, 379, 2668, 599, 3467, 3508, 1201]"
4220,"[368, 852, 1485, 1405, 2539, 2723, 1042, 3869, 344, 1614, 1665, 1711, 2012, 1409]"
4221,"[1945, 1946, 949, 1219, 905, 1104, 1249, 2206, 2654, 2366, 1230, 3683, 3347, 549]"
4222,"[3738, 1954, 1287, 3420, 2890, 2125, 345, 3105, 3654, 1302, 161, 3546, 1955, 3270]"
4223,"[32, 3260, 1956, 529, 1784, 3060, 3451, 3255, 150, 1721, 3733, 1962, 2433, 1682]"
4224,"[2083, 2084, 48, 3675, 1951, 1083, 2099, 2135, 3612, 39, 1912, 838, 539, 380]"
4225,"[2391, 1, 1482, 1732, 187, 2171, 2064, 1238, 2348, 1198, 2918, 2919, 3342, 3067]"
4226,"[2355, 2369, 2881, 3175, 2716, 2394, 2395, 2396, 2762, 3114, 2987, 1, 1288, 1079]"
4227,"[3740, 2001, 2006, 1939, 1272, 3448, 2716, 1179, 3498, 1952, 3451, 1713, 2628, 934]"
4228,"[0, 0, 0, 0, 1721, 805, 2501, 3147, 589, 1240, 225, 527, 318, 3421]"
4229,"[2395, 1777, 1784, 21, 1580, 2355, 356, 2706, 1747, 3157, 587, 1711, 2012, 70]"
4230,"[0, 0, 0, 0, 0, 0, 2096, 926, 1927, 736, 1013, 3751, 3792, 3795]"
4231,"[1, 1197, 500, 2761, 2085, 2501, 1210, 1291, 2947, 1265, 589, 2000, 733, 2617]"
4232,"[2580, 3578, 2333, 2716, 2690, 2502, 2581, 2013, 3753, 2686, 314, 2692, 2396, 2762]"
4233,"[164, 1221, 3703, 969, 1201, 1214, 3702, 1912, 1242, 3418, 112, 2427, 2662, 2571]"
4234,"[923, 919, 1219, 1252, 593, 916, 1221, 1283, 3421, 1198, 1267, 1272, 2366, 3035]"
4235,"[1095, 695, 163, 22, 3418, 1401, 2427, 3793, 3578, 3185, 3534, 3483, 3555, 3513]"
4236,"[3543, 3203, 2881, 2599, 2336, 1093, 2428, 3175, 2716, 2995, 2606, 2622, 2581, 2900]"
4237,"[2321, 3173, 353, 1722, 6, 377, 364, 2278, 1356, 2706, 3256, 11, 440, 3107]"
4238,"[923, 953, 2202, 930, 3435, 1282, 931, 2204, 2176, 2366, 919, 1260, 954, 1256]"
4239,"[1077, 1965, 1274, 2288, 1301, 3471, 2529, 1210, 1253, 2662, 3699, 610, 1580, 2916]"
4240,"[3251, 2081, 1127, 2100, 2243, 2470, 1135, 3501, 1101, 1378, 3397, 3072, 1129, 2001]"
4241,"[3516, 2355, 2369, 2716, 2761, 3354, 2723, 1959, 3219, 3606, 2906, 2394, 3483, 2670]"
4242,"[1, 1265, 587, 3255, 1500, 3108, 500, 2082, 440, 539, 410, 3247, 1409, 852]"
4243,"[1028, 914, 1947, 3606, 2078, 1220, 1380, 1029, 2099, 2565, 3604, 1035, 918, 938]"
4244,"[0, 0, 0, 0, 0, 0, 0, 0, 0, 0, 0, 1083, 2355, 2761]"
4245,"[2553, 2009, 3770, 780, 2640, 3659, 1019, 2454, 1356, 2011, 2046, 2287, 3375, 2667]"
4246,"[1197, 1304, 2000, 3836, 1215, 1230, 2302, 2355, 3812, 3175, 1244, 3263, 1028, 3809]"
4247,"[2664, 1374, 1396, 924, 1376, 1580, 1356, 2628, 3699, 2530, 2640, 2011, 1917, 1375]"
4248,"[2762, 3147, 3203, 1625, 1092, 22, 377, 454, 2707, 920, 899, 2081, 1393, 539]"
4249,"[543, 1909, 1573, 2273, 832, 1459, 1597, 3686, 1754, 1552, 376, 481, 2803, 18]"
4250,"[2861, 73, 1620, 1401, 991, 450, 835, 2702, 1363, 277, 14, 1895, 3173, 354]"
4251,"[2804, 1079, 2174, 1968, 3685, 1307, 3361, 2791, 3552, 3424, 1285, 2100, 2915, 2795]"
4252,"[543, 474, 2617, 163, 353, 1769, 2763, 1370, 1892, 70, 1717, 165, 1092, 832]"
4253,"[3365, 953, 2396, 1944, 920, 1394, 1036, 1233, 2728, 2997, 1954, 1225, 3037, 1214]"
4254,"[3173, 2918, 1196, 1282, 2804, 1270, 1197, 1968, 1220, 1259, 1079, 2791, 2174, 2716]"
4255,"[3447, 1929, 917, 961, 1099, 923, 953, 3095, 1942, 2927, 3334, 2398, 943, 973]"
4256,"[0, 0, 2454, 2202, 50, 3340, 858, 2010, 318, 1221, 908, 1225, 1252, 1254]"
4257,"[195, 1801, 378, 736, 2497, 2146, 2942, 2355, 3113, 2605, 2861, 2688, 2676, 24]"
4258,"[1293, 1956, 3098, 1957, 1302, 2114, 1246, 1321, 3480, 1347, 2420, 953, 596, 1029]"
4259,"[0, 0, 0, 0, 0, 0, 0, 0, 0, 1198, 832, 3578, 3751, 3624]"
4260,"[1175, 2321, 1, 2174, 1270, 2078, 1968, 3671, 235, 2918, 1500, 2000, 180, 21]"
4261,"[1918, 2405, 1801, 1479, 2253, 15, 2947, 1220, 1287, 1036, 2278, 2993, 2000, 1356]"
4262,"[1097, 1373, 858, 1081, 3751, 3771, 3836, 3760, 3755, 3844, 260, 2872, 2174, 1019]"
4263,"[1270, 2858, 2997, 2683, 2770, 223, 3543, 2599, 1093, 2580, 2716, 2318, 785, 3160]"
4264,"[0, 0, 0, 1674, 2028, 914, 110, 3256, 3753, 539, 2424, 1307, 350, 457]"
4265,"[783, 2300, 2080, 963, 1947, 364, 1282, 1035, 594, 2083, 1032, 1688, 2135, 2084]"
4266,"[1210, 1127, 2827, 2699, 3005, 2147, 3408, 3578, 2688, 2716, 3717, 2581, 3219, 2013]"
4267,"[0, 1193, 2796, 2858, 1127, 2706, 3516, 2997, 2683, 2433, 3543, 2599, 2336, 2716]"
4268,"[3633, 2090, 2750, 3082, 3812, 2177, 380, 2098, 3549, 674, 2468, 3638, 2376, 3197]"
4269,"[1214, 1206, 2968, 2571, 1274, 2664, 1301, 3703, 1270, 2288, 1210, 1320, 1019, 2985]"
4270,"[0, 0, 0, 0, 0, 0, 0, 0, 0, 0, 0, 2890, 1343, 3793]"
4271,"[1784, 3198, 1186, 446, 1673, 3733, 161, 650, 902, 1271, 2312, 2001, 11, 1918]"
4272,"[2454, 2021, 1909, 316, 2901, 1603, 2613, 1375, 1876, 780, 2105, 1527, 329, 2012]"
4273,"[1136, 1294, 3039, 223, 1244, 2791, 1080, 1278, 1663, 2700, 1220, 3210, 1125, 3552]"
4274,"[2762, 593, 47, 474, 733, 1370, 376, 1608, 587, 1552, 350, 1615, 257, 1343]"
4275,"[3578, 3755, 3753, 3147, 2997, 3156, 318, 1015, 527, 366, 593, 3499, 2571, 2762]"
4276,"[2407, 3015, 2739, 1597, 1276, 1094, 590, 2020, 1246, 1701, 2871, 1263, 1370, 1036]"
4277,"[1442, 500, 1128, 2928, 1346, 2374, 2017, 2035, 3262, 3791, 2877, 2942, 67, 2015]"
4278,"[519, 303, 2699, 110, 589, 2617, 1049, 3418, 2170, 2571, 1608, 3256, 474, 1370]"
4279,"[1648, 2248, 3396, 1732, 2700, 1500, 1784, 2423, 3108, 2144, 3210, 467, 2463, 1845]"
4280,"[2791, 466, 2170, 370, 2301, 485, 380, 2916, 2706, 2997, 2710, 2355, 3578, 2716]"
4281,"[1201, 2951, 3681, 1304, 1283, 356, 2028, 780, 1619, 492, 58, 838, 105, 2671]"
4282,"[0, 0, 2797, 3263, 2000, 1387, 3147, 2001, 2431, 736, 3760, 2302, 2753, 3186]"
4283,"[1265, 497, 2396, 3114, 1958, 2918, 3061, 3451, 898, 911, 801, 2752, 3035, 3450]"
4284,"[1233, 1408, 1610, 2916, 1580, 21, 2763, 3082, 377, 1377, 1722, 2167, 2273, 1597]"
4285,"[3269, 2316, 1088, 239, 3487, 3494, 2401, 2012, 2055, 2571, 1584, 1396, 2615, 1356]"
4286,"[3809, 3052, 1566, 2746, 1587, 3604, 736, 3729, 780, 3660, 2002, 3301, 2587, 3605]"
4287,"[1100, 95, 511, 1479, 1379, 1752, 459, 1373, 547, 1606, 1004, 2808, 204, 1867]"
4288,"[736, 1196, 1968, 2000, 3071, 1961, 1674, 2001, 3526, 3360, 1124, 2114, 2926, 2420]"
4289,"[2420, 2476, 2011, 2406, 2463, 1091, 3501, 2403, 2378, 3698, 2735, 2468, 2513, 2374]"
4290,"[1213, 1358, 1639, 62, 1693, 296, 3147, 1682, 1784, 2501, 1393, 150, 1617, 1645]"
4291,"[3699, 1396, 1097, 1127, 2455, 2173, 3576, 3033, 2117, 1909, 2901, 2657, 316, 2011]"
4292,"[2571, 110, 2028, 457, 349, 480, 1356, 555, 1608, 1372, 292, 780, 1586, 353]"
4293,"[344, 1131, 3470, 3504, 1252, 858, 3730, 3741, 2511, 1235, 111, 1419, 615, 2238]"
4294,"[1333, 903, 2759, 1911, 1923, 1485, 788, 1665, 364, 1487, 2599, 647, 377, 2683]"
4296,"[913, 3174, 968, 2622, 3606, 2013, 2670, 2686, 2396, 2840, 3384, 2070, 2987, 3801]"
4297,"[1090, 3072, 1288, 1299, 1036, 1131, 1957, 1240, 2243, 1293, 1674, 1307, 1132, 1960]"
4298,"[1274, 930, 924, 2947, 680, 3168, 2949, 2857, 2160, 3668, 914, 3633, 2729, 2085]"
4299,"[1517, 587, 1777, 236, 141, 2572, 364, 140, 491, 3253, 2504, 339, 648, 1620]"
4300,"[0, 0, 1513, 1148, 2137, 741, 745, 594, 2081, 1223, 1022, 595, 2096, 1566]"
4301,"[3751, 3753, 3785, 912, 3811, 1927, 1939, 1204, 1250, 1299, 1178, 1200, 1208, 1222]"
4302,"[2110, 2376, 3422, 2405, 2468, 2717, 1373, 2408, 2642, 3206, 2471, 2259, 3408, 3185]"
4303,"[1994, 1997, 1258, 1321, 1333, 1350, 3727, 2554, 2901, 1645, 426, 1347, 2789, 3550]"
4304,"[3160, 593, 1721, 1704, 296, 2144, 36, 1584, 231, 11, 2413, 39, 6, 318]"
4305,"[1422, 543, 1461, 25, 2594, 1616, 3198, 596, 848, 2316, 1219, 3273, 2391, 1894]"
4306,"[3445, 2475, 1407, 1092, 1370, 2346, 1459, 1127, 587, 2902, 3686, 2688, 3257, 1320]"
4307,"[2028, 2248, 2858, 3481, 3566, 3578, 110, 2571, 318, 1029, 3061, 1282, 1136, 1080]"
4308,"[50, 1213, 2858, 541, 47, 1259, 1203, 1270, 1258, 608, 1387, 111, 1036, 428]"
4309,"[16, 1370, 2394, 552, 1339, 2826, 1127, 2572, 2706, 2683, 2707, 3005, 2694, 3016]"
4310,"[2406, 3578, 1479, 1225, 1207, 3916, 1291, 3865, 3328, 3535, 3753, 3624, 3300, 3744]"
4311,"[2013, 3461, 3494, 1262, 3366, 969, 1287, 3035, 3088, 1226, 3421, 3836, 1234, 3363]"
4312,"[2114, 3679, 3398, 2862, 595, 1059, 2294, 1735, 175, 319, 1293, 3683, 3949, 2764]"
4313,"[1079, 1500, 3174, 3112, 848, 1193, 1225, 912, 1207, 1213, 1263, 778, 111, 608]"
4314,"[0, 2628, 3793, 3510, 3578, 3623, 3744, 3624, 3751, 3615, 3717, 3785, 2355, 3770]"
4315,"[372, 510, 253, 481, 750, 2124, 2657, 2005, 1407, 594, 1035, 364, 3549, 2083]"
4316,"[3147, 3301, 2889, 2858, 3285, 2335, 2329, 1358, 593, 589, 2861, 36, 1704, 3476]"
4317,"[1200, 1584, 32, 1240, 1748, 1965, 1306, 2985, 968, 1580, 1215, 2872, 2174, 2968]"
4318,"[3204, 2763, 1783, 3686, 3697, 3249, 782, 2505, 3702, 3703, 2455, 2528, 1947, 594]"
4319,"[3363, 1321, 2706, 1693, 2071, 3421, 2294, 1208, 150, 1917, 3524, 2707, 1784, 3107]"
4320,"[590, 592, 1374, 3366, 2115, 1580, 733, 3699, 2006, 2470, 10, 2640, 1376, 2161]"
4321,"[3035, 3363, 1304, 1079, 2396, 1276, 1259, 2321, 3543, 3341, 1265, 2918, 2248, 2804]"
4322,"[2096, 1625, 1343, 2160, 1003, 1620, 1608, 3257, 490, 736, 3686, 292, 695, 2881]"
4323,"[2046, 2015, 3182, 1923, 3210, 223, 2797, 1297, 2596, 180, 2150, 2502, 543, 1517]"
4324,"[162, 3741, 2019, 2858, 111, 3435, 2010, 1104, 1084, 913, 1213, 1267, 1280, 750]"
4325,"[0, 0, 0, 0, 0, 0, 0, 0, 0, 0, 0, 0, 2028, 2858]"
4326,"[508, 2943, 110, 2621, 150, 1784, 1897, 16, 3186, 1392, 224, 2125, 1554, 11]"
4327,"[1259, 1287, 610, 3104, 1291, 592, 2899, 2987, 1620, 161, 2763, 1092, 3481, 2912]"
4328,"[141, 1136, 3507, 1079, 3421, 1125, 52, 2750, 348, 3506, 11, 3263, 3450, 2302]"
4329,"[1892, 1625, 1783, 1092, 2267, 1876, 2353, 454, 2058, 832, 2803, 3249, 2707, 1094]"
4330,"[3751, 715, 3307, 3037, 3152, 778, 272, 1193, 3528, 912, 1041, 1084, 318, 1545]"
4331,"[1197, 3633, 2949, 1215, 145, 3639, 3081, 1296, 454, 2000, 3052, 3638, 434, 2302]"
4332,"[0, 0, 0, 0, 0, 0, 0, 0, 0, 0, 2028, 2858, 3147, 3179]"
4333,"[1690, 1375, 1391, 2012, 2365, 435, 1779, 173, 185, 1882, 748, 1373, 2428, 1831]"
4334,"[1301, 1356, 2901, 2311, 2021, 1527, 1372, 329, 780, 1603, 316, 76, 1375, 3701]"
4335,"[1396, 2125, 364, 349, 647, 1835, 2671, 151, 1020, 2297, 1385, 3247, 1527, 2236]"
4336,"[1644, 2875, 648, 1597, 350, 1805, 695, 1783, 3081, 3499, 1645, 253, 426, 1339]"
4337,"[1985, 2668, 1762, 2097, 1130, 1320, 1690, 426, 1975, 2377, 2389, 177, 2793, 1978]"
4338,"[0, 0, 0, 0, 0, 920, 3005, 2355, 2000, 1566, 3052, 2431, 265, 3578]"
4339,"[1573, 1370, 316, 2273, 1356, 1722, 288, 1527, 2723, 3697, 1518, 1876, 1552, 780]"
4340,"[0, 0, 1617, 356, 39, 805, 3565, 3617, 3751, 223, 1213, 2291, 593, 296]"
4341,"[260, 3671, 3578, 3624, 3751, 3623, 1233, 1584, 2291, 150, 110, 647, 1747, 2688]"
4342,"[1330, 2375, 3471, 260, 2532, 1206, 3702, 1214, 3032, 2116, 2528, 2530, 2531, 2640]"
4343,"[349, 3450, 802, 3723, 1093, 2707, 2671, 2706, 1043, 1457, 3107, 231, 2889, 3274]"
4344,"[1073, 2132, 2987, 1278, 348, 585, 1414, 352, 69, 639, 663, 1485, 2539, 725]"
4345,"[1542, 3668, 932, 215, 1680, 440, 11, 3261, 1282, 1023, 1907, 1022, 1032, 2099]"
4346,"[1617, 541, 3683, 1179, 1748, 2726, 3793, 1175, 2599, 1230, 1261, 2396, 1288, 2324]"
4347,"[1711, 2700, 2706, 2490, 2690, 300, 1425, 2541, 1722, 165, 1586, 11, 1527, 500]"
4348,"[0, 0, 3361, 2291, 3271, 2858, 2997, 3052, 3175, 3081, 3147, 2976, 2889, 3155]"
4350,"[1994, 1274, 247, 3210, 1259, 104, 39, 217, 3363, 2527, 3741, 2347, 2459, 3729]"
4351,"[1375, 1616, 434, 3300, 3698, 329, 70, 2393, 1371, 1379, 1037, 208, 1918, 2617]"
4352,"[2195, 2145, 3208, 333, 708, 344, 2772, 1485, 413, 1894, 135, 2485, 1646, 153]"
4353,"[733, 1379, 2105, 3256, 1101, 2001, 3751, 3745, 3752, 3879, 3083, 3181, 3129, 3298]"
4354,"[1178, 2944, 946, 1944, 2202, 2670, 2669, 466, 3372, 3871, 3873, 910, 3735, 3741]"
4355,"[260, 1214, 2664, 541, 589, 924, 1240, 2571, 3527, 2662, 1301, 3699, 1270, 2346]"
4356,"[3471, 1965, 1921, 3033, 1676, 24, 912, 1204, 1242, 1263, 2067, 3448, 1201, 1304]"
4357,"[2671, 2006, 3, 11, 919, 2078, 1028, 1029, 594, 364, 1035, 595, 2087, 2096]"
4358,"[1784, 1241, 735, 3785, 3018, 2459, 2159, 2901, 1350, 1997, 1214, 1255, 2160, 1261]"
4359,"[1416, 318, 1286, 2, 3489, 1126, 306, 307, 308, 2106, 175, 1059, 2028, 590]"
4360,"[986, 2081, 2355, 1806, 1031, 2014, 1013, 1707, 3114, 2858, 3363, 955, 1270, 3088]"
4361,"[1031, 661, 1093, 1208, 2028, 1294, 986, 3494, 1580, 3699, 1356, 1566, 733, 2013]"
4362,"[2289, 562, 1111, 1358, 1594, 117, 1517, 97, 705, 2359, 99, 1060, 1734, 1449]"
4363,"[380, 736, 1544, 434, 158, 208, 455, 2232, 1231, 2115, 1291, 924, 2311, 1199]"
4364,"[1278, 2288, 2644, 2716, 1997, 70, 1350, 2167, 2455, 253, 1130, 3264, 1690, 1320]"
4365,"[0, 0, 0, 0, 0, 0, 0, 0, 0, 0, 0, 0, 0, 0]"
4366,"[0, 0, 1196, 110, 3386, 1197, 3052, 1244, 3034, 3633, 3809, 3639, 2746, 3814]"
4367,"[608, 678, 2019, 541, 1250, 1277, 750, 919, 1221, 1233, 1276, 1262, 1299, 2762]"
4368,"[1573, 3033, 1356, 1376, 593, 2762, 1625, 259, 1089, 1610, 1732, 161, 628, 1343]"
4369,"[1207, 3468, 2858, 1267, 3077, 1942, 1084, 3019, 1950, 1225, 1292, 3789, 1957, 1247]"
4370,"[529, 1784, 1095, 2268, 1721, 3060, 1094, 994, 16, 3752, 223, 356, 2396, 34]"
4371,"[2706, 223, 2355, 2888, 2336, 2688, 2333, 2719, 2761, 913, 2443, 2490, 24, 1513]"
4372,"[225, 265, 1196, 3067, 3422, 111, 2858, 2997, 3147, 3175, 2976, 3081, 2889, 3174]"
4373,"[1282, 2398, 3061, 2651, 920, 2644, 1066, 919, 594, 945, 2648, 2366, 1099, 936]"
4374,"[1036, 3793, 2194, 2529, 1222, 457, 2948, 3578, 2993, 592, 1220, 3702, 3441, 1580]"
4375,"[2922, 383, 3671, 553, 1343, 733, 1608, 1754, 1092, 288, 1552, 1917, 2803, 2840]"
4376,"[2762, 589, 1704, 1265, 3252, 1610, 150, 3418, 110, 2571, 1196, 1198, 3361, 3210]"
4377,"[544, 694, 485, 1744, 1438, 611, 405, 2322, 168, 1004, 3113, 849, 1499, 204]"
4378,"[1036, 1270, 1517, 1210, 1120, 555, 457, 3671, 1663, 3386, 2947, 6, 1407, 1466]"
4379,"[3267, 3552, 1206, 104, 2000, 553, 2020, 2751, 2987, 915, 1374, 1732, 3702, 1307]"
4380,"[1198, 3250, 318, 2572, 2699, 2433, 1911, 2722, 2881, 3408, 2605, 2676, 2392, 2581]"
4381,"[3614, 266, 708, 468, 597, 1479, 3378, 3516, 2710, 2336, 2959, 3115, 3578, 2690]"
4382,"[608, 296, 778, 2028, 1916, 223, 2571, 1921, 1641, 47, 3476, 1407, 288, 1909]"
4383,"[0, 0, 0, 0, 0, 0, 0, 0, 593, 356, 1099, 3052, 2858, 3186]"
4384,"[1027, 2335, 1644, 267, 3444, 3098, 1959, 1921, 3852, 3173, 3578, 2978, 2409, 2410]"
4385,"[0, 0, 0, 0, 0, 0, 0, 0, 0, 1617, 2858, 2997, 3052, 3176]"
4386,"[3114, 1639, 3623, 3755, 3408, 3536, 2609, 1631, 3554, 3896, 3510, 1666, 3617, 3457]"
4387,"[3060, 488, 381, 2959, 1758, 647, 1268, 832, 3145, 154, 745, 2336, 1104, 1223]"
4388,"[225, 1619, 2334, 105, 1909, 786, 2803, 1372, 1092, 280, 1422, 852, 1805, 2490]"
4389,"[1968, 2474, 1302, 3591, 2858, 2599, 1, 2321, 223, 3263, 3358, 514, 543, 3052]"
4390,"[1500, 104, 356, 2355, 587, 144, 2706, 2861, 141, 500, 2694, 539, 2889, 2424]"
4391,"[2505, 408, 2133, 2123, 3250, 1225, 2858, 2329, 2706, 1693, 1688, 3421, 1208, 150]"
4392,"[0, 0, 0, 0, 0, 0, 1127, 253, 2826, 19, 344, 1200, 2748, 2706]"
4393,"[0, 0, 0, 0, 0, 1500, 1200, 1210, 832, 2858, 1061, 3298, 104, 2571]"
4394,"[0, 902, 2812, 1961, 543, 1213, 2858, 2572, 2706, 2997, 2683, 2707, 3005, 2694]"
4395,"[0, 0, 0, 0, 0, 0, 2405, 353, 480, 292, 2571, 1608, 589, 110]"
4396,"[0, 0, 0, 2023, 1299, 50, 1227, 3019, 1213, 112, 2427, 1610, 3114, 1265]"
4397,"[2707, 2710, 223, 1093, 3578, 2716, 2333, 2502, 24, 2396, 3081, 2700, 2762, 2763]"
4398,"[0, 0, 0, 0, 1721, 1013, 1101, 1203, 356, 838, 2248, 914, 2858, 3448]"
4399,"[0, 0, 0, 0, 0, 356, 2136, 1197, 2671, 1, 3114, 364, 2087, 1028]"
4400,"[2136, 1608, 380, 1393, 1094, 377, 1408, 356, 2671, 266, 2125, 11, 605, 2424]"
4401,"[1277, 1610, 2944, 2947, 1291, 3104, 377, 465, 1374, 1954, 2949, 1210, 1200, 2640]"
4402,"[0, 0, 0, 356, 2405, 1270, 3844, 3809, 3160, 2154, 1092, 1221, 318, 953]"
4403,"[1374, 2985, 2691, 2858, 1148, 745, 527, 608, 1912, 1617, 2761, 593, 1213, 2289]"
4404,"[253, 81, 1762, 539, 1876, 344, 784, 333, 2271, 1783, 719, 2389, 542, 2840]"
4405,"[898, 903, 296, 260, 1193, 750, 942, 720, 527, 1080, 950, 2804, 1196, 50]"
4406,"[296, 1956, 2366, 2028, 1136, 111, 1023, 955, 2917, 3468, 1258, 1304, 2321, 1394]"
4407,"[1821, 2861, 3247, 316, 2387, 511, 1799, 31, 724, 414, 1027, 1895, 2060, 1461]"
4408,"[2349, 3448, 1289, 2734, 2455, 3526, 2081, 2757, 2467, 2474, 2240, 3684, 2466, 3706]"
4409,"[3185, 2700, 2762, 3114, 3793, 2987, 2600, 3108, 1923, 34, 1265, 1, 2542, 1641]"
4410,"[1270, 2073, 1916, 50, 3095, 527, 1148, 3751, 593, 1193, 260, 1617, 2804, 2858]"
4411,"[2083, 2605, 3911, 3914, 2289, 72, 1292, 3035, 1948, 3284, 2133, 3264, 3388, 1362]"
4412,"[2012, 1777, 1835, 2763, 2124, 1552, 1799, 2539, 2694, 2502, 1883, 292, 780, 2706]"
4413,"[0, 0, 0, 3792, 1961, 3072, 1929, 1952, 2706, 3543, 2881, 2605, 913, 1959]"
4414,"[586, 2424, 70, 317, 2302, 1485, 514, 597, 368, 2889, 539, 7, 2447, 2496]"
4415,"[858, 589, 2571, 1036, 1197, 1242, 457, 1240, 1291, 1206, 2916, 3527, 480, 1909]"
4416,"[1246, 3360, 3253, 147, 1785, 1073, 1302, 3052, 1466, 1517, 1954, 2921, 2194, 3271]"
4417,"[3729, 1527, 2640, 1754, 2985, 2115, 2193, 2628, 2001, 533, 1608, 145, 2427, 1101]"
4418,"[2730, 3671, 1125, 3588, 3421, 3702, 2779, 2511, 2923, 2177, 3554, 3948, 2890, 926]"
4419,"[0, 0, 0, 0, 0, 0, 0, 0, 0, 0, 1968, 3510, 3755, 3798]"
4420,"[1256, 903, 904, 913, 2936, 260, 3807, 2640, 1073, 3771, 2116, 2528, 1009, 2013]"
4421,"[0, 0, 0, 0, 0, 0, 0, 1230, 1242, 1292, 105, 2178, 2617, 111]"
4422,"[1291, 1210, 1288, 1663, 3361, 2987, 2248, 2000, 2761, 527, 593, 1213, 296, 2396]"
4423,"[1617, 3069, 608, 1197, 1278, 1387, 1358, 2788, 3468, 593, 1214, 1317, 2791, 1208]"
4424,"[858, 2019, 1912, 1214, 1233, 1304, 1198, 493, 1387, 1200, 589, 3418, 3153, 2924]"
4425,"[1333, 922, 154, 926, 1213, 1952, 1704, 508, 778, 1286, 3148, 2071, 1394, 905]"
4426,"[1292, 3114, 1265, 955, 1278, 1230, 1304, 1244, 921, 2384, 2863, 3200, 1234, 2973]"
4427,"[0, 0, 0, 0, 0, 0, 0, 1302, 50, 231, 3178, 1610, 457, 1]"
4428,"[2003, 2617, 1339, 3016, 70, 735, 799, 3051, 2858, 2706, 2683, 2707, 3005, 2694]"
4429,"[541, 1900, 3415, 306, 1024, 971, 1217, 864, 926, 2848, 3470, 1199, 50, 1208]"
4430,"[1060, 1923, 352, 497, 1279, 1517, 1845, 52, 2282, 2318, 3261, 342, 492, 357]"
4431,"[1193, 50, 1225, 527, 47, 2435, 2820, 1203, 1281, 1206, 296, 1219, 1199, 2348]"
4432,"[2969, 914, 937, 1183, 446, 1721, 902, 916, 2943, 915, 1639, 1680, 2130, 377]"
4433,"[1233, 1250, 527, 2944, 1222, 1272, 1090, 2028, 2951, 3681, 2922, 1283, 3671, 3682]"
4434,"[1304, 3147, 2997, 3763, 1197, 3809, 1587, 3102, 3608, 2302, 3081, 454, 3298, 3846]"
4435,"[3298, 2959, 529, 454, 3179, 3078, 1127, 2572, 2997, 2706, 3005, 2541, 2975, 2771]"
4436,"[2137, 1029, 2078, 2018, 364, 1405, 610, 2116, 541, 1344, 1748, 1783, 903, 904]"
4437,"[2567, 587, 2406, 3591, 3144, 3147, 3082, 1198, 1214, 1240, 1954, 1291, 1387, 474]"
4438,"[1291, 3039, 1222, 1663, 1673, 163, 3771, 3619, 3104, 1517, 2670, 1125, 2355, 1374]"
4439,"[0, 0, 1210, 2134, 1270, 1073, 3301, 3082, 2710, 2355, 1911, 1093, 2716, 785]"
4440,"[3366, 1207, 3152, 3359, 3471, 3037, 1955, 593, 1213, 3347, 60, 1407, 366, 2514]"
4441,"[0, 0, 0, 0, 0, 0, 0, 0, 0, 912, 1393, 1078, 3174, 2889]"
4442,"[3811, 1948, 3467, 2132, 1207, 1952, 1247, 3654, 1304, 2300, 924, 1023, 914, 2863]"
4443,"[3022, 3307, 2300, 1948, 1265, 3632, 3421, 1136, 918, 919, 938, 3545, 899, 2971]"
4444,"[2599, 1093, 2959, 2605, 2580, 2805, 3219, 2598, 2762, 2763, 2987, 260, 1196, 1198]"
4445,"[3081, 780, 736, 3301, 3840, 3000, 2858, 2966, 47, 1282, 2312, 2791, 3512, 3556]"
4446,"[2761, 3213, 2355, 1032, 3034, 588, 661, 2294, 1025, 558, 858, 1242, 555, 1220]"
4447,"[954, 3090, 1208, 3006, 3134, 1939, 3359, 3742, 3152, 1080, 1136, 3545, 1263, 1272]"
4448,"[2178, 3563, 1834, 3897, 1449, 431, 2361, 2858, 3318, 337, 1029, 3949, 3408, 1907]"
4449,"[2427, 3448, 1586, 466, 2396, 1247, 2761, 3250, 2437, 1209, 3176, 3827, 3148, 3863]"
4450,"[1479, 1104, 2594, 541, 3175, 3703, 32, 1240, 1215, 2664, 3471, 1374, 1129, 2009]"
4451,"[1639, 1228, 147, 1635, 1095, 524, 994, 1594, 2076, 1955, 1678, 1120, 16, 1673]"
4452,"[2167, 1183, 351, 1343, 151, 1042, 261, 2976, 1356, 2671, 1747, 1268, 480, 266]"
4453,"[0, 0, 0, 3052, 3101, 2959, 3629, 1304, 2302, 3147, 1639, 1732, 1374, 1077]"
4454,"[1179, 2159, 164, 47, 555, 2425, 1805, 1645, 3266, 3272, 589, 2571, 2916, 1215]"
4455,"[223, 2355, 3543, 2712, 2716, 913, 2723, 1959, 2692, 2395, 2396, 2762, 3114, 3793]"
4456,"[2064, 2859, 206, 1191, 2677, 556, 3545, 3549, 899, 3061, 1947, 1288, 2303, 1081]"
4457,"[162, 1797, 2064, 1050, 1865, 296, 608, 3019, 2511, 1912, 1034, 3735, 2872, 2138]"
4458,"[1073, 2078, 180, 1220, 912, 3181, 2159, 1982, 968, 1997, 1258, 1339, 3264, 2781]"
4459,"[1449, 39, 1517, 342, 101, 574, 1875, 45, 2759, 671, 3253, 1784, 1580, 1732]"
4460,"[216, 2335, 1468, 1753, 2889, 520, 19, 589, 2571, 2028, 480, 2763, 1573, 780]"
4461,"[2081, 2294, 2089, 1907, 364, 783, 2700, 610, 2189, 1566, 1205, 3213, 3396, 551]"
4462,"[0, 0, 0, 0, 3267, 3793, 3623, 2261, 2706, 2683, 3005, 223, 913, 2598]"
4463,"[0, 0, 0, 0, 0, 902, 3244, 2639, 3795, 1193, 3167, 1873, 3250, 608]"
4464,"[0, 0, 0, 0, 0, 0, 0, 0, 0, 0, 0, 593, 1086, 3751]"
4465,"[2313, 1230, 2360, 3089, 1719, 1185, 265, 306, 308, 1635, 924, 1625, 1645, 3822]"
4466,"[3649, 1221, 858, 1252, 1193, 1244, 1292, 3037, 1136, 3551, 3135, 2921, 1234, 3733]"
4467,"[2716, 3927, 1017, 122, 3258, 410, 1077, 356, 2779, 909, 3039, 2432, 1588, 1936]"
4468,"[593, 3095, 151, 1873, 1357, 1608, 474, 349, 3256, 2000, 2001, 903, 904, 942]"
4469,"[3160, 902, 2019, 599, 3037, 3093, 3467, 1201, 3365, 1214, 3471, 1240, 1965, 2968]"
4470,"[318, 3598, 527, 1221, 1704, 1090, 953, 1302, 3844, 150, 2739, 2872, 2312, 3071]"
4471,"[3552, 2150, 2371, 176, 1449, 1682, 2108, 2268, 1393, 1923, 441, 25, 1870, 101]"
4472,"[2762, 3505, 2819, 1625, 1892, 2353, 3101, 1092, 3102, 2803, 1422, 3445, 1686, 494]"
4473,"[2067, 914, 2969, 3634, 1028, 2085, 902, 2951, 3296, 2764, 1963, 1035, 1010, 1018]"
4474,"[296, 1234, 3362, 1953, 1084, 293, 1179, 1227, 1466, 2194, 2917, 1729, 6, 47]"
4475,"[1265, 1617, 589, 1584, 2916, 1653, 1527, 1580, 2628, 480, 1396, 1909, 329, 198]"
4476,"[3702, 924, 3471, 1965, 1077, 1215, 1301, 1306, 198, 24, 2968, 1527, 1748, 2495]"
4477,"[541, 3471, 2968, 1580, 2011, 2901, 3698, 3699, 1376, 2407, 2046, 316, 2012, 3269]"
4478,"[1282, 2716, 593, 265, 1285, 910, 1295, 3920, 1947, 3033, 2413, 2717, 1279, 500]"
4479,"[2028, 2529, 2532, 2947, 1220, 1222, 3726, 3769, 3104, 2948, 2951, 3639, 919, 260]"
4480,"[1095, 307, 1096, 111, 1252, 1267, 1339, 1258, 1974, 1982, 1997, 1219, 1247, 3703]"
4481,"[2628, 480, 2617, 736, 2858, 2396, 593, 50, 1358, 2762, 3476, 3147, 1407, 1339]"
4482,"[3044, 1197, 589, 1210, 2883, 1193, 2858, 2908, 3363, 3148, 595, 2997, 2718, 3510]"
4483,"[16, 3271, 261, 1711, 1620, 1888, 253, 3270, 2849, 2504, 2692, 25, 1265, 293]"
4484,"[3044, 3256, 2671, 506, 1271, 3253, 1191, 261, 300, 497, 2394, 357, 1356, 837]"
4485,"[2268, 588, 3426, 3809, 2596, 2302, 521, 165, 1513, 781, 141, 3450, 1527, 180]"
4487,"[2058, 474, 6, 1580, 2278, 1754, 1527, 353, 2628, 1722, 3082, 2490, 648, 2167]"
4488,"[1219, 1278, 2648, 1340, 1350, 1321, 1348, 1994, 2644, 2553, 1982, 2654, 904, 913]"
4489,"[529, 307, 2664, 919, 2501, 2944, 1249, 778, 3949, 2716, 308, 1287, 2064, 1387]"
4490,"[1217, 3654, 1090, 1208, 1222, 1294, 1299, 110, 1183, 356, 1263, 1619, 3448, 3519]"
4491,"[802, 2541, 1515, 2540, 1833, 3477, 765, 368, 112, 2490, 2723, 1858, 1792, 379]"
4492,"[0, 0, 0, 0, 1198, 2161, 3145, 2644, 2858, 2706, 3516, 2997, 2707, 223]"
4493,"[0, 0, 0, 1097, 954, 916, 945, 2208, 955, 912, 923, 930, 951, 898]"
4494,"[951, 3341, 1197, 1968, 2239, 50, 296, 2361, 2721, 922, 926, 949, 1193, 1254]"
4495,"[1221, 858, 2023, 589, 260, 2571, 32, 1206, 1214, 1240, 1073, 10, 2997, 2450]"
4496,"[1627, 111, 904, 3300, 3535, 1921, 288, 190, 3510, 2617, 3566, 3578, 3793, 1535]"
4497,"[3251, 3932, 2633, 2644, 2648, 2649, 1340, 2366, 920, 976, 950, 2219, 919, 954]"
4498,"[3256, 2006, 1408, 3178, 349, 1580, 10, 380, 1049, 1676, 1183, 356, 1094, 647]"
4499,"[912, 527, 1250, 1242, 356, 1210, 647, 246, 3361, 1302, 2861, 1945, 866, 457]"
4500,"[0, 0, 0, 0, 0, 0, 0, 0, 0, 0, 1230, 1193, 3174, 2997]"
4501,"[1965, 3070, 1198, 1218, 3265, 858, 555, 2949, 1222, 1201, 2944, 1291, 2924, 2947]"
4502,"[3681, 599, 3508, 1209, 2951, 1266, 3494, 2401, 1378, 899, 2976, 1, 2324, 223]"
4503,"[3629, 1304, 3653, 3163, 1230, 1235, 1296, 1244, 3632, 3599, 2181, 3147, 2746, 2355]"
4504,"[0, 260, 3660, 1380, 2762, 1215, 2617, 2722, 593, 1258, 1101, 1721, 2424, 597]"
4505,"[2409, 2520, 2522, 2524, 2819, 2871, 2527, 3551, 1214, 1252, 3204, 3015, 3445, 2851]"
4506,"[898, 1284, 1029, 953, 1269, 3334, 3792, 596, 931, 941, 897, 2018, 2654, 2398]"
4507,"[1206, 3702, 3033, 593, 47, 2353, 3147, 1294, 527, 1224, 1090, 151, 3448, 3053]"
4508,"[3000, 2617, 680, 3943, 735, 3696, 1988, 2482, 1449, 390, 1079, 104, 1777, 663]"
4509,"[1732, 1343, 3168, 1753, 1396, 1641, 1784, 2918, 2712, 2841, 2527, 1246, 2423, 1805]"
4510,"[355, 2354, 1750, 2092, 1489, 374, 1460, 3400, 2828, 2142, 2162, 126, 546, 631]"
4511,"[3197, 2990, 2529, 1201, 2944, 2947, 2948, 2951, 2365, 968, 2160, 1219, 1333, 2782]"
4512,"[1250, 3654, 110, 1408, 2890, 1090, 1208, 1262, 161, 3441, 356, 1200, 3066, 647]"
4513,"[1198, 3623, 3798, 3753, 1513, 1923, 318, 593, 2112, 337, 628, 58, 1343, 2762]"
4514,"[1997, 1333, 1339, 2160, 1350, 2003, 2167, 2614, 1407, 1215, 2459, 2120, 1969, 2367]"
4515,"[0, 1013, 260, 500, 912, 1198, 899, 920, 969, 1247, 2067, 265, 919, 1254]"
4516,"[1213, 296, 2890, 2028, 1411, 1060, 778, 150, 235, 1245, 1704, 628, 16, 1682]"
4517,"[3421, 1125, 2329, 3457, 50, 923, 919, 928, 1219, 899, 1961, 1584, 2087, 223]"
4518,"[1274, 364, 2987, 1282, 588, 594, 595, 596, 2080, 2355, 2018, 2078, 2085, 2087]"
4519,"[1019, 965, 2505, 1459, 1127, 932, 969, 3206, 412, 1608, 2791, 1214, 3701, 910]"
4520,"[1327, 1320, 382, 2513, 2120, 3918, 2367, 2459, 2717, 1644, 2107, 1263, 1500, 2366]"
4521,"[1785, 1387, 1340, 1301, 2648, 922, 954, 940, 1304, 1635, 1036, 3504, 1079, 924]"
4522,"[2347, 2028, 3062, 2288, 2891, 3129, 3183, 3897, 3911, 3408, 2769, 3578, 3948, 3893]"
4523,"[2406, 2990, 3519, 2529, 2947, 969, 2662, 2398, 908, 1304, 1247, 1207, 1250, 3471]"
4524,"[1257, 2455, 3526, 2915, 1258, 3552, 1246, 2288, 1321, 592, 2867, 2414, 1297, 1347]"
4525,"[0, 0, 0, 0, 0, 0, 0, 1245, 2395, 2023, 1204, 527, 1196, 356]"
4526,"[1224, 1228, 1199, 1231, 1299, 3223, 3068, 1185, 1218, 1293, 1189, 1957, 3683, 3090]"
4527,"[0, 0, 0, 0, 0, 0, 0, 0, 1210, 1051, 1196, 3578, 3617, 3623]"
4528,"[1291, 1810, 1966, 417, 1836, 3751, 3481, 3893, 3753, 3148, 3160, 3623, 2734, 2396]"
4529,"[2734, 2987, 1214, 1219, 1278, 2648, 1997, 1387, 2553, 1333, 1347, 3476, 1982, 1350]"
4530,"[930, 1148, 910, 898, 899, 2731, 669, 2208, 296, 1, 2973, 908, 50, 1041]"
4531,"[720, 1223, 910, 296, 608, 1179, 50, 1617, 1213, 3481, 3241, 1699, 3781, 926]"
4532,"[1573, 1597, 2628, 1687, 457, 110, 1518, 10, 780, 1608, 1722, 2763, 736, 165]"
4533,"[2762, 1101, 370, 3020, 3256, 457, 1036, 1923, 2700, 2702, 2100, 1097, 733, 3408]"
4534,"[2404, 3052, 3081, 3082, 593, 2571, 50, 1617, 457, 2762, 2707, 733, 165, 349]"
4535,"[2457, 2115, 3107, 316, 2613, 1370, 1552, 780, 3628, 165, 2006, 3082, 1375, 163]"
4536,"[3250, 110, 593, 3598, 2571, 2692, 1197, 1214, 858, 1221, 296, 1213, 2762, 1240]"
4537,"[0, 0, 0, 1721, 2423, 1299, 1961, 3809, 1230, 2067, 2130, 2108, 1357, 1307]"
4538,"[0, 0, 0, 2731, 2351, 3089, 527, 2238, 1296, 557, 3462, 1251, 924, 296]"
4539,"[0, 0, 3804, 2706, 3421, 3210, 2917, 2599, 2262, 3812, 3361, 3688, 3689, 3690]"
4540,"[2716, 1172, 1663, 1307, 3361, 3552, 1968, 2791, 2797, 3039, 1220, 1257, 2301, 2144]"
4541,"[1198, 260, 2571, 2948, 1210, 2115, 780, 2628, 3082, 3033, 586, 2393, 1907, 2082]"
4542,"[0, 0, 260, 2858, 2997, 3129, 3060, 3481, 2396, 2599, 50, 2357, 1230, 1252]"
4543,"[3794, 1178, 2844, 1201, 1299, 1946, 1256, 1203, 2966, 1295, 3949, 1272, 3327, 3008]"
4544,"[793, 2820, 3224, 2351, 2360, 978, 919, 1095, 2731, 3334, 154, 1914, 926, 2624]"
4545,"[1961, 110, 1663, 2706, 2710, 2881, 2605, 2688, 785, 24, 2013, 260, 2628, 1408]"
4546,"[32, 1358, 1036, 1196, 1213, 1387, 1258, 919, 3498, 1961, 1259, 3683, 3505, 1240]"
4547,"[0, 0, 0, 0, 0, 0, 0, 0, 0, 0, 0, 0, 0, 0]"
4548,"[0, 0, 0, 0, 0, 0, 0, 0, 0, 0, 0, 0, 0, 0]"
4549,"[0, 0, 0, 0, 0, 0, 0, 0, 0, 356, 397, 1407, 3081, 724]"
4550,"[0, 0, 0, 0, 733, 2273, 2858, 2706, 2683, 3005, 2694, 2710, 2605, 2861]"
4551,"[3462, 858, 2019, 3730, 3533, 903, 1217, 924, 1204, 3201, 1546, 1214, 3468, 1224]"
4552,"[1801, 2763, 1480, 1608, 494, 1370, 3418, 2028, 318, 593, 2501, 448, 527, 1358]"
4553,"[1372, 1373, 1374, 1375, 2393, 364, 2423, 1148, 1223, 745, 34, 1, 3629, 1079]"
4554,"[0, 0, 0, 0, 0, 0, 0, 0, 0, 788, 454, 356, 923, 3095]"
4555,"[2485, 339, 1888, 2506, 2724, 736, 48, 207, 378, 237, 3257, 1556, 3615, 3623]"
4556,"[3097, 1939, 3606, 1942, 3334, 1029, 918, 2398, 2018, 3095, 1936, 2571, 3717, 2804]"
4557,"[778, 58, 1673, 994, 2336, 800, 617, 2395, 1788, 851, 997, 1483, 2708, 567]"
4558,"[0, 0, 837, 2352, 2023, 3424, 2194, 1302, 1127, 2355, 1911, 2676, 968, 1513]"
4559,"[1278, 1244, 1294, 2289, 947, 1394, 1223, 1265, 1080, 3671, 1304, 2788, 1175, 1235]"
4560,"[1393, 1466, 3039, 2916, 1302, 2176, 3135, 3508, 1472, 919, 923, 1200, 910, 553]"
4561,"[2996, 2709, 524, 62, 2433, 661, 491, 376, 1608, 2628, 2092, 2394, 1689, 468]"
4562,"[1198, 1270, 1291, 1957, 1961, 2797, 1663, 3045, 2589, 3260, 1296, 3897, 3911, 2770]"
4563,"[1079, 2918, 2144, 1968, 2174, 1958, 3448, 2858, 3114, 1923, 2396, 2599, 1265, 527]"
4564,"[0, 0, 778, 111, 3022, 858, 3114, 1213, 527, 1148, 3468, 3362, 541, 720]"
4565,"[916, 2692, 1264, 3751, 2762, 50, 1238, 2396, 527, 589, 866, 1249, 293, 3006]"
4566,"[2081, 661, 1025, 783, 2140, 1919, 2354, 3479, 2872, 2105, 2143, 1967, 2021, 451]"
4567,"[555, 1597, 89, 2723, 3481, 3556, 1244, 2959, 1639, 1078, 3608, 3174, 3175, 3809]"
4568,"[2628, 3699, 1196, 1270, 2011, 2012, 1608, 451, 586, 920, 2054, 905, 2115, 1291]"
4569,"[2490, 353, 2334, 1488, 288, 494, 1769, 2763, 2617, 1687, 2002, 1552, 1586, 1385]"
4570,"[0, 0, 0, 1617, 1375, 1961, 2076, 3604, 1387, 1732, 3622, 3608, 3606, 2000]"
4571,"[1722, 2167, 1268, 2617, 2677, 2699, 1835, 1645, 500, 805, 1370, 1608, 597, 380]"
4572,"[587, 3255, 11, 2124, 1042, 38, 310, 2053, 239, 1485, 1888, 351, 1367, 2392]"
4573,"[3168, 235, 2291, 2313, 1129, 1997, 3038, 608, 1302, 3108, 3308, 3770, 3723, 3733]"
4574,"[2336, 1411, 319, 373, 441, 2324, 2571, 778, 2341, 2291, 1095, 1449, 1466, 1050]"
4575,"[3022, 907, 916, 951, 1824, 3446, 3491, 1148, 3349, 2774, 583, 2864, 1910, 2937]"
4576,"[0, 0, 2122, 1961, 1036, 1097, 1967, 2085, 1367, 409, 2015, 940, 3206, 588]"
4577,"[904, 3801, 1086, 913, 1269, 1283, 2951, 1304, 3494, 2922, 902, 1247, 1380, 1307]"
4578,"[434, 479, 81, 216, 1191, 3897, 3911, 3948, 2761, 1493, 1266, 1179, 3129, 2268]"
4579,"[2351, 1377, 3627, 2579, 492, 551, 3203, 1267, 2084, 1913, 2289, 2278, 3871, 318]"
4580,"[2243, 1079, 1197, 2973, 2349, 2352, 3685, 612, 1188, 1966, 2927, 1235, 1244, 1296]"
4581,"[1079, 2150, 2918, 3039, 1220, 3397, 3104, 2797, 2000, 2406, 2407, 2110, 3552, 3591]"
4582,"[1196, 1036, 2194, 1220, 1374, 2529, 2662, 3104, 2640, 592, 2406, 1356, 218, 923]"
4583,"[0, 0, 0, 858, 1196, 908, 1035, 3468, 1221, 3148, 1242, 1250, 1293, 1226]"
4584,"[905, 3089, 3468, 1254, 1267, 3038, 910, 3095, 1284, 1694, 2761, 1041, 955, 2203]"
4585,"[1405, 631, 3658, 3726, 2366, 1220, 1218, 3082, 1232, 2905, 1270, 1196, 1197, 3578]"
4586,"[1148, 745, 3307, 1276, 1265, 3421, 1079, 910, 1288, 3362, 34, 1136, 3671, 2791]"
4587,"[0, 0, 0, 0, 0, 0, 593, 1252, 3578, 955, 1188, 17, 2858, 2997]"
4588,"[1923, 2081, 1485, 2671, 2100, 2424, 3448, 1580, 1265, 1393, 1721, 587, 1569, 597]"
4589,"[2064, 2915, 1235, 1060, 3819, 1234, 3361, 1747, 1270, 39, 3060, 2150, 1285, 3072]"
4590,"[493, 2028, 1584, 319, 3060, 1704, 32, 261, 2677, 2248, 1307, 1211, 1101, 2145]"
4591,"[3105, 3471, 1277, 1500, 296, 2406, 2194, 1136, 2761, 858, 1084, 1060, 3481, 2949]"
4592,"[3578, 3007, 3052, 3186, 2966, 2997, 3081, 3163, 3079, 1196, 2571, 1103, 2596, 909]"
4593,"[3362, 1247, 1441, 224, 645, 3578, 3897, 3855, 3753, 3746, 3952, 3186, 3893, 3357]"
4594,"[3555, 3404, 969, 260, 1198, 1196, 2947, 457, 1291, 1610, 3062, 2991, 110, 1374]"
4595,"[2804, 1203, 908, 318, 1224, 1288, 3730, 593, 1244, 111, 3386, 3019, 3068, 3468]"
4596,"[3412, 2145, 2146, 2105, 2639, 1088, 3693, 2163, 3524, 1378, 2405, 3399, 1330, 2450]"
4597,"[0, 0, 0, 0, 0, 0, 0, 0, 0, 1270, 480, 1127, 2771, 2605]"
4598,"[3782, 1945, 3038, 3068, 1254, 3681, 2728, 914, 1873, 3678, 1333, 940, 480, 1923]"
4599,"[2077, 2137, 362, 2083, 986, 1197, 1234, 1270, 1304, 2396, 356, 1256, 1259, 1265]"
4600,"[2391, 908, 1197, 2858, 2841, 1193, 3498, 2975, 318, 1274, 2725, 2502, 799, 356]"
4601,"[673, 168, 3098, 1090, 1302, 2000, 1097, 1961, 318, 593, 149, 527, 608, 2959]"
4602,"[3250, 296, 2908, 1966, 778, 2391, 1171, 3253, 3386, 1060, 2439, 21, 32, 357]"
4603,"[594, 914, 919, 595, 3545, 1032, 1081, 969, 1240, 457, 1304, 1291, 1036, 1197]"
4604,"[3617, 3897, 1307, 858, 1221, 260, 1196, 1213, 1225, 1198, 2918, 1968, 2081, 2795]"
4605,"[1682, 1095, 3147, 1914, 337, 590, 431, 529, 2427, 428, 3176, 3386, 3160, 2171]"
4606,"[597, 2694, 1265, 1784, 2491, 2355, 1777, 3175, 2706, 2572, 1569, 2424, 2671, 2485]"
4607,"[3019, 3683, 3006, 2303, 1231, 1694, 2859, 1090, 954, 3949, 2313, 2020, 922, 933]"
4608,"[468, 708, 371, 2671, 3044, 3176, 1617, 800, 1625, 3386, 1909, 350, 2890, 1183]"
4609,"[1136, 1080, 2788, 1292, 2657, 3751, 3578, 3755, 3300, 3354, 345, 509, 715, 1967]"
4610,"[1292, 1265, 3727, 1500, 1968, 1278, 2788, 1080, 39, 799, 2918, 671, 2174, 351]"
4611,"[922, 3361, 1198, 1207, 1277, 1136, 1189, 3148, 3481, 778, 915, 901, 902, 914]"
4612,"[912, 1269, 3751, 3578, 3623, 3125, 3079, 483, 1411, 41, 2336, 953, 892, 3668]"
4613,"[217, 640, 1515, 1644, 3257, 436, 463, 185, 132, 3063, 2806, 79, 2338, 338]"
4614,"[0, 0, 0, 3072, 1230, 1252, 3148, 2236, 1183, 457, 2357, 3083, 2621, 2750]"
4615,"[778, 2890, 1594, 1682, 1179, 1354, 1885, 1357, 529, 45, 3418, 1584, 1051, 1729]"
4616,"[2858, 2997, 608, 1199, 1304, 1387, 1625, 2687, 1732, 2000, 3174, 3812, 736, 1221]"
4617,"[318, 527, 457, 589, 2571, 628, 587, 1608, 1573, 2396, 377, 39, 1721, 11]"
4618,"[741, 2288, 1206, 1653, 3300, 1748, 1097, 2968, 198, 3702, 1274, 2455, 1129, 1573]"
4619,"[1211, 708, 2171, 509, 1569, 534, 2469, 2671, 1290, 3244, 1101, 2145, 1441, 287]"
4620,"[2699, 2710, 223, 2355, 1093, 3408, 2580, 2716, 2690, 2502, 2581, 2709, 2723, 2394]"
4621,"[2455, 32, 1129, 2916, 1580, 2985, 3699, 748, 2094, 2105, 172, 3755, 3408, 3328]"
4622,"[0, 0, 0, 0, 0, 0, 0, 0, 1210, 1270, 1610, 260, 648, 2423]"
4623,"[1127, 2683, 2699, 2707, 2433, 2694, 2771, 3203, 2369, 3578, 2605, 2716, 2690, 3717]"
4624,"[497, 1408, 2125, 356, 440, 7, 468, 2424, 2875, 2804, 3861, 2723, 2770, 3948]"
4625,"[2468, 589, 3175, 2571, 2916, 480, 1748, 1876, 1527, 2628, 788, 435, 1201, 3508]"
4626,"[1246, 1293, 2020, 2194, 3169, 1674, 2001, 1302, 3791, 3684, 2370, 3701, 3471, 1208]"
4627,"[2352, 1081, 2406, 3087, 3104, 3552, 3397, 1220, 3685, 2247, 2470, 2111, 3501, 2423]"
4628,"[0, 0, 0, 0, 0, 0, 0, 0, 0, 1832, 3247, 527, 2433, 2881]"
4629,"[0, 0, 0, 0, 1821, 489, 2628, 2858, 3147, 3176, 2683, 2355, 2716, 2690]"
4630,"[593, 1196, 2023, 1640, 356, 527, 3515, 2324, 2396, 1914, 2858, 232, 2321, 1175]"
4631,"[1147, 162, 824, 2732, 1228, 908, 788, 1097, 922, 1333, 2303, 903, 800, 2583]"
4632,"[1079, 2987, 2716, 2150, 1293, 1957, 1264, 1270, 1307, 1962, 2917, 2194, 2915, 1220]"
4633,"[1033, 1416, 661, 3156, 1580, 2628, 589, 2571, 1882, 1544, 2498, 2986, 986, 317]"
4634,"[176, 1885, 1147, 3418, 260, 1233, 1240, 3703, 2028, 377, 3654, 3527, 2006, 590]"
4635,"[1030, 866, 206, 260, 1387, 1214, 1997, 2137, 1206, 1073, 3034, 1982, 2657, 1388]"
4637,"[141, 1488, 2269, 3697, 2002, 79, 1367, 2421, 432, 2052, 153, 3698, 1582, 2854]"
4638,"[0, 0, 0, 0, 0, 0, 0, 1097, 1704, 1, 2090, 2139, 616, 2194]"
4639,"[3363, 1197, 1235, 1244, 2395, 2791, 994, 3793, 3510, 3512, 648, 3861, 3068, 1639]"
4640,"[1097, 1073, 2167, 3916, 3751, 3948, 1, 1584, 593, 2000, 2081, 1291, 353, 1148]"
4641,"[1148, 2324, 348, 1265, 2289, 1, 1885, 1500, 1171, 1537, 1542, 1910, 2599, 223]"
4642,"[1198, 1676, 2710, 2716, 2700, 260, 1196, 1193, 318, 1200, 296, 589, 1240, 1210]"
4643,"[39, 1653, 2302, 2427, 6, 440, 101, 1883, 1449, 1546, 2693, 1845, 2891, 1527]"
4644,"[2951, 3681, 1304, 3494, 3819, 1394, 1197, 1238, 3361, 1079, 1307, 2826, 2710, 2369]"
4645,"[1721, 2100, 1944, 3685, 915, 976, 224, 3528, 440, 2875, 2941, 838, 539, 1393]"
4646,"[0, 0, 0, 0, 260, 1210, 2858, 3147, 3186, 2889, 3176, 3408, 3578, 3753]"
4647,"[3943, 3949, 2930, 2359, 3514, 538, 2284, 1249, 534, 1670, 3794, 3327, 678, 2692]"
4648,"[3565, 2706, 2694, 2710, 2881, 3408, 2688, 2676, 913, 3174, 2709, 2574, 2394, 2724]"
4649,"[3035, 1178, 1939, 1944, 1224, 1233, 1262, 750, 969, 3811, 1927, 2944, 920, 1936]"
4650,"[593, 2762, 1265, 3270, 356, 1291, 858, 2159, 2795, 1, 453, 1682, 457, 1302]"
4651,"[1234, 3554, 246, 2330, 162, 1147, 1192, 363, 206, 1111, 2129, 99, 116, 3281]"
4652,"[2804, 3359, 1276, 2858, 1617, 1354, 1719, 593, 1734, 1957, 541, 608, 745, 2946]"
4653,"[2289, 2329, 2610, 800, 3160, 1673, 1784, 3100, 3271, 300, 1401, 2268, 1834, 3255]"
4654,"[1259, 986, 2987, 3175, 1617, 841, 594, 2565, 3545, 1247, 265, 1885, 497, 1806]"
4655,"[2012, 2641, 1375, 3033, 2628, 1876, 2311, 1917, 1374, 3527, 3730, 3114, 34, 1234]"
4656,"[1049, 2628, 353, 252, 435, 316, 3254, 1339, 586, 585, 3020, 378, 1405, 1479]"
4657,"[1233, 527, 1183, 1299, 1090, 1262, 3654, 2028, 58, 608, 50, 589, 457, 2571]"
4658,"[1954, 1222, 474, 3104, 2427, 3256, 1127, 592, 21, 1261, 1754, 648, 112, 780]"
4659,"[976, 2067, 933, 2020, 920, 380, 2243, 3475, 2406, 1101, 2080, 914, 2100, 2941]"
4660,"[2248, 1674, 1097, 2804, 3526, 1957, 1259, 3214, 1246, 2000, 1968, 3591, 1302, 3448]"
4661,"[2763, 3763, 3555, 3256, 2490, 89, 2001, 349, 3729, 1552, 1370, 2403, 2278, 2617]"
4662,"[527, 318, 593, 110, 3147, 2324, 1396, 1584, 590, 3079, 1680, 1271, 86, 531]"
4663,"[1183, 1897, 85, 515, 1466, 1836, 58, 538, 506, 233, 1959, 838, 3078, 1680]"
4664,"[2710, 2771, 2433, 2541, 2355, 3543, 2369, 2575, 2599, 2336, 2718, 3871, 3873, 3836]"
4665,"[0, 3074, 2150, 2672, 3101, 2430, 1197, 1198, 314, 969, 2871, 2899, 3699, 3175]"
4666,"[1219, 1247, 1276, 750, 2863, 1950, 1952, 599, 924, 1333, 3168, 1963, 2944, 2946]"
4667,"[1193, 904, 1267, 1212, 1221, 1214, 2997, 1263, 318, 246, 1594, 1198, 1213, 1258]"
4668,"[1214, 541, 2571, 1270, 589, 924, 2529, 1200, 1240, 2662, 3471, 3175, 480, 2916]"
4669,"[2761, 1959, 2686, 2396, 3114, 260, 1270, 750, 3471, 919, 969, 1204, 1303, 2174]"
4670,"[480, 1301, 1356, 671, 1019, 2628, 1375, 2054, 329, 2311, 2396, 595, 3429, 1148]"
4671,"[474, 1370, 163, 165, 733, 2617, 1918, 112, 1552, 316, 10, 861, 292, 786]"
4672,"[0, 0, 0, 0, 0, 0, 920, 3814, 3475, 1935, 3516, 2369, 2607, 2333]"
4673,"[3249, 1573, 3827, 3893, 3897, 3916, 3883, 3831, 3456, 3481, 3925, 3408, 3873, 3534]"
4674,"[3671, 1387, 1294, 3635, 1125, 2520, 3066, 3639, 2779, 2346, 616, 2530, 2531, 2521]"
4675,"[2791, 232, 2124, 3072, 1125, 2302, 2318, 2690, 1870, 1546, 2247, 171, 3263, 2111]"
4676,"[246, 922, 3160, 2883, 318, 1189, 750, 904, 1278, 3210, 1673, 2112, 903, 593]"
4677,"[0, 1230, 3260, 260, 1244, 2858, 3082, 2977, 2996, 2882, 3783, 2872, 2303, 1090]"
4678,"[3639, 1127, 2000, 3552, 2746, 2290, 2369, 2340, 3760, 3773, 2770, 2355, 3203, 1093]"
4679,"[2390, 913, 968, 1959, 299, 2686, 2396, 3157, 3185, 2762, 2070, 3176, 2987, 3006]"
4680,"[2435, 2912, 3007, 1189, 1674, 1183, 3868, 45, 3203, 3176, 3566, 3535, 2967, 3481]"
4681,"[1136, 1230, 1278, 1244, 1073, 3421, 1235, 2657, 3622, 3182, 3751, 720, 50, 2762]"
4682,"[1746, 1188, 1901, 2446, 3865, 3905, 3948, 3317, 3556, 3515, 3952, 3827, 3820, 2607]"
4683,"[1196, 1291, 590, 3175, 733, 2115, 1019, 648, 2617, 2414, 2161, 1544, 421, 434]"
4684,"[1952, 608, 1594, 50, 527, 1247, 3359, 162, 1089, 2132, 1213, 176, 1304, 2732]"
4685,"[2150, 1279, 1927, 750, 969, 1094, 1299, 3260, 1935, 30, 2609, 3418, 58, 3329]"
4686,"[1231, 1270, 1242, 1200, 3699, 1090, 1247, 969, 1204, 1294, 2028, 920, 1263, 2067]"
4687,"[3735, 3198, 1955, 24, 1259, 300, 1247, 150, 34, 3498, 1997, 1278, 1387, 1350]"
4688,"[3396, 1982, 1263, 2871, 1954, 2866, 1955, 2409, 3506, 1411, 1821, 930, 953, 3038]"
4689,"[2959, 2762, 2997, 3174, 3053, 2893, 1225, 924, 1625, 1645, 1909, 1732, 1597, 1834]"
4690,"[158, 2571, 1210, 1240, 2699, 480, 1580, 2531, 2454, 258, 788, 3269, 2012, 379]"
4691,"[32, 1177, 1610, 454, 3186, 1271, 2302, 3255, 280, 329, 1608, 597, 500, 3107]"
4692,"[0, 0, 0, 0, 0, 1961, 541, 41, 1233, 1094, 246, 1147, 1192, 162]"
4693,"[3671, 3681, 553, 590, 2921, 912, 1250, 750, 527, 2028, 1196, 1208, 1242, 1939]"
4694,"[3467, 306, 920, 2186, 1704, 1953, 1944, 457, 3330, 1269, 3301, 1950, 1964, 3730]"
4695,"[0, 0, 0, 0, 0, 0, 0, 0, 1270, 1036, 3147, 2976, 2762, 3082]"
4696,"[260, 480, 1101, 1197, 2393, 3578, 3751, 3623, 3513, 3717, 3536, 3752, 3552, 2687]"
4697,"[2394, 3247, 2011, 2012, 3248, 2188, 3534, 3005, 3516, 3285, 2541, 2888, 2718, 3717]"
4698,"[0, 249, 1104, 3060, 1270, 1090, 3006, 2858, 2966, 2997, 2762, 3125, 3129, 2912]"
4699,"[3107, 2278, 2006, 2023, 1876, 168, 208, 2879, 485, 434, 798, 1438, 1831, 480]"
4700,"[41, 1080, 3668, 2820, 1949, 1197, 1217, 2020, 1259, 2987, 892, 497, 1059, 3793]"
4701,"[2692, 367, 3052, 2762, 32, 1419, 1784, 1, 3114, 2294, 2173, 1057, 2396, 3358]"
4702,"[260, 2728, 1814, 1196, 1207, 1219, 908, 296, 593, 912, 1272, 1258, 1208, 1225]"
4703,"[0, 0, 0, 0, 231, 1213, 1610, 2858, 2762, 3176, 3752, 2706, 2683, 2707]"
4704,"[2078, 912, 953, 1302, 647, 161, 1363, 1027, 364, 3483, 2090, 2083, 2565, 904]"
4705,"[2014, 7, 46, 2375, 252, 1088, 780, 1307, 899, 838, 236, 2490, 2432, 1641]"
4706,"[480, 329, 2370, 2105, 1375, 1009, 1371, 1779, 923, 3095, 750, 3471, 1214, 541]"
4707,"[2959, 3556, 1247, 2395, 2723, 1923, 1963, 2109, 339, 1059, 1888, 3261, 377, 1252]"
4708,"[288, 1270, 1200, 1203, 2791, 3421, 3363, 34, 1968, 3683, 2355, 2804, 3060, 3471]"
4709,"[1198, 1225, 2791, 1307, 3361, 1079, 1957, 2918, 1293, 2352, 1246, 2020, 1961, 1291]"
4710,"[1304, 1397, 3516, 3543, 1230, 1235, 3613, 3655, 2762, 3801, 41, 3811, 529, 2927]"
4711,"[2921, 2951, 2922, 3681, 1378, 260, 1196, 1197, 1198, 1387, 1036, 1954, 1210, 3703]"
4712,"[0, 0, 0, 0, 0, 0, 0, 0, 1961, 858, 3548, 1219, 527, 919]"
4713,"[6, 3452, 3053, 3623, 2394, 2762, 3176, 122, 1593, 356, 1393, 2125, 587, 357]"
4714,"[1207, 2132, 1228, 971, 1193, 3362, 527, 3462, 1230, 771, 3629, 1066, 3022, 1256]"
4715,"[1387, 1234, 3396, 1080, 3421, 3471, 2138, 1208, 1292, 3639, 2871, 2991, 2640, 3635]"
4716,"[1094, 1643, 531, 2324, 58, 1097, 1719, 3094, 509, 2442, 538, 2245, 1295, 2291]"
4717,"[1086, 1269, 910, 916, 933, 934, 952, 1226, 912, 946, 1953, 1221, 858, 3359]"
4718,"[1517, 2926, 2424, 1588, 2539, 3524, 500, 3751, 837, 1073, 2430, 3615, 2429, 616]"
4719,"[380, 733, 2822, 1566, 2006, 648, 1917, 316, 434, 736, 1356, 2, 653, 1552]"
4720,"[2706, 2683, 2699, 3005, 2710, 2433, 2355, 1093, 2333, 2716, 2390, 3623, 24, 2686]"
4721,"[2900, 2709, 2734, 2901, 3219, 2013, 2491, 2670, 2396, 2762, 3081, 2840, 2841, 2700]"
4722,"[260, 1196, 1198, 1221, 1291, 858, 110, 2019, 940, 2571, 2692, 1036, 1188, 3153]"
4723,"[1244, 2997, 3606, 2076, 3549, 2949, 1081, 3516, 2507, 1235, 982, 3175, 2746, 1077]"
4724,"[608, 1176, 3260, 2692, 1280, 1094, 994, 2396, 309, 34, 2324, 1704, 2336, 296]"
4725,"[2841, 2273, 2707, 662, 3479, 1266, 3681, 1947, 1035, 2565, 899, 932, 3675, 1088]"
4726,"[3060, 2575, 3255, 454, 2433, 851, 45, 848, 2711, 3502, 862, 280, 147, 2112]"
4727,"[3827, 3510, 3159, 1148, 1307, 910, 3114, 3462, 356, 2622, 2080, 1197, 1259, 3671]"
4728,"[628, 345, 553, 805, 2112, 538, 2282, 3252, 1485, 236, 1727, 585, 1835, 1552]"
4729,"[1225, 3068, 1224, 1185, 1222, 1957, 1231, 1293, 1305, 2076, 1961, 1302, 1962, 1246]"
4730,"[2918, 1198, 3551, 2915, 3396, 3801, 3751, 3788, 3792, 3730, 3763, 3791, 3764, 3737]"
4731,"[3543, 1270, 2289, 1304, 3361, 1234, 1288, 2396, 898, 1136, 2243, 1307, 1197, 2915]"
4732,"[3448, 1078, 1184, 1298, 599, 714, 1266, 3365, 553, 3037, 3508, 1209, 2951, 3681]"
4733,"[329, 3770, 1587, 340, 653, 2094, 3489, 2615, 2373, 2872, 2174, 2100, 2140, 367]"
4734,"[2728, 921, 1419, 2324, 615, 3363, 3362, 1234, 535, 1446, 1251, 296, 1197, 3681]"
4735,"[904, 950, 1950, 3730, 924, 1269, 2686, 800, 1086, 3788, 931, 2206, 164, 2467]"
4736,"[2120, 372, 2427, 205, 1464, 237, 3107, 805, 2155, 383, 1366, 893, 1619, 3259]"
4737,"[3072, 3424, 1238, 1273, 1285, 1288, 2150, 2174, 3526, 2973, 3613, 1079, 2463, 1395]"
4738,"[2571, 2009, 2983, 3634, 16, 356, 1242, 3062, 3585, 780, 3628, 1283, 368, 2951]"
4739,"[2302, 2058, 3255, 534, 1356, 1682, 2125, 2539, 1625, 1653, 1608, 2083, 3450, 2502]"
4740,"[1457, 647, 1222, 1398, 858, 2122, 2513, 2517, 1987, 1407, 2107, 742, 1342, 3501]"
4741,"[0, 1198, 2301, 541, 1256, 2858, 2073, 3062, 922, 858, 1230, 1221, 1617, 904]"
4742,"[1625, 1343, 2206, 3256, 349, 230, 280, 1552, 547, 292, 3686, 481, 541, 930]"
4743,"[3405, 1939, 848, 3334, 3338, 3095, 1797, 553, 950, 1254, 1252, 898, 2744, 910]"
4744,"[1, 2987, 920, 1084, 858, 1267, 480, 1198, 1207, 2795, 3408, 2366, 2929, 719]"
4745,"[1136, 1961, 1291, 2232, 3194, 1036, 25, 1210, 2716, 1, 1094, 700, 1257, 1246]"
4746,"[1198, 1291, 1299, 1200, 1962, 541, 3068, 1258, 1957, 1994, 1220, 1674, 2070, 1961]"
4747,"[2501, 73, 2324, 608, 1873, 590, 36, 3259, 1682, 1396, 150, 1784, 1721, 1653]"
4748,"[2842, 509, 230, 848, 1635, 3252, 2059, 4, 2252, 908, 314, 2405, 2529, 2762]"
4749,"[0, 0, 0, 0, 0, 0, 0, 0, 2069, 279, 1287, 2028, 3006, 2997]"
4750,"[3253, 47, 50, 2762, 16, 1343, 2916, 474, 2273, 353, 587, 1101, 2146, 3524]"
4751,"[2480, 3307, 2711, 2997, 2439, 2433, 2482, 3129, 3163, 3174, 3004, 2264, 3175, 3298]"
4752,"[908, 36, 1197, 2146, 1571, 1230, 2692, 1247, 1265, 898, 17, 497, 1066, 3668]"
4753,"[1270, 2018, 1078, 2531, 1287, 3671, 1233, 3204, 3811, 615, 1250, 105, 1304, 3406]"
4754,"[2133, 2193, 2005, 2420, 2048, 3791, 3033, 2517, 2123, 2399, 2402, 2146, 1970, 1971]"
4755,"[858, 2023, 1961, 986, 1124, 2070, 3723, 3737, 3789, 3738, 1639, 2355, 2336, 2716]"
4756,"[0, 0, 0, 0, 2628, 2677, 494, 3006, 3052, 3163, 2997, 3147, 2966, 3145]"
4757,"[1952, 2028, 1704, 1249, 1090, 1136, 2692, 1956, 1189, 2908, 3114, 1258, 3127, 3882]"
4758,"[0, 0, 858, 1721, 3005, 2903, 3148, 73, 527, 17, 2028, 1704, 199, 1393]"
4759,"[1387, 2571, 1953, 1954, 1240, 532, 2997, 2858, 3086, 1230, 3424, 982, 1219, 1252]"
4760,"[1374, 780, 3275, 3766, 3081, 253, 2976, 2912, 2000, 3763, 2605, 3421, 2858, 1113]"
4761,"[3208, 1682, 3174, 2997, 3186, 2858, 903, 296, 318, 858, 1193, 1208, 2501, 1213]"
4762,"[527, 1104, 1247, 1172, 1949, 3359, 111, 1131, 1196, 1293, 1224, 908, 3100, 1939]"
4763,"[3052, 1183, 532, 3809, 1265, 2959, 3548, 3421, 2359, 36, 3831, 157, 2725, 3730]"
4764,"[2683, 3082, 2572, 1909, 969, 1674, 1136, 370, 1197, 1307, 2795, 2797, 2081, 3448]"
4765,"[2890, 1263, 3654, 110, 1078, 1210, 2427, 1183, 2670, 151, 3448, 1408, 1936, 50]"
4766,"[1783, 2858, 2891, 3147, 3163, 3176, 2959, 2762, 3078, 2907, 2908, 2997, 3052, 3125]"
4767,"[1939, 2612, 3067, 1132, 1956, 1293, 1097, 595, 986, 262, 3114, 34, 2761, 1907]"
4768,"[1370, 367, 2321, 3252, 1721, 580, 597, 1554, 2803, 158, 1722, 2539, 10, 1092]"
4769,"[1203, 924, 2311, 1019, 3153, 2262, 1127, 2133, 1541, 940, 969, 2791, 588, 1200]"
4770,"[1614, 2858, 2683, 2355, 2881, 2336, 3175, 2716, 2690, 2692, 2396, 912, 1136, 913]"
4771,"[916, 1922, 864, 2585, 3317, 326, 2357, 3897, 3746, 2481, 300, 2686, 1516, 2359]"
4772,"[2819, 1269, 2333, 3334, 909, 1704, 110, 926, 3098, 1674, 457, 1610, 3201, 1242]"
4773,"[1544, 2628, 2712, 2433, 141, 2617, 1020, 1876, 2759, 1616, 1479, 1917, 208, 2771]"
4774,"[3408, 3179, 3298, 3173, 3181, 1197, 1198, 1304, 589, 1196, 1222, 2872, 1201, 2951]"
4775,"[0, 0, 0, 0, 0, 0, 0, 0, 0, 0, 0, 0, 1270, 3160]"
4776,"[356, 2918, 1367, 3157, 628, 36, 2501, 2861, 317, 362, 1, 595, 3499, 2268]"
4777,"[1196, 1197, 2366, 1259, 1261, 2987, 1073, 592, 3461, 1129, 2161, 1210, 1215, 1291]"
4778,"[2078, 1824, 1414, 3114, 1665, 3072, 1923, 2804, 1784, 2236, 1958, 1461, 2423, 2794]"
4779,"[1362, 3469, 307, 1263, 3196, 1946, 3246, 1278, 1242, 1086, 3363, 162, 1293, 2067]"
4780,"[1200, 1748, 911, 3505, 2176, 1921, 1653, 1343, 628, 913, 930, 1284, 3334, 1344]"
4781,"[3735, 2293, 858, 1225, 1230, 2858, 2359, 3078, 2801, 2891, 2324, 2883, 3148, 356]"
4782,"[497, 2284, 2010, 541, 750, 1199, 1206, 2664, 3700, 3471, 1584, 1653, 968, 2662]"
4783,"[2571, 293, 2118, 1610, 1343, 47, 288, 454, 230, 1407, 3044, 1909, 1127, 3249]"
4784,"[603, 3552, 2037, 3167, 912, 158, 1957, 1252, 2423, 923, 349, 2407, 1584, 2738]"
4785,"[3176, 1073, 3893, 383, 3408, 3505, 2135, 3148, 1125, 1727, 3098, 2870, 555, 2686]"
4786,"[2571, 357, 1183, 1721, 261, 21, 1892, 3274, 2427, 494, 539, 2023, 802, 1645]"
4787,"[0, 0, 0, 0, 0, 0, 0, 0, 0, 2067, 1193, 363, 1094, 2858]"
4788,"[2567, 1569, 2431, 344, 1377, 1441, 552, 2052, 2735, 784, 186, 2335, 203, 1588]"
4789,"[1290, 417, 2145, 339, 1777, 597, 3524, 1339, 2469, 1569, 764, 539, 2762, 3543]"
4790,"[39, 477, 3253, 1059, 2108, 1177, 3256, 2314, 663, 231, 3910, 3357, 3555, 2599]"
4791,"[3814, 3039, 1078, 3264, 52, 2844, 589, 3608, 19, 2133, 3785, 2379, 1275, 1204]"
4792,"[0, 0, 0, 0, 1721, 2206, 920, 3157, 1251, 1127, 932, 969, 2791, 588]"
4793,"[6, 1641, 2337, 1343, 1680, 493, 431, 2712, 2770, 1527, 339, 215, 838, 2278]"
4794,"[260, 858, 1200, 1201, 1240, 457, 377, 2951, 2194, 1210, 474, 1220, 2353, 1580]"
4795,"[1217, 1208, 2132, 1238, 265, 3152, 2797, 1945, 2010, 903, 290, 2919, 111, 2819]"
4796,"[1240, 1374, 2495, 2117, 903, 950, 1212, 1284, 1913, 800, 39, 2010, 922, 1260]"
4797,"[355, 838, 2124, 351, 1689, 1021, 3247, 339, 2622, 1894, 378, 2724, 2424, 1390]"
4798,"[2901, 1645, 407, 426, 3147, 2997, 1230, 1639, 41, 2762, 1028, 2000, 1077, 3044]"
4799,"[3260, 2324, 1394, 2593, 745, 3424, 1188, 2915, 2248, 1136, 898, 2302, 1270, 2174]"
4800,"[2987, 1274, 592, 1127, 2100, 1246, 2161, 2011, 3397, 3412, 1297, 2144, 1298, 2001]"
4801,"[1270, 1097, 2916, 2011, 2054, 2012, 2642, 196, 788, 173, 2364, 519, 1090, 1222]"
4802,"[1619, 3911, 2502, 3943, 2944, 1732, 1401, 3114, 1293, 2598, 47, 2594, 3326, 3819]"
4803,"[832, 1586, 2861, 2762, 3156, 2858, 2683, 2355, 2433, 2881, 3408, 2888, 2336, 2392]"
4804,"[0, 0, 0, 0, 0, 0, 0, 0, 0, 0, 0, 0, 0, 3724]"
4805,"[529, 2858, 2997, 2599, 2396, 2762, 2501, 3174, 2321, 1680, 923, 3751, 3745, 3534]"
4806,"[2034, 2091, 2641, 2012, 2531, 338, 1205, 2365, 1037, 1373, 1320, 674, 849, 2053]"
4807,"[1230, 3606, 3359, 34, 1283, 945, 3668, 1947, 3735, 1674, 3086, 2336, 1270, 1678]"
4808,"[1500, 2671, 1678, 2625, 2321, 317, 2297, 1569, 1020, 248, 267, 3146, 1257, 2261]"
4809,"[3408, 50, 2493, 2611, 529, 1271, 1641, 2943, 2302, 52, 728, 2759, 1747, 2359]"
4810,"[2058, 1376, 733, 2000, 2115, 2006, 1429, 380, 112, 1608, 1722, 1597, 2723, 1552]"
4811,"[2920, 3629, 3307, 3730, 670, 3022, 3095, 1248, 1252, 2010, 1178, 1256, 1361, 2186]"
4812,"[2917, 2231, 3717, 3770, 1918, 42, 1377, 70, 762, 464, 608, 1912, 50, 592]"
4813,"[367, 368, 3751, 618, 265, 17, 1183, 1735, 1639, 1441, 1569, 2570, 85, 2858]"
4814,"[1527, 1580, 2699, 329, 2393, 223, 1148, 2997, 2396, 1, 2355, 3253, 2321, 588]"
4815,"[2677, 2313, 1096, 916, 1041, 2553, 3932, 1077, 1097, 2117, 3911, 3317, 3910, 915]"
4816,"[3181, 781, 3347, 205, 2609, 232, 2692, 1446, 3916, 3915, 3911, 3753, 3317, 315]"
4817,"[2677, 912, 265, 25, 1183, 1307, 58, 2138, 367, 788, 904, 903, 924, 1950]"
4818,"[32, 2968, 2571, 2692, 1197, 1247, 247, 318, 1211, 1212, 2150, 2291, 912, 3000]"
4819,"[1286, 2117, 3478, 3791, 3449, 3251, 2734, 3701, 2370, 3109, 2942, 3714, 2146, 1959]"
4820,"[0, 3471, 1193, 1836, 260, 3371, 3556, 3536, 3624, 3617, 2572, 1203, 924, 2826]"
4821,"[2145, 1378, 2453, 2420, 2141, 3791, 527, 1704, 1393, 483, 260, 111, 1193, 2137]"
4822,"[0, 0, 0, 0, 0, 0, 0, 0, 507, 3555, 1238, 921, 1172, 1197]"
4823,"[3801, 3471, 1288, 1252, 3067, 3671, 954, 1263, 1228, 3296, 2857, 1950, 363, 1233]"
4824,"[1230, 260, 1272, 1294, 1136, 1206, 1263, 1387, 1208, 1214, 1080, 1234, 3125, 2022]"
4825,"[1288, 899, 1220, 2078, 551, 661, 2571, 1215, 457, 110, 21, 1527, 2278, 112]"
4826,"[969, 1198, 1262, 1291, 2871, 3366, 590, 480, 2406, 1210, 2640, 380, 1580, 1387]"
4827,"[1148, 3307, 905, 2300, 1238, 1066, 596, 588, 594, 595, 2495, 1223, 1282, 1029]"
4828,"[39, 2424, 380, 1777, 207, 2485, 440, 1895, 2045, 2581, 2671, 543, 1479, 2724]"
4829,"[3000, 1653, 316, 1748, 3317, 1253, 2542, 2346, 2442, 3671, 1240, 1206, 2197, 2664]"
4830,"[2605, 2761, 2393, 1197, 1136, 2797, 2064, 1073, 2716, 914, 2565, 1220, 527, 1293]"
4831,"[1678, 1292, 3471, 3505, 58, 2442, 2176, 590, 1265, 1907, 1270, 3088, 3811, 1304]"
4832,"[3526, 2081, 2352, 3087, 3448, 610, 2745, 3441, 3478, 2001, 2423, 2146, 2072, 1378]"
4833,"[1299, 1674, 899, 1907, 1231, 1127, 2699, 2355, 2881, 2605, 2709, 2734, 3219, 2013]"
4834,"[1132, 1131, 1217, 1231, 1096, 2194, 1259, 1036, 2020, 1258, 1674, 3342, 3067, 2352]"
4835,"[32, 357, 1639, 2295, 260, 1196, 1291, 1198, 1544, 293, 1250, 924, 1266, 1]"
4836,"[2025, 593, 1176, 318, 3271, 866, 534, 2329, 1041, 3598, 3624, 3751, 3618, 3051]"
4837,"[2001, 2470, 597, 1517, 1753, 333, 1380, 104, 2109, 2134, 785, 3263, 2378, 2002]"
4838,"[1806, 314, 648, 349, 1377, 153, 318, 1213, 62, 3105, 2324, 300, 3060, 3100]"
4839,"[0, 0, 0, 0, 0, 0, 0, 0, 3198, 440, 110, 21, 1721, 3006]"
4840,"[588, 531, 17, 272, 348, 480, 1265, 364, 722, 1610, 3256, 1393, 3418, 261]"
4841,"[3070, 1129, 2987, 1374, 1274, 112, 1215, 1275, 1127, 1210, 1580, 2115, 3795, 223]"
4842,"[3911, 3748, 3888, 2706, 2971, 919, 858, 3435, 1207, 50, 3897, 3317, 3481, 3831]"
4843,"[1259, 2070, 2313, 1203, 1683, 412, 154, 1957, 265, 615, 3685, 1719, 3543, 3506]"
4844,"[3093, 1617, 1940, 3176, 2628, 3615, 3555, 2762, 588, 608, 2396, 296, 628, 110]"
4845,"[1441, 35, 2721, 215, 356, 1210, 3422, 440, 3684, 2671, 534, 222, 1290, 1777]"
4846,"[0, 0, 0, 0, 1500, 1569, 514, 2762, 3145, 1732, 2997, 3552, 1127, 3053]"
4847,"[1394, 1, 2726, 923, 34, 1148, 1252, 608, 1189, 1198, 903, 904, 1197, 3266]"
4848,"[1722, 1580, 3107, 780, 648, 10, 376, 292, 1544, 1100, 423, 1196, 1240, 592]"
4849,"[1285, 2736, 2003, 2054, 2133, 2134, 2378, 1378, 3087, 2746, 2717, 2796, 2141, 2786]"
4850,"[3744, 3753, 2761, 527, 593, 34, 110, 3147, 62, 2996, 986, 2762, 1610, 1270]"
4851,"[0, 0, 0, 0, 0, 0, 0, 0, 858, 3052, 2409, 110, 2706, 2683]"
4852,"[1179, 1962, 3685, 2398, 1964, 2313, 3724, 1242, 3700, 953, 971, 3105, 1955, 2312]"
4853,"[1233, 2028, 480, 1580, 3267, 474, 1196, 1198, 1200, 1240, 1291, 2872, 592, 1376]"
4854,"[3654, 1289, 3448, 2010, 1206, 1270, 3699, 3269, 1580, 2657, 2407, 2346, 1584, 674]"
4855,"[1, 3114, 1907, 2324, 1914, 2671, 2359, 104, 543, 2268, 1396, 318, 300, 1411]"
4856,"[800, 3683, 1094, 922, 930, 2186, 1248, 1260, 1267, 3435, 2203, 3334, 2726, 541]"
4857,"[1573, 1917, 1617, 1625, 1589, 1892, 1711, 593, 608, 50, 2762, 2391, 1610, 2278]"
4858,"[260, 1219, 541, 1196, 1213, 1225, 3545, 3408, 3148, 3160, 3179, 3289, 3176, 3173]"
4859,"[2997, 1968, 1394, 3751, 1197, 25, 2248, 2692, 3699, 2396, 1210, 920, 1307, 914]"
4860,"[448, 50, 176, 1192, 608, 2501, 1089, 529, 593, 1265, 1912, 2571, 457, 800]"
4861,"[1784, 508, 3949, 296, 32, 213, 2677, 1244, 1186, 1653, 1211, 2593, 2729, 3756]"
4862,"[2366, 6, 2948, 1610, 1127, 2194, 3527, 198, 1148, 745, 2858, 1136, 34, 589]"
4863,"[1197, 1231, 491, 2628, 3114, 946, 1265, 3175, 1580, 838, 2797, 11, 367, 1269]"
4864,"[3629, 3114, 1, 3751, 3421, 34, 1079, 1278, 3671, 2791, 3037, 1265, 3396, 1394]"
4865,"[1269, 3341, 3067, 1136, 2289, 947, 1188, 2599, 2208, 905, 945, 898, 1080, 955]"
4866,"[3448, 3536, 3591, 3264, 1220, 3599, 597, 2874, 7, 2134, 3258, 1380, 1018, 2805]"
4867,"[2356, 1629, 2174, 2797, 3471, 2746, 497, 597, 1243, 316, 198, 1848, 3864, 3862]"
4868,"[3354, 2574, 3300, 2485, 3176, 2600, 1196, 3481, 3578, 3409, 3190, 3324, 595, 2926]"
4869,"[3099, 1345, 3788, 2598, 1127, 2433, 2580, 2906, 2670, 2396, 3007, 308, 306, 2997]"
4870,"[158, 1252, 222, 1172, 923, 1835, 2433, 3471, 1206, 2407, 39, 2739, 3060, 3724]"
4871,"[0, 0, 0, 0, 0, 1270, 1221, 2004, 593, 2858, 2959, 2997, 2762, 3052]"
4872,"[2571, 1610, 3256, 480, 2763, 648, 1370, 2355, 356, 2539, 500, 2431, 2002, 1020]"
4873,"[1193, 3742, 3788, 3730, 3702, 3703, 3789, 3733, 3734, 3735, 858, 922, 1212, 1248]"
4874,"[1221, 1227, 1617, 2692, 858, 3435, 290, 296, 1213, 3362, 3741, 1084, 910, 1523]"
4875,"[373, 2359, 2391, 589, 1354, 1914, 1266, 3260, 150, 1179, 728, 1759, 549, 1094]"
4876,"[1704, 3418, 1179, 150, 1094, 994, 1183, 650, 235, 32, 2324, 2336, 1148, 3114]"
4877,"[2427, 1237, 1788, 1701, 69, 596, 2137, 588, 2080, 1907, 2078, 1032, 2081, 616]"
4878,"[2863, 2300, 2396, 11, 356, 2359, 952, 500, 2064, 586, 588, 39, 539, 2683]"
4879,"[953, 2138, 1099, 36, 1245, 2312, 1982, 1347, 3547, 2607, 3492, 1254, 3153, 29]"
4880,"[0, 0, 0, 0, 0, 0, 527, 3462, 2677, 1684, 3668, 2732, 3125, 2883]"
4881,"[0, 527, 2110, 318, 2926, 2858, 2997, 2908, 3408, 2575, 2712, 2688, 2716, 968]"
4882,"[1256, 1136, 1244, 3671, 2657, 2779, 3543, 1288, 2064, 2918, 3608, 1307, 3072, 1965]"
4883,"[0, 0, 0, 2718, 2646, 3159, 899, 1028, 262, 1198, 918, 1035, 1282, 1947]"
4884,"[3471, 750, 908, 1358, 3196, 920, 1272, 1208, 1263, 2287, 2670, 1078, 3062, 3724]"
4885,"[2915, 919, 969, 1204, 1254, 1303, 3461, 260, 1198, 1259, 2366, 1262, 3755, 952]"
4886,"[1527, 1580, 2009, 3527, 671, 2985, 2287, 1372, 610, 1019, 1573, 316, 2528, 329]"
4887,"[2100, 2414, 1298, 2001, 3591, 2193, 2301, 1967, 2413, 2794, 2263, 2143, 2372, 2374]"
4888,"[3341, 905, 3088, 955, 1394, 2788, 1136, 1948, 837, 909, 1238, 2973, 898, 921]"
4889,"[2373, 736, 3705, 2501, 2291, 1639, 412, 32, 1584, 3105, 1271, 1693, 11, 253]"
4890,"[2745, 3251, 2117, 2746, 2710, 1276, 750, 924, 2160, 903, 906, 593, 2336, 778]"
4891,"[0, 1291, 1950, 971, 3421, 3429, 1304, 1148, 745, 2073, 1223, 1276, 1234, 1265]"
4892,"[1200, 1077, 1965, 2916, 2288, 1376, 3703, 968, 2455, 1909, 2657, 2640, 671, 1584]"
4893,"[2053, 2549, 173, 2526, 2872, 2174, 2797, 2140, 2161, 1920, 3489, 1291, 1374, 110]"
4894,"[3342, 3222, 527, 589, 1240, 260, 1214, 1690, 1692, 1320, 1196, 1233, 457, 1036]"
4895,"[265, 342, 1188, 203, 593, 1219, 474, 3055, 3186, 1620, 3793, 318, 206, 3451]"
4896,"[3456, 3556, 3618, 3751, 3790, 3578, 3598, 3793, 3538, 3571, 3624, 3787, 3555, 3615]"
4897,"[2078, 2081, 1947, 1380, 318, 912, 953, 111, 2728, 150, 2501, 1961, 3362, 1090]"
4898,"[1214, 2303, 1953, 3201, 1997, 3363, 1954, 1292, 1080, 1350, 1387, 3471, 3421, 1125]"
4899,"[2918, 2985, 3071, 3480, 2872, 3505, 1297, 2344, 1275, 1374, 3016, 1347, 2003, 3751]"
4900,"[0, 0, 0, 0, 1210, 3246, 858, 3552, 3006, 3007, 2858, 2908, 2997, 2762]"
4901,"[3639, 1073, 3034, 3519, 1350, 3384, 1204, 1262, 2728, 924, 2529, 2944, 2078, 1028]"
4902,"[3489, 367, 2012, 2478, 3037, 3508, 1197, 1198, 3104, 1101, 2115, 2406, 1876, 2094]"
4903,"[1233, 1207, 1759, 1247, 1673, 296, 306, 1132, 1259, 2442, 902, 1913, 1952, 1358]"
4904,"[2150, 3358, 921, 938, 161, 1208, 272, 3181, 417, 3037, 1245, 421, 2312, 3676]"
4905,"[265, 1387, 2716, 3111, 1280, 2336, 1997, 1208, 2324, 515, 1213, 296, 1222, 1282]"
4906,"[2871, 3505, 1610, 16, 3147, 1343, 2353, 225, 2803, 3101, 454, 350, 832, 3755]"
4907,"[1235, 3448, 1300, 1957, 2436, 1023, 1081, 3011, 2085, 3545, 2291, 2506, 2176, 2969]"
4908,"[2355, 364, 1073, 551, 2, 720, 745, 1148, 1136, 1223, 1278, 2804, 1080, 1294]"
4909,"[2173, 1285, 1247, 1952, 1196, 1264, 1238, 1962, 1293, 3098, 2915, 2968, 1079, 1097]"
4910,"[2716, 2490, 2395, 2672, 2105, 2021, 1527, 2571, 1196, 2194, 1210, 589, 1036, 2947]"
4911,"[539, 2502, 2801, 1409, 468, 2424, 2858, 2908, 260, 3006, 3007, 2966, 2997, 2762]"
4912,"[0, 0, 0, 0, 3072, 3255, 1394, 1663, 1392, 3006, 2858, 2997, 2762, 3125]"
4913,"[162, 608, 296, 750, 720, 1296, 581, 1225, 1394, 2362, 1635, 549, 446, 1186]"
4914,"[318, 593, 2028, 1265, 1704, 589, 457, 497, 2396, 1393, 1885, 587, 1912, 11]"
4915,"[1358, 293, 377, 1407, 260, 1196, 1198, 2987, 1259, 1374, 590, 3104, 1210, 2968]"
4916,"[441, 1906, 348, 1265, 3477, 728, 1500, 2572, 3129, 2324, 1279, 671, 11, 1184]"
4917,"[1962, 3478, 1968, 1246, 1302, 858, 3730, 1964, 1244, 913, 1252, 1267, 1617, 3334]"
4918,"[1625, 2871, 1517, 2502, 104, 1734, 1732, 553, 2150, 1682, 2490, 1797, 3081, 2108]"
4919,"[1206, 1753, 608, 318, 2571, 1639, 2324, 110, 1089, 296, 2762, 553, 2918, 1197]"
4920,"[2010, 951, 1219, 1284, 1267, 1237, 750, 2303, 908, 913, 922, 2997, 296, 3545]"
4921,"[457, 2391, 2058, 1845, 1127, 1129, 3101, 2183, 3505, 16, 373, 3256, 454, 1343]"
4922,"[1396, 555, 2321, 633, 62, 1653, 1870, 1120, 1059, 440, 1682, 2447, 2268, 708]"
4923,"[0, 0, 1839, 1193, 2858, 2966, 2976, 3125, 1148, 678, 1411, 1617, 296, 1094]"
4924,"[318, 1213, 1225, 593, 2396, 608, 50, 2028, 1247, 1299, 1041, 265, 2677, 1358]"
4925,"[1278, 2289, 2208, 1265, 927, 1394, 1259, 1188, 357, 3072, 3361, 3516, 1288, 1269]"
4926,"[0, 0, 0, 0, 0, 0, 0, 0, 1961, 1569, 1028, 2662, 3397, 2406]"
4927,"[318, 527, 608, 1885, 34, 1704, 293, 2291, 1633, 300, 509, 35, 150, 1393]"
4928,"[3617, 1094, 25, 1247, 39, 3358, 902, 2496, 457, 6, 3274, 904, 1252, 1805]"
4929,"[899, 3335, 3340, 2019, 903, 908, 922, 2186, 3196, 1248, 2652, 2731, 926, 949]"
4930,"[594, 2081, 1220, 1029, 2078, 2857, 2565, 2394, 2941, 3675, 1030, 2088, 912, 3095]"
4931,"[1230, 116, 3516, 2433, 1911, 3175, 2688, 2716, 913, 968, 1959, 2490, 24, 2669]"
4932,"[1994, 2312, 3703, 2795, 3018, 2406, 2453, 3552, 3203, 700, 2997, 235, 892, 223]"
4933,"[1416, 3812, 3733, 3786, 3814, 3858, 922, 3911, 1794, 3943, 3949, 2805, 1617, 3507]"
4934,"[2384, 2033, 527, 1196, 1449, 1682, 580, 457, 3028, 2966, 2145, 1935, 3719, 1610]"
4935,"[0, 0, 0, 0, 0, 0, 0, 1136, 159, 912, 1670, 246, 1148, 296]"
4936,"[296, 50, 318, 2396, 3421, 265, 1954, 2501, 593, 1132, 3210, 1704, 1197, 1784]"
4937,"[3179, 3083, 3298, 3328, 3408, 3538, 3566, 3897, 3903, 3911, 3481, 3594, 2837, 3914]"
4938,"[3051, 1127, 2706, 2683, 2908, 2355, 2771, 3203, 2038, 2881, 2546, 2772, 3408, 2688]"
4939,"[2020, 3098, 1302, 1961, 1962, 2194, 1185, 2795, 2467, 2312, 3397, 1124, 2144, 2115]"
4940,"[1947, 971, 1278, 924, 357, 1212, 907, 3039, 1281, 2376, 3167, 2067, 2454, 2406]"
4941,"[0, 3663, 466, 111, 2858, 3147, 3175, 2997, 2628, 2762, 2996, 3125, 3185, 3186]"
4942,"[2872, 1085, 1834, 2916, 1682, 2194, 1358, 3039, 2949, 2018, 1957, 587, 2352, 1963]"
4943,"[0, 0, 0, 0, 1961, 621, 3602, 912, 1172, 1956, 2919, 1217, 1300, 1132]"
4944,"[0, 0, 908, 2628, 3578, 260, 1199, 2571, 750, 2010, 541, 924, 1196, 32]"
4945,"[1272, 3068, 1287, 2366, 3098, 1394, 2028, 589, 1278, 1291, 1931, 2398, 594, 1946]"
4946,"[3703, 1210, 2287, 1206, 919, 594, 595, 922, 1178, 1927, 1204, 1224, 3742, 3467]"
4947,"[434, 3421, 2076, 1206, 899, 3061, 1947, 3549, 1035, 1209, 1387, 1339, 1927, 1299]"
4948,"[2819, 1939, 1304, 1997, 247, 1282, 994, 1250, 2067, 2612, 902, 1086, 2729, 1258]"
4949,"[2628, 2571, 1879, 318, 296, 1719, 3148, 3108, 34, 1213, 2357, 1704, 36, 428]"
4950,"[1339, 2278, 947, 2501, 1094, 1395, 1203, 1393, 2208, 2640, 3338, 3783, 3240, 933]"
4951,"[1834, 3175, 3794, 1217, 1243, 3851, 3127, 2813, 3915, 2183, 986, 3396, 262, 551]"
4952,"[1914, 515, 39, 446, 1682, 778, 2959, 2890, 1923, 2302, 1730, 2125, 2359, 342]"
4953,"[1721, 1584, 2600, 1527, 1603, 2762, 2826, 373, 1249, 230, 161, 280, 1343, 2278]"
4954,"[3363, 1172, 2918, 2349, 1784, 1077, 2618, 2064, 39, 497, 2065, 3099, 1963, 2302]"
4955,"[2686, 912, 3742, 3792, 3723, 919, 1947, 3606, 899, 918, 2565, 73, 1282, 900]"
4956,"[1801, 2111, 3174, 1132, 1244, 3551, 1028, 2571, 1136, 3072, 1080, 1643, 2058, 3504]"
4957,"[3271, 1449, 1302, 3448, 1921, 508, 2797, 1060, 3087, 26, 171, 2420, 2874, 562]"
4958,"[2161, 2015, 471, 2003, 1485, 3786, 2413, 2717, 2088, 2478, 2253, 203, 2087, 1022]"
4959,"[1210, 1947, 1735, 16, 1343, 1356, 3246, 1376, 3366, 356, 509, 893, 1610, 2427]"
4960,"[2137, 300, 1925, 1078, 1953, 2289, 3203, 1281, 1077, 1189, 3298, 3543, 2369, 233]"
4961,"[22, 3686, 1263, 1250, 1299, 2028, 1222, 1090, 3448, 2921, 1266, 3365, 3074, 1378]"
4962,"[2194, 232, 2943, 1673, 1935, 1678, 431, 1747, 2071, 1589, 3451, 161, 3308, 2245]"
4963,"[608, 1678, 2291, 531, 150, 82, 249, 1729, 1694, 62, 1357, 590, 3105, 2996]"
4964,"[3545, 2971, 3549, 2746, 2877, 904, 1219, 1249, 2762, 3551, 3075, 1343, 3101, 3176]"
4965,"[1917, 316, 10, 1615, 1676, 2046, 2, 60, 2858, 2959, 2997, 2762, 3174, 3510]"
4966,"[1198, 1200, 2944, 1240, 1287, 3267, 110, 589, 1374, 2571, 2947, 1220, 1222, 3654]"
4967,"[1117, 1641, 1883, 1682, 2943, 367, 2712, 1527, 3263, 500, 2801, 145, 1645, 1092]"
4968,"[2687, 3471, 260, 1196, 750, 3658, 924, 32, 1206, 1270, 2288, 1247, 899, 2186]"
4969,"[0, 0, 0, 0, 0, 0, 1923, 858, 2858, 2997, 3176, 1929, 920, 3447]"
4970,"[0, 0, 1097, 912, 3629, 3307, 3435, 1252, 1260, 527, 1262, 1217, 1250, 2028]"
4971,"[952, 1198, 3468, 1721, 1722, 2657, 1256, 1294, 910, 1079, 3671, 1136, 2863, 1276]"
4972,"[2395, 551, 1243, 104, 3358, 1784, 1641, 52, 1517, 1060, 1923, 39, 11, 735]"
4973,"[3668, 1950, 1204, 1207, 1267, 1949, 1247, 750, 3451, 2863, 1952, 2728, 909, 2132]"
4974,"[0, 0, 0, 0, 0, 0, 0, 0, 0, 1198, 930, 3435, 2203, 1617]"
4975,"[1954, 1294, 1263, 3671, 1125, 3702, 1913, 2527, 1955, 2991, 2640, 3066, 2528, 2013]"
4976,"[3081, 2861, 3082, 2959, 3654, 1625, 2000, 3156, 454, 319, 3591, 1375, 1732, 736]"
4977,"[2528, 24, 2657, 3638, 2021, 2105, 2116, 610, 1371, 737, 3175, 2997, 3608, 2000]"
4978,"[2916, 1653, 198, 2455, 1527, 2662, 1077, 968, 2527, 1019, 1396, 2407, 2140, 2495]"
4979,"[1485, 2371, 1171, 322, 3591, 2301, 344, 333, 231, 1194, 3506, 3235, 445, 2792]"
4980,"[555, 1219, 750, 29, 1580, 2797, 104, 1343, 2318, 261, 811, 231, 1198, 1957]"
4981,"[2006, 555, 2885, 3106, 339, 1643, 3081, 539, 2426, 2443, 802, 2774, 380, 3155]"
4982,"[1036, 1200, 2791, 1299, 1374, 1222, 1097, 2987, 2797, 1994, 3527, 1961, 1307, 2000]"
4983,"[1012, 1028, 2057, 2137, 1017, 421, 2054, 2089, 3034, 2090, 616, 3157, 1010, 13]"
4984,"[2926, 2929, 2068, 1271, 3700, 1295, 2069, 2352, 1393, 508, 1124, 1051, 3252, 2112]"
4985,"[733, 2273, 1375, 3404, 648, 1370, 3744, 2812, 1101, 2989, 2006, 10, 786, 2376]"
4986,"[3745, 3571, 3578, 3484, 3535, 3755, 2959, 2762, 260, 1196, 1199, 541, 924, 32]"
4987,"[2058, 1573, 1580, 2916, 3267, 1370, 1527, 1215, 70, 112, 353, 2699, 1722, 165]"
4988,"[0, 1198, 1963, 2692, 912, 923, 858, 1267, 1193, 246, 296, 1147, 2908, 34]"
4989,"[2997, 1639, 994, 1641, 1673, 1704, 337, 1266, 377, 515, 1396, 589, 2501, 2359]"
4990,"[1300, 1172, 1259, 3067, 1649, 3182, 162, 2064, 549, 1289, 1827, 2599, 1292, 2395]"
4991,"[0, 0, 0, 0, 0, 0, 0, 0, 1193, 3426, 1198, 2501, 1082, 3006]"
4992,"[0, 0, 0, 0, 0, 0, 593, 3429, 2739, 2858, 3176, 2628, 541, 260]"
4993,"[105, 1247, 3668, 2067, 969, 1277, 1674, 899, 1296, 587, 1210, 2065, 2424, 1183]"
4994,"[608, 2580, 2268, 858, 2023, 1230, 910, 3114, 1136, 1294, 1304, 24, 2166, 3152]"
4995,"[800, 41, 265, 2599, 1912, 85, 176, 342, 262, 1175, 1179, 2439, 319, 1660]"
4996,"[2278, 912, 3701, 3714, 3724, 3751, 3702, 3703, 3704, 3699, 3744, 3769, 296, 1213]"
4997,"[543, 2683, 2027, 368, 104, 88, 216, 2723, 267, 344, 663, 1746, 3243, 370]"
4998,"[3543, 1611, 482, 180, 1285, 2106, 663, 175, 1221, 1704, 50, 1089, 296, 1466]"
4999,"[1, 916, 1278, 2324, 1028, 3035, 3088, 3362, 3363, 2384, 3671, 1784, 915, 1269]"
5000,"[3155, 3214, 3527, 3697, 2942, 1258, 2193, 1028, 1921, 509, 2263, 2003, 3360, 3098]"
5001,"[2739, 515, 1177, 2967, 32, 2125, 917, 1680, 2333, 946, 1968, 412, 3418, 531]"
5002,"[2501, 527, 912, 1136, 1243, 337, 595, 2160, 3444, 34, 1029, 616, 383, 509]"
5003,"[1653, 2628, 1356, 1372, 1909, 329, 2699, 1320, 316, 3697, 2012, 1676, 1544, 593]"
5004,"[3072, 2891, 910, 1292, 597, 2750, 2918, 1259, 2300, 1081, 909, 2065, 916, 1238]"
5005,"[1242, 2312, 1955, 3011, 1949, 2437, 2433, 3148, 1660, 1958, 508, 82, 538, 1124]"
5006,"[906, 2206, 1282, 1024, 1029, 918, 931, 1940, 1941, 2202, 2018, 1935, 1936, 1938]"
5007,"[1246, 1097, 2863, 1873, 1894, 527, 3481, 3624, 3536, 3555, 3618, 745, 3083, 246]"
5008,"[3328, 2387, 3471, 2455, 2366, 1197, 1259, 2871, 3168, 1287, 1073, 2193, 3770, 2370]"
5009,"[2804, 3088, 1394, 1235, 951, 1269, 1294, 34, 1270, 2716, 2797, 2359, 2918, 912]"
5010,"[527, 969, 1960, 1294, 3062, 1944, 1242, 1250, 920, 1208, 3643, 2067, 3066, 2941]"
5011,"[2628, 2657, 3825, 2612, 307, 3484, 3949, 1498, 1274, 3535, 2810, 2712, 610, 198]"
5012,"[0, 0, 0, 0, 0, 0, 0, 0, 0, 0, 1221, 2628, 599, 3508]"
5013,"[924, 1201, 2947, 3168, 2949, 3469, 2529, 904, 903, 1248, 908, 1103, 1945, 1250]"
5014,"[1198, 2020, 265, 1262, 589, 1206, 541, 924, 1214, 1200, 1240, 1253, 2363, 1584]"
5015,"[3801, 3811, 3724, 3723, 3733, 3734, 3809, 2197, 2858, 2761, 341, 1912, 940, 2278]"
5016,"[150, 2268, 1393, 265, 3105, 1465, 1784, 3108, 300, 371, 1693, 802, 1678, 1619]"
5017,"[1214, 1233, 2692, 1304, 2028, 589, 260, 1201, 1200, 1222, 3624, 541, 750, 924]"
5018,"[2268, 16, 3108, 1721, 1635, 21, 62, 1727, 350, 105, 3252, 3528, 2269, 309]"
5019,"[3421, 1090, 2745, 3481, 1732, 2791, 1610, 2194, 2212, 1079, 1730, 3317, 1641, 2948]"
5020,"[2405, 1373, 1219, 2747, 1278, 1333, 2716, 2160, 1350, 2784, 2454, 2288, 2657, 3264]"
5021,"[1204, 1224, 1939, 3545, 1250, 527, 3035, 1294, 3342, 2944, 1263, 1272, 2067, 969]"
5022,"[1196, 1221, 858, 2019, 2028, 1233, 1304, 1387, 1200, 2944, 1240, 1303, 969, 1931]"
5023,"[1288, 899, 594, 2080, 918, 2565, 1932, 588, 2087, 2096, 364, 1022, 3052, 3578]"
5024,"[930, 2927, 1238, 1256, 969, 1912, 1254, 947, 3363, 1278, 1304, 2300, 2726, 955]"
5025,"[971, 3521, 441, 110, 3703, 1968, 2973, 1274, 1073, 2333, 3365, 538, 1172, 2968]"
5026,"[1032, 1015, 2141, 1294, 3421, 3088, 2918, 587, 356, 2797, 1080, 2359, 1663, 2144]"
5027,"[0, 0, 0, 0, 0, 0, 0, 0, 0, 1198, 3072, 1246, 2858, 2605]"
5028,"[0, 0, 0, 0, 0, 0, 0, 0, 0, 1097, 720, 3429, 1148, 1223]"
5029,"[1092, 1215, 1693, 2120, 1268, 2294, 1488, 3259, 2335, 500, 2108, 39, 383, 2393]"
5030,"[1968, 3253, 858, 1127, 2706, 2997, 2683, 2694, 223, 2772, 2605, 2716, 3174, 785]"
5031,"[2396, 17, 357, 58, 2943, 2291, 25, 509, 2125, 1684, 1357, 838, 215, 3108]"
5032,"[1220, 2791, 3039, 3087, 2463, 2133, 2470, 2413, 2378, 2792, 2599, 2289, 1923, 39]"
5033,"[919, 1947, 899, 1035, 914, 918, 3061, 2565, 1282, 1951, 1088, 2941, 904, 1950]"
5034,"[1591, 2827, 858, 1207, 750, 1262, 1276, 926, 904, 2396, 318, 919, 1267, 1299]"
5035,"[357, 1409, 2794, 830, 1377, 5, 2724, 2558, 2870, 2468, 2473, 673, 2088, 4]"
5036,"[0, 0, 0, 920, 2571, 2683, 2433, 2355, 2710, 2688, 2761, 913, 3174, 1959]"
5037,"[3271, 2622, 3751, 2997, 898, 3163, 3753, 3755, 1230, 2696, 919, 597, 364, 1097]"
5038,"[3093, 3606, 441, 3728, 1387, 1046, 1304, 3094, 2160, 2203, 1278, 1206, 1269, 1719]"
5039,"[1089, 3075, 3476, 1653, 2391, 3230, 628, 319, 373, 1625, 280, 3706, 2009, 3219]"
5040,"[2407, 1876, 1573, 2699, 2054, 780, 2091, 316, 1391, 1917, 3697, 1037, 1779, 2722]"
5041,"[1246, 2313, 2797, 592, 2872, 1220, 3699, 2312, 2011, 3102, 2795, 2406, 2115, 1211]"
5042,"[1302, 2739, 1183, 3418, 866, 1680, 3578, 1678, 3676, 851, 280, 57, 1271, 2305]"
5043,"[1367, 711, 1097, 74, 2671, 2424, 788, 2581, 3528, 587, 1183, 1639, 1569, 357]"
5044,"[2696, 2396, 1265, 223, 2384, 3108, 3566, 1035, 2081, 1081, 2599, 1244, 3342, 36]"
5045,"[0, 0, 0, 0, 0, 0, 1617, 745, 910, 2804, 1230, 1256, 2300, 921]"
5046,"[456, 2788, 3467, 3330, 1947, 3365, 3929, 3871, 899, 3741, 17, 2612, 1284, 3077]"
5047,"[481, 1748, 280, 1921, 2916, 1625, 1841, 1805, 1459, 2334, 1584, 29, 480, 1356]"
5048,"[858, 1084, 2501, 2324, 3350, 2971, 1227, 918, 3418, 1299, 3405, 899, 1028, 1234]"
5049,"[1186, 2761, 2890, 1965, 3733, 1449, 1673, 1466, 1704, 2359, 300, 2248, 3176, 1094]"
5050,"[1541, 105, 608, 110, 597, 2599, 2883, 39, 1265, 141, 1569, 1580, 3948, 3148]"
5051,"[0, 0, 0, 0, 1221, 2025, 3194, 3006, 3125, 3147, 2762, 3157, 3186, 2996]"
5052,"[0, 0, 0, 1198, 1097, 3702, 208, 3335, 3194, 1726, 1657, 3753, 2761, 541]"
5053,"[293, 3114, 2599, 608, 1914, 1784, 1, 2542, 300, 2580, 2499, 2150, 2325, 1089]"
5054,"[2203, 3849, 3246, 412, 446, 1245, 3108, 300, 534, 509, 1092, 348, 1407, 628]"
5055,"[3494, 922, 3435, 1248, 1267, 1179, 2987, 1230, 1247, 2020, 1265, 902, 920, 1211]"
5056,"[2144, 1968, 1135, 2015, 1409, 788, 2110, 1042, 1081, 2145, 1380, 1848, 691, 368]"
5057,"[535, 41, 2336, 1230, 858, 1193, 1221, 1244, 3362, 1136, 3198, 1234, 1294, 3363]"
5058,"[1252, 1284, 942, 1950, 1964, 2208, 1269, 800, 906, 911, 924, 931, 1086, 2187]"
5059,"[1616, 3686, 494, 292, 10, 1645, 2699, 1876, 1620, 2676, 353, 1552, 736, 1718]"
5060,"[246, 720, 923, 1262, 1213, 2300, 2359, 3175, 314, 1223, 1292, 1234, 921, 3507]"
5061,"[2294, 2033, 1196, 589, 2571, 1206, 1240, 1214, 32, 1077, 1210, 2140, 1653, 1580]"
5062,"[912, 2494, 316, 3489, 2976, 3629, 3655, 2762, 3147, 3670, 1304, 3516, 1281, 3653]"
5063,"[150, 2059, 1013, 2797, 2762, 2996, 62, 1028, 2870, 2687, 916, 1088, 915, 932]"
5064,"[589, 1200, 457, 1333, 1258, 2395, 3702, 919, 1945, 290, 296, 6, 1466, 431]"
5065,"[2138, 2173, 3153, 1073, 2021, 50, 858, 592, 2194, 2268, 1396, 2089, 1907, 2018]"
5066,"[2804, 2714, 318, 1193, 904, 912, 1104, 2858, 1299, 908, 919, 3175, 2762, 3052]"
5067,"[1230, 1252, 3416, 1207, 1225, 899, 2019, 1247, 1219, 2303, 908, 2804, 2927, 905]"
5068,"[3071, 2929, 2194, 1962, 1968, 1286, 3251, 2420, 2474, 1958, 2022, 3478, 2750, 2757]"
5069,"[942, 3435, 1248, 2203, 1617, 541, 922, 1179, 2186, 1267, 1284, 3683, 3334, 2066]"
5070,"[2813, 1276, 1639, 2467, 1073, 3196, 1719, 1589, 3468, 509, 164, 1945, 1680, 1947]"
5071,"[1580, 2115, 648, 1127, 1527, 1356, 1370, 2273, 1876, 1917, 3639, 1372, 1950, 318]"
5072,"[3704, 3697, 1373, 2053, 2038, 2091, 1276, 2716, 1197, 1079, 2174, 1641, 2406, 356]"
5073,"[2571, 213, 247, 260, 2174, 2968, 2872, 2100, 2140, 3503, 3702, 903, 904, 924]"
5074,"[16, 1245, 2271, 1249, 373, 2330, 125, 2321, 1794, 635, 1171, 663, 3088, 2963]"
5075,"[3702, 3070, 1200, 2232, 2288, 741, 1653, 3527, 1019, 2454, 2529, 2657, 480, 2364]"
5076,"[246, 556, 2804, 3543, 1288, 1394, 2791, 2064, 921, 1238, 1285, 3361, 1172, 2243]"
5077,"[3526, 2398, 2890, 1222, 3176, 377, 1097, 215, 1615, 474, 2194, 2580, 1897, 2183]"
5078,"[1127, 1372, 2393, 3701, 1371, 2346, 1373, 1230, 2300, 2863, 3671, 1265, 3088, 1244]"
5079,"[2628, 2882, 3082, 1797, 858, 1193, 593, 919, 1299, 1250, 2324, 111, 3246, 923]"
5080,"[3033, 3770, 3764, 2431, 2002, 736, 3113, 3660, 835, 1033, 3771, 3238, 5, 2082]"
5081,"[1196, 110, 919, 2996, 593, 3111, 2826, 3534, 2827, 2707, 3005, 2770, 3408, 3147]"
5082,"[1273, 2968, 1078, 2716, 973, 3471, 2970, 1289, 2313, 1949, 471, 3676, 3379, 2068]"
5083,"[597, 5, 539, 3263, 2539, 2335, 1405, 3763, 47, 662, 2505, 31, 3773, 2001]"
5084,"[2109, 1194, 2128, 3271, 3174, 2572, 2860, 267, 216, 2447, 3477, 88, 1439, 356]"
5085,"[2302, 2671, 2736, 1212, 950, 50, 3606, 899, 908, 918, 3468, 2804, 903, 3196]"
5086,"[3072, 1641, 2890, 36, 1210, 3360, 2064, 3451, 2240, 2918, 1962, 14, 3684, 2336]"
5087,"[2324, 597, 2424, 838, 141, 2671, 1888, 587, 832, 3249, 1407, 3793, 3916, 3555]"
5088,"[1196, 750, 924, 1206, 1214, 1270, 2571, 32, 1200, 2288, 3703, 968, 1240, 1748]"
5089,"[32, 3751, 910, 955, 1256, 2289, 3067, 1294, 2599, 1269, 1223, 2396, 759, 2859]"
5090,"[327, 160, 2692, 1265, 2439, 2442, 3246, 3260, 1354, 150, 1277, 3787, 3747, 1921]"
5091,"[2796, 316, 1363, 3102, 2372, 3257, 552, 674, 2734, 2126, 517, 1224, 1221, 903]"
5092,"[940, 969, 2947, 1304, 1953, 1214, 2944, 457, 25, 2396, 1265, 357, 509, 105]"
5093,"[110, 1625, 17, 73, 3147, 36, 3148, 2336, 2268, 590, 150, 161, 480, 733]"
5094,"[1274, 741, 1997, 1258, 527, 750, 110, 2028, 1208, 1090, 356, 3448, 647, 161]"
5095,"[908, 111, 1207, 720, 1193, 1219, 1262, 3362, 3504, 1252, 1230, 1247, 2632, 2648]"
5096,"[800, 1732, 648, 1645, 1921, 2671, 1245, 296, 1213, 34, 2289, 334, 1694, 515]"
5097,"[3811, 750, 2065, 1914, 1680, 2525, 2791, 3074, 1968, 2829, 3897, 3317, 3481, 3893]"
5098,"[1303, 858, 3037, 1387, 3471, 3551, 1278, 1294, 1997, 1214, 2871, 1292, 3204, 3244]"
5099,"[2167, 366, 2976, 1762, 2710, 2713, 3081, 532, 2793, 1342, 12, 2279, 1644, 2338]"
5100,"[3916, 3114, 3952, 3852, 3948, 2433, 3897, 3911, 553, 232, 2236, 1725, 2686, 2048]"
5101,"[0, 0, 0, 0, 0, 0, 0, 0, 0, 0, 527, 1885, 3701, 3751]"
5102,"[2890, 3148, 2710, 3159, 1343, 1641, 62, 1810, 1408, 480, 1120, 454, 3450, 1183]"
5103,"[1298, 1090, 2118, 1994, 2110, 3660, 3708, 1995, 1307, 3524, 2942, 2746, 2003, 2174]"
5104,"[1954, 1233, 1240, 457, 1953, 1200, 1242, 1287, 2692, 1036, 3763, 589, 2947, 1291]"
5105,"[350, 2407, 2474, 1276, 1277, 590, 1246, 1086, 225, 2067, 750, 1962, 949, 3168]"
5106,"[1641, 357, 440, 11, 2770, 141, 597, 1414, 708, 2124, 2424, 1020, 539, 648]"
5107,"[261, 26, 1836, 2943, 1302, 3181, 2068, 3148, 1357, 3296, 151, 2125, 3176, 506]"
5108,"[1247, 924, 902, 3788, 1948, 2300, 910, 3548, 2019, 900, 899, 914, 1947, 1035]"
5109,"[1721, 904, 913, 3445, 430, 2137, 1020, 3671, 2150, 111, 2671, 2501, 2098, 3247]"
5110,"[260, 593, 1198, 1221, 2324, 527, 1196, 1262, 1283, 1299, 3467, 2396, 3362, 541]"
5111,"[581, 1684, 2137, 1090, 1321, 2455, 1517, 1334, 141, 3274, 2331, 77, 2190, 451]"
5112,"[1266, 3681, 590, 2922, 2951, 553, 919, 940, 2871, 2366, 1261, 1287, 3366, 2430]"
5113,"[1228, 1956, 1299, 1186, 1090, 3152, 2076, 2729, 2730, 515, 1263, 2427, 1222, 3330]"
5114,"[3745, 1367, 344, 2124, 1688, 1517, 1377, 2174, 2496, 1895, 2038, 432, 728, 1088]"
5115,"[3082, 3006, 2966, 3510, 290, 2360, 527, 318, 50, 296, 1176, 1617, 3083, 1266]"
5116,"[0, 0, 574, 1953, 1246, 3148, 1961, 2858, 3163, 2997, 3175, 3176, 2762, 2908]"
5117,"[0, 0, 0, 0, 0, 0, 0, 0, 0, 0, 0, 1097, 2028, 2858]"
5118,"[1544, 1917, 2353, 145, 1722, 316, 2006, 647, 1610, 1584, 1580, 3114, 1608, 2571]"
5119,"[0, 0, 0, 0, 1380, 543, 2997, 2858, 955, 1136, 1230, 298, 176, 2791]"
5120,"[480, 592, 2406, 3479, 2640, 3494, 2115, 1275, 1049, 2470, 2628, 2006, 1899, 2572]"
5121,"[457, 474, 110, 2571, 1610, 368, 3178, 2006, 349, 2273, 480, 1370, 733, 165]"
5122,"[2139, 2395, 1265, 3053, 3147, 2908, 3176, 2762, 3052, 3078, 2858, 2907, 1584, 2571]"
5123,"[3501, 3102, 3552, 454, 145, 3638, 3763, 1127, 3591, 3082, 2340, 2746, 3081, 736]"
5124,"[3683, 2130, 1197, 3543, 1231, 1299, 1199, 1258, 1288, 1300, 1270, 1240, 1097, 2917]"
5125,"[926, 1217, 1260, 2019, 1252, 3022, 912, 1254, 908, 2937, 913, 923, 2935, 1284]"
5126,"[3044, 380, 3614, 2762, 223, 2541, 2581, 2702, 3481, 1240, 1962, 1222, 1302, 800]"
5127,"[2571, 1214, 541, 924, 3070, 1240, 750, 589, 1200, 1653, 1274, 3700, 1580, 2407]"
5128,"[2863, 588, 595, 903, 924, 1212, 3730, 1625, 912, 1230, 1247, 3700, 908, 745]"
5129,"[1374, 1376, 2529, 480, 1077, 913, 1617, 1625, 1909, 648, 1597, 2024, 593, 3147]"
5130,"[1193, 80, 50, 527, 318, 1204, 750, 912, 3095, 260, 1233, 1254, 908, 3468]"
5131,"[2401, 1956, 1290, 2081, 3479, 3101, 2161, 1347, 2144, 1663, 2407, 1101, 1124, 2145]"
5132,"[3730, 2019, 953, 955, 899, 1952, 1237, 1247, 945, 903, 1939, 1208, 3260, 111]"
5133,"[3556, 3578, 3317, 2858, 2966, 2762, 3006, 3052, 3125, 3176, 2861, 3174, 3175, 3081]"
5134,"[2467, 1246, 1036, 1193, 858, 1136, 1380, 2905, 1267, 1276, 3030, 1219, 2947, 750]"
5135,"[3685, 2111, 3524, 3033, 2792, 3388, 1196, 2872, 1259, 1674, 1961, 1222, 1302, 3478]"
5136,"[2020, 2174, 2791, 1127, 1246, 1290, 1376, 2371, 2406, 2100, 1275, 2407, 2455, 2985]"
5137,"[745, 2858, 1, 2599, 1265, 2396, 2321, 3060, 235, 3174, 562, 663, 3108, 39]"
5138,"[1372, 2085, 594, 596, 2109, 508, 1029, 3643, 2747, 2764, 3255, 1012, 1968, 317]"
5139,"[2352, 1124, 1246, 318, 3006, 608, 2501, 1358, 3105, 150, 1213, 428, 3246, 1704]"
5140,"[2463, 2146, 2301, 2641, 3033, 3206, 2375, 2372, 2468, 2151, 2411, 3707, 17, 3255]"
5141,"[1527, 2571, 1206, 32, 2916, 316, 1274, 1676, 780, 3697, 1690, 1320, 172, 442]"
5142,"[2617, 1372, 2528, 2723, 552, 316, 2054, 2143, 3489, 1894, 462, 1377, 86, 3672]"
5143,"[457, 110, 493, 377, 480, 733, 1527, 780, 2763, 648, 3107, 736, 1370, 145]"
5144,"[1270, 1665, 364, 3510, 3536, 3578, 3615, 3624, 3623, 3452, 3744, 3515, 3565, 3484]"
5145,"[0, 0, 0, 0, 0, 0, 0, 0, 0, 0, 0, 2152, 3742, 3052]"
5146,"[0, 0, 0, 3079, 3101, 1150, 3006, 2912, 3078, 2908, 3736, 3788, 3730, 3728]"
5147,"[1649, 858, 587, 230, 2490, 2542, 3256, 1480, 1841, 373, 100, 3518, 454, 164]"
5148,"[39, 223, 2302, 2706, 2502, 1580, 1732, 1485, 2571, 1089, 50, 1617, 6, 377]"
5149,"[2108, 1221, 2966, 2762, 2908, 2997, 3052, 3176, 3174, 1218, 1198, 1225, 3683, 1197]"
5150,"[1210, 1, 318, 1196, 3771, 3702, 3703, 3698, 2085, 537, 2396, 1265, 151, 265]"
5151,"[1348, 1387, 2716, 1350, 2167, 366, 253, 1215, 1347, 2710, 3535, 3264, 2389, 2719]"
5152,"[0, 0, 0, 0, 0, 0, 0, 0, 0, 2194, 1210, 2085, 1203, 345]"
5153,"[477, 2114, 2240, 523, 805, 2112, 491, 2025, 524, 781, 2262, 3138, 3331, 1210]"
5154,"[3578, 3615, 3617, 3006, 2858, 3147, 2959, 2762, 2628, 2000, 2001, 3082, 736, 780]"
5155,"[0, 0, 0, 0, 0, 0, 0, 0, 0, 0, 0, 0, 0, 0]"
5156,"[1994, 3210, 1321, 3102, 3308, 2245, 3649, 2003, 2371, 1135, 2469, 3497, 3101, 111]"
5157,"[3629, 951, 1948, 2396, 1136, 1238, 3948, 912, 1244, 1247, 1172, 1296, 899, 1947]"
5158,"[3264, 532, 1974, 1327, 34, 588, 595, 661, 1907, 13, 364, 783, 3213, 1688]"
5159,"[0, 0, 0, 0, 0, 0, 0, 0, 0, 0, 0, 0, 0, 0]"
5160,"[2029, 3477, 296, 608, 318, 2858, 1247, 593, 919, 778, 1136, 1080, 1895, 2428]"
5161,"[441, 3763, 3704, 3729, 3693, 1201, 1283, 1304, 2478, 1378, 1379, 2580, 1945, 1084]"
5162,"[0, 356, 1079, 593, 3448, 457, 589, 2916, 349, 2490, 145, 2921, 2922, 1275]"
5163,"[296, 3196, 1228, 3105, 3360, 3068, 1945, 1233, 150, 1272, 2289, 1263, 3359, 1784]"
5164,"[1217, 1262, 1272, 2028, 3062, 1196, 1208, 1242, 2890, 1960, 2944, 3654, 3339, 3724]"
5165,"[2396, 3504, 1278, 3361, 3035, 3037, 235, 3108, 2973, 1307, 1162, 1244, 1259, 497]"
5166,"[924, 2660, 2664, 2010, 1206, 903, 904, 908, 608, 2186, 1248, 3629, 3307, 1517]"
5167,"[1009, 2093, 2015, 2253, 2287, 2288, 3662, 1396, 1215, 198, 1129, 1527, 1580, 1584]"
5168,"[0, 0, 1196, 1193, 3543, 62, 480, 2770, 3114, 34, 1784, 1, 1923, 1517]"
5169,"[1200, 1220, 590, 2353, 150, 25, 539, 1960, 1079, 1293, 3505, 1307, 2918, 3101]"
5170,"[1234, 1294, 1997, 1916, 1729, 1270, 1259, 101, 1060, 3499, 741, 2333, 2863, 2791]"
5171,"[3624, 897, 1196, 1127, 3175, 1375, 3156, 1587, 736, 2949, 3628, 1304, 2000, 3633]"
5172,"[1393, 3052, 3160, 82, 2247, 3079, 1513, 1207, 2971, 509, 2836, 781, 2763, 2732]"
5173,"[592, 1517, 1562, 2976, 3753, 1479, 1722, 3827, 336, 356, 2501, 1272, 1196, 2662]"
5174,"[0, 0, 235, 2921, 3636, 1344, 2018, 3007, 3129, 3163, 2997, 3051, 3055, 2908]"
5175,"[260, 1307, 2858, 3175, 2997, 2762, 3147, 2959, 3155, 110, 2336, 1246, 1923, 785]"
5176,"[1911, 1917, 3052, 3175, 2355, 1883, 1923, 2724, 3555, 432, 2879, 260, 2628, 3286]"
5177,"[494, 3764, 3274, 1918, 292, 168, 2722, 34, 1265, 2396, 2359, 838, 2302, 1784]"
5178,"[587, 356, 3591, 141, 3448, 3450, 500, 3263, 1784, 2054, 2155, 3500, 3614, 597]"
5179,"[2731, 3083, 246, 1617, 608, 296, 2858, 3114, 1213, 3006, 2289, 2761, 1912, 2571]"
5180,"[541, 1282, 1393, 1935, 2202, 1036, 1, 595, 2716, 34, 235, 2997, 1193, 3362]"
5181,"[2396, 2724, 3114, 2987, 2763, 2021, 3536, 3752, 3481, 3793, 260, 1196, 3155, 2433]"
5182,"[70, 2751, 1641, 457, 1293, 1625, 1653, 587, 2716, 1049, 2479, 2333, 920, 3448]"
5183,"[356, 3255, 2355, 1641, 1517, 1747, 368, 104, 1580, 339, 2718, 15, 1923, 3159]"
5184,"[3176, 3501, 1508, 454, 2340, 2976, 3298, 3301, 3324, 3125, 3535, 3328, 3408, 3539]"
5185,"[923, 2433, 2739, 3015, 1552, 1276, 2470, 352, 40, 440, 1008, 1246, 2871, 1263]"
5186,"[1374, 2968, 3702, 3527, 2916, 1210, 1653, 1301, 1376, 198, 1580, 610, 1909, 2407]"
5187,"[2916, 2116, 1215, 2657, 1356, 1396, 1921, 2011, 1580, 329, 2985, 1372, 2046, 1676]"
5188,"[986, 455, 169, 1271, 1588, 587, 2716, 2717, 593, 3114, 2396, 589, 1393, 1]"
5189,"[913, 342, 1234, 2908, 121, 307, 2174, 2968, 924, 3156, 3471, 1077, 1200, 1210]"
5190,"[588, 1028, 2687, 1029, 1097, 594, 595, 2355, 2018, 596, 2081, 986, 1907, 3615]"
5191,"[527, 1617, 457, 2571, 17, 497, 150, 2268, 553, 356, 508, 34, 2501, 588]"
5192,"[0, 0, 0, 0, 0, 2028, 3699, 21, 1235, 2355, 2038, 223, 2336, 3175]"
5193,"[2791, 3039, 3552, 1307, 1220, 3210, 2352, 2795, 2144, 2243, 2750, 2797, 2926, 1617]"
5194,"[2791, 1172, 1259, 1288, 1394, 1079, 3039, 3424, 2248, 3070, 3552, 2000, 3421, 1294]"
5195,"[1244, 1284, 2692, 2890, 334, 1202, 1276, 898, 899, 2936, 1228, 2728, 940, 951]"
5196,"[357, 345, 2359, 3712, 1516, 2706, 1243, 3298, 3289, 850, 306, 593, 608, 17]"
5197,"[368, 3025, 3122, 383, 3311, 1007, 913, 930, 1252, 1267, 1069, 2186, 2987, 1248]"
5198,"[2064, 1291, 2076, 2804, 2889, 3751, 3897, 3893, 3913, 3948, 2579, 2966, 32, 2706]"
5199,"[1210, 1193, 2881, 1620, 3256, 110, 151, 1197, 3114, 2918, 1136, 2000, 2716, 2028]"
5200,"[903, 933, 1249, 457, 1674, 1036, 1, 919, 531, 595, 588, 2081, 364, 1282]"
5201,"[1197, 3363, 3361, 2028, 2064, 1233, 1278, 541, 1269, 1084, 529, 3203, 965, 2948]"
5202,"[0, 0, 0, 1210, 1197, 2028, 1266, 1136, 1080, 2912, 1201, 1089, 296, 1953]"
5203,"[1617, 595, 242, 364, 551, 1087, 1093, 1188, 1088, 303, 1266, 2012, 553, 383]"
5204,"[1291, 539, 2692, 32, 2968, 1270, 2011, 1175, 1396, 1584, 3471, 2118, 784, 19]"
5205,"[3018, 2716, 1982, 1345, 2003, 2867, 1128, 3917, 2459, 1130, 1261, 1347, 1299, 3911]"
5206,"[1101, 1569, 2858, 3147, 3157, 2324, 2028, 3114, 1, 527, 2570, 2571, 1704, 595]"
5207,"[0, 0, 0, 1404, 1617, 1270, 1172, 1197, 2919, 2243, 1674, 1307, 2020, 2065]"
5208,"[349, 319, 47, 3006, 3052, 3753, 3863, 3355, 3578, 3408, 3867, 3535, 318, 588]"
5209,"[1275, 3763, 474, 1198, 589, 2947, 1291, 2115, 349, 2353, 1610, 1036, 3527, 3769]"
5210,"[527, 2762, 1131, 1132, 969, 1947, 1036, 926, 1104, 541, 36, 1387, 1079, 1277]"
5211,"[3091, 1225, 1300, 2020, 1960, 3360, 3098, 2919, 1293, 2248, 3347, 1290, 1296, 1959]"
5212,"[1260, 1212, 750, 2360, 2731, 1248, 162, 3010, 3089, 3182, 910, 3543, 899, 1041]"
5213,"[0, 0, 3016, 480, 3252, 1663, 2028, 3408, 3409, 3578, 3623, 3624, 3565, 3452]"
5214,"[0, 0, 0, 0, 0, 0, 0, 0, 0, 0, 708, 1962, 318, 1225]"
5215,"[0, 0, 0, 902, 919, 58, 515, 3072, 3101, 2521, 3435, 858, 1230, 1204]"
5216,"[0, 0, 0, 0, 0, 0, 0, 0, 0, 0, 318, 2028, 2858, 1127]"
5217,"[593, 608, 50, 1089, 2997, 3745, 3751, 3793, 2628, 1391, 1690, 1625, 457, 1610]"
5218,"[2968, 1019, 2015, 1097, 2453, 2100, 2105, 2628, 2021, 2, 3489, 653, 2143, 3438]"
5219,"[924, 32, 1270, 29, 1748, 1584, 1274, 2021, 1909, 1921, 1527, 718, 2311, 1320]"
5220,"[2521, 1207, 924, 1963, 1200, 3683, 1270, 1960, 2248, 2020, 2915, 1663, 1321, 1081]"
5221,"[111, 3705, 3724, 3735, 922, 3435, 1252, 541, 913, 1267, 903, 904, 924, 1086]"
5222,"[1230, 2997, 1617, 3504, 2396, 759, 457, 2571, 2028, 1218, 3897, 1022, 2081, 3175]"
5223,"[1747, 1884, 663, 216, 1320, 327, 665, 3509, 1199, 2020, 1258, 3039, 2139, 1136]"
5224,"[0, 0, 0, 0, 0, 0, 0, 1193, 1097, 1127, 2355, 3543, 3615, 3159]"
5225,"[2021, 1248, 1136, 1079, 1080, 2542, 3396, 2716, 2791, 1500, 2918, 1256, 3671, 2174]"
5226,"[589, 2571, 2947, 1242, 3703, 1036, 1201, 1240, 3384, 2993, 3763, 3578, 377, 2194]"
5227,"[3439, 1562, 1681, 1497, 692, 1869, 3527, 2985, 3444, 2422, 2404, 2046, 1750, 2448]"
5228,"[0, 1136, 1193, 1210, 3717, 750, 50, 296, 1208, 2571, 1207, 2028, 356, 223]"
5229,"[2490, 2560, 24, 2013, 2692, 2840, 2841, 2762, 3114, 589, 1584, 2571, 32, 1653]"
5230,"[1608, 454, 1092, 1573, 2334, 1198, 1242, 3703, 2985, 1275, 1220, 2989, 2001, 3444]"
5231,"[0, 1210, 2355, 1240, 3578, 3303, 2571, 2028, 458, 1, 3114, 1221, 858, 1222]"
5232,"[2723, 2826, 1320, 2468, 1, 1148, 3114, 1223, 745, 3751, 588, 2355, 2987, 2294]"
5233,"[34, 3020, 1574, 94, 2804, 3783, 1617, 1704, 1635, 232, 3468, 1545, 3822, 3730]"
5234,"[2968, 3471, 1097, 2455, 3527, 480, 2091, 2640, 2657, 2973, 2108, 1895, 937, 3108]"
5235,"[3175, 745, 3114, 1234, 2997, 1265, 34, 2791, 3060, 2804, 1136, 2747, 2716, 750]"
5236,"[2858, 608, 589, 2916, 1527, 2628, 1876, 1573, 316, 780, 1249, 457, 1873, 3753]"
5237,"[592, 2115, 733, 10, 2470, 3114, 3175, 2762, 3147, 2628, 1198, 1291, 1704, 1196]"
5238,"[0, 0, 0, 0, 0, 0, 0, 0, 0, 0, 318, 1097, 2087, 938]"
5239,"[25, 342, 357, 1271, 2058, 282, 3219, 2282, 141, 380, 648, 2340, 2442, 2231]"
5240,"[3004, 2858, 2762, 1446, 2997, 232, 3178, 1188, 342, 21, 2690, 1500, 345, 2359]"
5241,"[1270, 3251, 3175, 838, 3148, 3408, 3481, 3948, 905, 3751, 3534, 318, 527, 2571]"
5242,"[2692, 3019, 3521, 924, 3471, 2571, 1921, 29, 1214, 741, 1653, 1301, 2105, 2140]"
5243,"[0, 0, 0, 0, 0, 0, 1198, 2723, 1270, 1210, 260, 2571, 3175, 2009]"
5244,"[356, 1090, 2858, 2762, 2976, 3147, 3082, 2712, 2628, 3623, 2959, 349, 480, 2103]"
5245,"[2946, 923, 858, 2738, 3462, 2908, 2696, 265, 3633, 3516, 3543, 58, 3608, 3129]"
5246,"[1923, 1824, 2766, 2542, 356, 441, 1777, 1060, 1641, 368, 69, 231, 852, 1476]"
5247,"[0, 0, 0, 0, 0, 0, 0, 0, 0, 2858, 2710, 2770, 223, 1093]"
5248,"[952, 1395, 539, 2015, 2874, 1937, 1958, 2407, 1542, 3501, 1135, 2622, 1380, 144]"
5249,"[235, 440, 2321, 1784, 317, 500, 141, 3450, 830, 203, 1894, 1359, 3879, 3744]"
5250,"[2571, 3538, 3825, 3863, 920, 3783, 3798, 3901, 1380, 2325, 3897, 1259, 1895, 1676]"
5251,"[1197, 1247, 1957, 1585, 1307, 902, 1293, 497, 915, 3873, 2915, 953, 1177, 2137]"
5252,"[260, 1219, 1252, 1299, 3089, 3362, 3763, 1233, 1193, 593, 1957, 919, 2020, 2064]"
5253,"[969, 1242, 2067, 1210, 1222, 1090, 1, 596, 2080, 2096, 2899, 1022, 1198, 421]"
5254,"[1883, 1610, 2353, 1682, 161, 1923, 733, 62, 1393, 2268, 349, 1580, 1372, 780]"
5255,"[1247, 1281, 1041, 903, 942, 1931, 1203, 1719, 1950, 49, 2935, 2997, 1293, 3265]"
5256,"[3753, 3185, 3007, 3148, 3176, 246, 265, 2490, 1044, 300, 43, 1727, 2706, 1892]"
5257,"[1104, 334, 899, 928, 3068, 318, 1080, 190, 942, 3334, 1240, 1253, 1270, 2287]"
5258,"[0, 0, 0, 0, 0, 0, 0, 3037, 963, 2568, 749, 1617, 3652, 2341]"
5259,"[923, 2858, 111, 919, 3735, 924, 1952, 1233, 593, 1207, 318, 3006, 2804, 1945]"
5260,"[923, 260, 908, 1278, 1198, 3365, 994, 1219, 1387, 1994, 1258, 2174, 2872, 1019]"
5261,"[1225, 2324, 318, 1193, 3083, 926, 296, 2728, 1300, 1084, 34, 1208, 1186, 1104]"
5262,"[0, 0, 0, 1597, 1721, 930, 1207, 3543, 2687, 2762, 1304, 3174, 3552, 2474]"
5263,"[1215, 2662, 592, 3527, 377, 3635, 2058, 610, 1580, 2985, 1376, 2344, 3256, 2353]"
5264,"[2011, 898, 260, 1909, 1213, 318, 50, 593, 3421, 1089, 1949, 2395, 3019, 953]"
5265,"[2682, 2697, 2391, 3298, 3598, 3178, 3328, 3148, 3179, 3160, 3150, 1846, 2481, 263]"
5266,"[260, 2858, 2762, 2712, 1276, 1678, 593, 608, 318, 36, 527, 1213, 1358, 3418]"
5267,"[1028, 1078, 3044, 3176, 2355, 3125, 2247, 1374, 912, 247, 1066, 3160, 3079, 3535]"
5268,"[866, 1094, 11, 342, 1059, 356, 1680, 509, 587, 708, 1777, 1721, 2671, 351]"
5269,"[1546, 1245, 3160, 1214, 2395, 1248, 1267, 2599, 1095, 260, 1203, 750, 1243, 1247]"
5270,"[2657, 1527, 2628, 3638, 2393, 1371, 1216, 3627, 608, 2174, 1967, 367, 1126, 1387]"
5271,"[34, 2324, 1060, 3571, 3578, 3538, 1233, 715, 1860, 337, 32, 1699, 1245, 1673]"
5272,"[2301, 329, 1356, 1374, 1376, 2657, 2324, 527, 2918, 1220, 2248, 2371, 2372, 2605]"
5273,"[1104, 1945, 1131, 1213, 1358, 3371, 1103, 36, 1293, 2612, 3068, 1935, 1950, 3678]"
5274,"[0, 0, 0, 0, 0, 0, 0, 0, 2263, 2710, 111, 593, 858, 2858]"
5275,"[1393, 628, 346, 1653, 1476, 574, 531, 508, 1794, 345, 3684, 802, 62, 685]"
5276,"[3082, 1198, 3104, 342, 3006, 2763, 3175, 1900, 17, 1665, 2762, 186, 1923, 2599]"
5277,"[122, 3499, 1951, 2971, 1035, 2406, 1101, 3948, 1900, 1148, 1208, 150, 34, 1220]"
5278,"[3479, 2872, 3153, 2797, 3044, 2369, 3653, 608, 2529, 1235, 1304, 3793, 2316, 2804]"
5279,"[2020, 357, 1393, 915, 1680, 3668, 2025, 11, 509, 2858, 2997, 3052, 3176, 2396]"
5280,"[0, 0, 0, 0, 0, 1047, 1210, 3408, 3481, 3571, 3624, 3006, 2858, 2959]"
5281,"[1292, 1125, 2109, 2779, 1073, 1380, 3471, 3507, 780, 2236, 3763, 3809, 318, 3871]"
5282,"[2413, 2014, 180, 2622, 1441, 543, 1057, 597, 1513, 3477, 2088, 3301, 2016, 2038]"
5283,"[1217, 1307, 1242, 2248, 1374, 2716, 2797, 2194, 1036, 1220, 3397, 1968, 1246, 3039]"
5284,"[318, 527, 593, 1193, 1704, 2872, 2174, 1967, 1073, 2628, 541, 1307, 1299, 590]"
5285,"[2694, 223, 1911, 1093, 2605, 2580, 2805, 2490, 24, 2840, 2763, 1298, 3168, 1208]"
5286,"[2671, 1078, 3061, 3552, 3255, 940, 260, 1198, 1214, 1221, 1233, 1304, 858, 2019]"
5287,"[2108, 2302, 1777, 539, 1569, 1485, 1441, 339, 3253, 597, 205, 3450, 500, 2249]"
5288,"[3618, 3359, 1208, 483, 1300, 1132, 1296, 1299, 1721, 896, 904, 915, 2950, 3624]"
5289,"[1333, 1273, 3260, 2078, 1023, 1019, 21, 2940, 2633, 471, 3683, 3749, 3783, 1321]"
5290,"[3174, 318, 608, 307, 1407, 3499, 2159, 2710, 1320, 1717, 724, 3019, 3424, 3543]"
5291,"[32, 1263, 1292, 17, 2971, 2969, 2366, 3359, 1617, 527, 2396, 318, 1, 3114]"
5292,"[0, 3160, 1264, 1299, 858, 2858, 912, 908, 2132, 1104, 1217, 1228, 1247, 111]"
5293,"[1218, 541, 1197, 1225, 1270, 1288, 1199, 1231, 1240, 1293, 2716, 1224, 1259, 1374]"
5294,"[3262, 912, 2927, 928, 936, 1197, 1230, 920, 1172, 1247, 902, 1296, 2020, 2291]"
5295,"[0, 0, 0, 0, 0, 0, 0, 2054, 595, 3070, 1210, 3552, 1304, 2762]"
5296,"[912, 318, 527, 919, 3467, 1276, 2067, 296, 2858, 1213, 1259, 1084, 2728, 1225]"
5297,"[2539, 2707, 733, 2302, 2058, 2762, 587, 628, 2561, 2353, 1754, 662, 377, 2763]"
5298,"[1127, 260, 1210, 589, 2571, 1240, 1584, 32, 1356, 1527, 1376, 1909, 780, 2011]"
5299,"[924, 1206, 541, 1240, 2288, 1965, 2529, 3070, 2455, 3435, 1252, 3683, 930, 2186]"
5300,"[3555, 3897, 3424, 947, 2936, 3925, 3929, 3067, 3819, 2973, 1292, 1078, 2863, 1080]"
5301,"[356, 1994, 508, 364, 592, 920, 1090, 2687, 2078, 1201, 368, 1608, 2406, 2087]"
5302,"[2085, 222, 3408, 46, 988, 356, 3360, 1610, 2324, 3255, 1580, 3189, 3753, 260]"
5303,"[1293, 1302, 2739, 1185, 1225, 2313, 1090, 3071, 1172, 1961, 2020, 527, 318, 593]"
5304,"[0, 0, 0, 0, 0, 858, 17, 593, 3006, 2858, 2997, 2762, 2891, 3185]"
5305,"[1909, 1063, 2413, 1456, 466, 275, 2598, 1620, 170, 316, 1409, 179, 1043, 1811]"
5306,"[3451, 281, 508, 1187, 1672, 959, 647, 3578, 805, 57, 350, 230, 3496, 3107]"
5307,"[2021, 1009, 1073, 2015, 3153, 1019, 589, 3175, 2571, 1921, 2916, 1527, 1580, 788]"
5308,"[593, 2605, 750, 1527, 329, 1396, 3471, 1580, 1909, 1206, 2571, 2011, 1584, 3467]"
5309,"[0, 0, 0, 0, 0, 0, 50, 1196, 1136, 527, 2028, 2858, 2706, 2355]"
5310,"[947, 2215, 920, 974, 898, 912, 928, 930, 931, 3097, 2920, 2935, 2066, 913]"
5311,"[3646, 3420, 1203, 924, 1019, 965, 828, 3435, 960, 858, 2927, 903, 1212, 1221]"
5312,"[3317, 3911, 514, 2779, 2102, 3174, 3712, 2124, 1246, 529, 3006, 994, 101, 1241]"
5313,"[3736, 3740, 3714, 3724, 3730, 3653, 3676, 3684, 3686, 3732, 3656, 3723, 3678, 3702]"
5314,"[0, 0, 0, 0, 0, 0, 0, 0, 0, 32, 2391, 593, 318, 3481]"
5315,"[2770, 2599, 913, 2310, 1959, 2723, 2490, 2686, 2396, 3176, 3435, 1230, 858, 912]"
5316,"[3007, 2706, 2355, 2710, 2716, 2723, 2502, 2686, 2692, 2396, 2700, 3114, 2987, 58]"
5317,"[3210, 2398, 1266, 1271, 3499, 803, 2915, 3554, 1022, 2883, 1951, 1387, 933, 3282]"
5318,"[648, 2105, 2278, 861, 353, 780, 3740, 3441, 2273, 3704, 316, 1722, 2094, 3698]"
5319,"[1513, 445, 1552, 288, 3708, 1092, 95, 3863, 3328, 3793, 3535, 1199, 750, 1584]"
5320,"[0, 0, 0, 0, 0, 0, 0, 0, 0, 0, 0, 0, 358, 3578]"
5321,"[1231, 3342, 1955, 2890, 1094, 1639, 1183, 293, 337, 1517, 326, 1095, 1393, 233]"
5322,"[265, 1734, 3784, 3897, 909, 1220, 2407, 3418, 3448, 2657, 2321, 1777, 2797, 2000]"
5323,"[1097, 3527, 2916, 1215, 1274, 1356, 1077, 3182, 2330, 1189, 134, 162, 2677, 1050]"
5324,"[260, 1196, 3168, 1204, 1259, 1262, 1291, 969, 590, 3104, 610, 349, 2005, 1304]"
5325,"[924, 2324, 3147, 2176, 2467, 36, 1633, 1704, 590, 150, 2739, 1693, 2716, 2352]"
5326,"[0, 3081, 2459, 1233, 3701, 3671, 307, 151, 1429, 3203, 482, 3246, 1257, 1441]"
5327,"[3717, 2761, 913, 3623, 968, 2901, 2013, 2692, 2396, 2724, 2762, 2841, 3157, 3114]"
5328,"[3223, 523, 293, 2858, 175, 3504, 235, 562, 73, 1247, 32, 1358, 3067, 2289]"
5329,"[3363, 2130, 3204, 222, 2759, 3115, 2940, 912, 3435, 1207, 910, 260, 1148, 1537]"
5330,"[3083, 2488, 1244, 2351, 1041, 1213, 3019, 1944, 2289, 3359, 3578, 296, 123, 608]"
5331,"[2915, 2268, 593, 1704, 457, 1610, 367, 1079, 150, 508, 1094, 1784, 1101, 3755]"
5332,"[1198, 1387, 1240, 1036, 1200, 457, 1201, 3175, 1610, 2353, 2880, 1429, 1597, 1047]"
5333,"[3751, 3471, 2962, 2707, 293, 932, 1042, 1784, 357, 3061, 1617, 898, 2721, 3822]"
5334,"[0, 0, 0, 0, 0, 0, 0, 0, 0, 0, 0, 2457, 1114, 2197]"
5335,"[1022, 750, 1086, 3543, 2759, 1097, 2948, 2689, 457, 1265, 2080, 1291, 1617, 3072]"
5336,"[1036, 1291, 2028, 1200, 2947, 2948, 1610, 969, 2949, 3633, 1954, 2288, 2991, 2993]"
5337,"[2615, 1373, 421, 2471, 588, 594, 595, 2355, 2018, 596, 2096, 1907, 364, 1282]"
5338,"[1573, 2011, 3070, 1676, 3638, 1019, 2173, 2528, 2311, 3033, 2105, 1371, 316, 1603]"
5339,"[1371, 2424, 1584, 551, 3000, 3617, 318, 541, 593, 527, 1270, 3469, 110, 1206]"
5340,"[497, 803, 708, 11, 509, 377, 1408, 3426, 1057, 2671, 339, 764, 105, 2385]"
5341,"[2005, 3397, 3526, 1290, 3480, 3478, 3101, 3398, 2469, 3142, 2746, 2639, 2072, 2942]"
5342,"[3441, 2353, 2527, 1587, 1129, 780, 34, 1358, 1393, 2501, 1704, 36, 587, 357]"
5343,"[3408, 3298, 3301, 2762, 919, 3114, 1023, 1, 594, 595, 2137, 1097, 588, 2081]"
5344,"[474, 669, 2494, 2454, 1727, 161, 539, 3317, 3257, 2539, 1810, 2699, 195, 1293]"
5345,"[3450, 1541, 156, 2325, 1457, 203, 2369, 2598, 2249, 2485, 2111, 705, 3033, 1513]"
5346,"[2858, 2019, 2351, 912, 213, 1224, 3545, 1188, 594, 1282, 1022, 1907, 2018, 3000]"
5347,"[377, 1527, 349, 2353, 3107, 368, 380, 733, 3256, 1370, 292, 648, 1722, 10]"
5348,"[2550, 3013, 1261, 2716, 3018, 2455, 968, 3016, 1645, 3693, 2459, 1327, 2004, 2793]"
5349,"[3347, 1124, 1962, 2068, 3098, 1246, 3111, 1961, 2750, 1959, 1295, 3109, 2420, 2262]"
5350,"[1748, 3006, 2858, 2959, 2997, 2762, 3174, 3052, 2976, 2712, 3634, 1, 741, 1282]"
5351,"[0, 0, 1198, 597, 920, 3512, 3578, 3594, 260, 1196, 919, 1262, 1291, 590]"
5352,"[1081, 3549, 2011, 317, 1722, 2078, 3076, 1835, 3101, 1625, 239, 2150, 3507, 1721]"
5353,"[50, 1704, 2396, 1219, 1617, 608, 1204, 1252, 1214, 1307, 1036, 1270, 1997, 1266]"
5354,"[2571, 21, 3418, 457, 474, 349, 377, 1370, 507, 1573, 353, 376, 380, 733]"
5355,"[2160, 3893, 3578, 3510, 3755, 260, 1196, 2173, 2037, 3811, 1221, 1224, 3201, 1584]"
5356,"[1219, 1258, 1278, 2488, 3576, 3499, 3535, 1997, 1214, 2664, 1387, 968, 1261, 3476]"
5357,"[223, 2541, 2718, 2580, 2690, 2581, 1513, 2396, 2724, 2485, 3157, 2700, 2762, 3176]"
5358,"[0, 695, 1210, 1220, 1294, 3671, 3742, 3654, 1233, 858, 2019, 1953, 2944, 969]"
5359,"[3000, 3915, 3328, 3363, 2628, 3896, 2997, 3148, 2707, 3861, 2403, 1363, 3114, 1997]"
5360,"[1196, 3510, 3623, 3617, 3354, 3511, 3593, 2858, 2762, 3081, 2861, 3175, 3005, 3113]"
5361,"[2471, 828, 1304, 1610, 2763, 3418, 432, 1099, 1955, 1307, 3360, 3526, 2302, 2432]"
5362,"[899, 2066, 913, 930, 3435, 2203, 1284, 942, 923, 3089, 2920, 907, 945, 1066]"
5363,"[2916, 474, 1356, 1370, 1580, 2628, 780, 2763, 648, 2881, 329, 736, 1372, 1918]"
5364,"[3476, 1407, 2160, 1459, 1620, 350, 3686, 662, 1648, 3249, 1552, 2346, 1717, 2263]"
5365,"[1821, 74, 1920, 2722, 748, 2266, 804, 550, 2558, 724, 2598, 1792, 1461, 836]"
5366,"[1249, 2571, 1845, 2125, 1732, 1429, 861, 1858, 2302, 1682, 3476, 2353, 3271, 471]"
5367,"[911, 965, 3000, 3730, 3916, 2908, 2959, 2490, 1095, 2194, 3481, 1500, 1304, 1394]"
5368,"[1527, 2657, 671, 2105, 608, 50, 1617, 1249, 589, 1264, 47, 1645, 587, 3686]"
5369,"[1104, 1299, 1131, 34, 1179, 1673, 334, 25, 2130, 1094, 428, 902, 2919, 1208]"
5370,"[0, 0, 0, 0, 0, 0, 0, 0, 0, 0, 0, 0, 0, 0]"
5371,"[3019, 1610, 2108, 2194, 1904, 2312, 2394, 3920, 1721, 1285, 1120, 2282, 25, 2916]"
5372,"[1617, 608, 50, 457, 474, 1036, 318, 2268, 2858, 2706, 2707, 2694, 2433, 223]"
5373,"[260, 2167, 3578, 3624, 3408, 3536, 3593, 1196, 1198, 1197, 3000, 2571, 1240, 589]"
5374,"[2770, 2433, 3203, 2881, 2546, 1911, 3543, 2759, 1093, 2599, 2605, 2336, 2688, 2333]"
5375,"[2844, 3005, 2628, 1148, 1175, 1243, 1500, 1171, 1, 1641, 1215, 125, 1517, 2384]"
5376,"[1036, 3552, 1285, 3347, 2467, 2076, 2915, 1246, 2150, 2401, 2371, 3174, 3185, 2959]"
5377,"[3179, 2744, 318, 593, 296, 1213, 3246, 25, 1259, 2248, 2804, 493, 1036, 1258]"
5378,"[3552, 2746, 3174, 3501, 3604, 3608, 1081, 3671, 3684, 3681, 3678, 3702, 3704, 3713]"
5379,"[2687, 454, 1375, 3591, 3082, 3489, 3552, 3033, 5, 1587, 2605, 1863, 2762, 3081]"
5380,"[0, 0, 0, 0, 0, 0, 0, 0, 0, 0, 0, 0, 2470, 3535]"
5381,"[0, 0, 0, 595, 593, 2028, 1343, 356, 1, 2836, 1270, 2797, 3361, 3104]"
5382,"[2490, 1587, 2273, 2409, 1136, 2791, 1270, 1265, 2716, 2915, 3253, 2081, 1073, 1682]"
5383,"[0, 934, 1210, 1961, 3549, 2762, 2687, 3608, 2746, 1033, 1127, 1375, 2082, 932]"
5384,"[919, 242, 594, 595, 918, 945, 2857, 73, 1028, 588, 2087, 1947, 1282, 1032]"
5385,"[32, 1210, 1097, 1374, 1584, 1921, 2288, 1653, 2640, 1376, 3405, 1198, 858, 1036]"
5386,"[3675, 3755, 2672, 3744, 3752, 3793, 3763, 3770, 553, 2858, 3863, 3879, 3408, 2826]"
5387,"[1283, 1189, 246, 1192, 581, 3188, 2693, 3859, 2912, 1136, 3083, 1963, 2599, 2791]"
5388,"[0, 3101, 1573, 527, 361, 3409, 3512, 3457, 3418, 1198, 1912, 457, 507, 1387]"
5389,"[2628, 780, 1573, 1690, 1391, 1261, 2858, 2890, 2762, 3006, 2997, 2908, 223, 2333]"
5390,"[1136, 1394, 3037, 1, 1256, 1278, 2289, 235, 3504, 1288, 1294, 1079, 3363, 3671]"
5391,"[0, 0, 0, 0, 0, 0, 908, 1201, 3653, 2762, 3006, 1304, 2076, 265]"
5392,"[0, 1097, 1721, 1196, 1393, 2389, 2762, 608, 2858, 34, 110, 1704, 17, 1183]"
5393,"[2268, 3451, 1672, 2245, 2076, 1246, 3255, 2852, 2427, 3448, 508, 2262, 3251, 3420]"
5394,"[2064, 971, 101, 1212, 3034, 3424, 3795, 352, 162, 1267, 2300, 2579, 1947, 1625]"
5395,"[2124, 2439, 2858, 1225, 3801, 2294, 3524, 1784, 34, 147, 1092, 2352, 994, 1673]"
5396,"[1077, 1127, 3527, 3070, 1580, 3699, 1396, 2407, 610, 29, 2916, 2640, 480, 1573]"
5397,"[909, 2132, 3882, 3275, 949, 948, 922, 3435, 1617, 2648, 2160, 1348, 2366, 1947]"
5398,"[1221, 418, 552, 3052, 3081, 2858, 3175, 2959, 2976, 2997, 2762, 2908, 1770, 2891]"
5399,"[1372, 1396, 1876, 1580, 316, 2012, 1573, 1917, 329, 2600, 1676, 2094, 379, 748]"
5400,"[0, 0, 0, 0, 0, 0, 0, 0, 1042, 1829, 2694, 484, 170, 3457]"
5401,"[661, 1028, 2085, 1654, 1022, 1073, 2080, 2355, 2018, 2096, 1967, 1012, 588, 2161]"
5402,"[1097, 1693, 902, 1907, 356, 1210, 1721, 1873, 1028, 3682, 1374, 2355, 2406, 628]"
5403,"[1876, 1527, 1676, 1580, 1573, 3033, 2986, 3354, 2006, 2912, 1770, 3755, 3174, 3129]"
5404,"[1307, 1955, 1693, 1079, 2804, 3671, 3499, 588, 2916, 2529, 1784, 2000, 3526, 1124]"
5405,"[1304, 982, 2949, 3516, 1333, 3755, 3783, 2997, 3952, 2369, 913, 1959, 2906, 3185]"
5406,"[912, 969, 904, 1957, 3713, 150, 1198, 3359, 1954, 2501, 920, 1907, 595, 1023]"
5407,"[356, 3578, 3676, 3684, 3681, 3723, 3685, 3712, 3693, 50, 3175, 1517, 2683, 912]"
5408,"[788, 673, 594, 919, 899, 595, 938, 588, 3159, 1282, 661, 2565, 3549, 364]"
5409,"[0, 0, 0, 0, 0, 0, 0, 0, 0, 0, 0, 0, 0, 1488]"
5410,"[3741, 3671, 3672, 3724, 3684, 3723, 3702, 3703, 3733, 3685, 3699, 3735, 3675, 1127]"
5411,"[0, 0, 0, 0, 0, 0, 0, 0, 0, 0, 0, 1654, 1210, 914]"
5412,"[1204, 3052, 272, 2712, 1188, 1266, 2686, 1249, 1954, 2915, 1961, 150, 3159, 1617]"
5413,"[1268, 151, 3030, 36, 1358, 3317, 3897, 3852, 904, 678, 2769, 3949, 1221, 858]"
5414,"[1242, 457, 2028, 377, 380, 588, 2005, 1073, 2867, 1991, 2746, 1976, 2120, 2617]"
5415,"[1060, 1197, 1028, 3072, 2359, 1265, 1307, 1073, 3060, 2915, 1923, 357, 919, 969]"
5416,"[3660, 3698, 3699, 3712, 3735, 905, 1394, 2858, 2324, 1269, 1, 910, 1278, 1270]"
5417,"[0, 0, 0, 0, 0, 0, 0, 0, 1198, 260, 1073, 1097, 2872, 3153]"
5418,"[3081, 2710, 904, 1269, 912, 1230, 1244, 920, 1172, 446, 1199, 3070, 3035, 527]"
5419,"[1224, 1234, 2384, 2571, 164, 1196, 1197, 2692, 3429, 1179, 1243, 2700, 778, 1374]"
5420,"[2018, 1073, 3396, 3397, 531, 917, 2137, 1460, 3157, 2709, 3398, 2876, 661, 1014]"
5421,"[1132, 1960, 1197, 1300, 1961, 3071, 1186, 1962, 2243, 2076, 2194, 1222, 3360, 3101]"
5422,"[500, 3524, 351, 1614, 2145, 410, 597, 171, 1513, 3247, 2029, 1410, 7, 294]"
5423,"[1230, 260, 1234, 750, 1206, 1254, 1299, 3359, 1207, 1231, 2324, 1387, 910, 296]"
5424,"[2791, 2918, 1220, 3671, 955, 1265, 3396, 3088, 2797, 3363, 2542, 3897, 3948, 1198]"
5425,"[2692, 2987, 296, 608, 1193, 318, 111, 527, 1213, 1225, 1594, 1952, 1276, 1673]"
5426,"[1917, 1367, 1485, 2822, 95, 253, 736, 2273, 586, 1047, 141, 1552, 257, 2431]"
5427,"[2730, 1228, 858, 1288, 1256, 2716, 1244, 1292, 1, 3671, 1517, 21, 3578, 296]"
5428,"[2145, 3176, 1639, 1672, 1958, 2745, 647, 1810, 280, 2114, 3270, 3370, 3578, 3555]"
5429,"[2245, 1639, 2420, 2109, 2262, 2314, 2791, 1073, 3423, 838, 1678, 62, 1246, 2996]"
5430,"[2506, 2297, 1895, 7, 1569, 1353, 2502, 2497, 2485, 1894, 2316, 2724, 2906, 736]"
5431,"[556, 1271, 1243, 1693, 3386, 2108, 1777, 2581, 194, 3255, 440, 1177, 1650, 1683]"
5432,"[3101, 3167, 1955, 900, 952, 21, 1208, 2969, 154, 2929, 281, 1124, 2583, 1948]"
5433,"[1193, 1235, 1234, 2788, 1292, 1955, 3671, 1125, 800, 2997, 3052, 3745, 3785, 3007]"
5434,"[1936, 912, 1284, 906, 929, 930, 2206, 2398, 931, 1938, 1178, 2019, 908, 910]"
5435,"[3706, 1233, 457, 110, 2028, 2571, 1610, 1573, 1580, 349, 2353, 2763, 32, 1584]"
5436,"[0, 380, 2028, 552, 2922, 589, 2571, 1356, 1049, 1610, 6, 493, 480, 1722]"
5437,"[2858, 2289, 3481, 1834, 678, 47, 1653, 2997, 3081, 1997, 3471, 909, 3706, 3147]"
5438,"[3499, 538, 1183, 1094, 475, 1215, 2858, 50, 1246, 1299, 1097, 1228, 1185, 2194]"
5439,"[0, 0, 0, 0, 0, 0, 3022, 912, 919, 1387, 3006, 3055, 2858, 2966]"
5440,"[164, 247, 3466, 1654, 1392, 235, 2599, 2997, 1265, 176, 1175, 3108, 21, 728]"
5441,"[1917, 34, 1282, 1012, 1032, 1097, 1221, 2917, 3147, 2054, 2105, 60, 3683, 1344]"
5442,"[866, 1639, 1266, 589, 1265, 1885, 1610, 1729, 47, 1358, 588, 3052, 2571, 1500]"
5443,"[2161, 2193, 3466, 3489, 1253, 2662, 610, 611, 2615, 196, 1690, 446, 1357, 2006]"
5444,"[0, 0, 0, 0, 0, 0, 260, 47, 2942, 2572, 2718, 2719, 2676, 2502]"
5445,"[1179, 1284, 247, 2100, 2174, 2797, 1073, 2138, 2005, 317, 1204, 969, 1254, 1259]"
5446,"[2728, 2731, 2020, 1185, 1939, 1206, 1231, 1233, 1387, 232, 2858, 3545, 1175, 1952]"
5447,"[2065, 3668, 969, 1947, 2969, 1946, 11, 1265, 2067, 3094, 2971, 2300, 107, 1088]"
5448,"[1584, 2943, 2302, 2321, 1747, 492, 2721, 62, 230, 2268, 3258, 1410, 55, 3812]"
5449,"[2987, 3052, 3082, 3408, 3148, 3081, 3326, 1198, 2948, 1222, 2278, 480, 2353, 733]"
5450,"[1246, 2333, 1732, 1222, 1297, 2302, 1673, 2626, 2700, 509, 1643, 1962, 3812, 705]"
5451,"[390, 1377, 2763, 2023, 2273, 329, 912, 2935, 899, 945, 1247, 2020, 920, 866]"
5452,"[2391, 1089, 2580, 246, 99, 556, 581, 206, 363, 162, 1111, 1192, 1191, 1653]"
5453,"[2918, 25, 3363, 47, 1625, 1358, 3044, 1834, 733, 161, 2353, 1608, 481, 3256]"
5454,"[720, 3083, 593, 3067, 1214, 2858, 3551, 1264, 3405, 3062, 969, 260, 2366, 3418]"
5455,"[3147, 457, 1136, 590, 1215, 733, 480, 1580, 2, 736, 2617, 2006, 2167, 316]"
5456,"[2883, 2804, 2973, 1234, 2396, 1256, 2289, 34, 1244, 1265, 1304, 921, 1288, 2797]"
5457,"[3253, 1777, 543, 471, 1747, 449, 1748, 3081, 608, 32, 29, 2664, 3863, 671]"
5458,"[2628, 318, 110, 2983, 125, 1809, 1292, 3396, 3072, 1270, 3210, 1968, 1285, 2174]"
5459,"[2541, 2722, 2888, 2772, 2881, 2605, 3409, 2688, 3578, 2716, 2676, 24, 2396, 2762]"
5460,"[1730, 2329, 293, 1265, 1060, 3100, 3476, 32, 3147, 2395, 150, 1639, 300, 1396]"
5461,"[1223, 2858, 916, 2797, 1, 2997, 1294, 3072, 2174, 3422, 2926, 2108, 2065, 2891]"
5462,"[3536, 3555, 3565, 3578, 3623, 3452, 3481, 3409, 2826, 2572, 2683, 2706, 223, 2355]"
5463,"[1179, 1262, 3680, 1086, 1947, 1208, 247, 1249, 848, 2384, 1023, 914, 920, 3098]"
5464,"[1264, 2947, 1307, 778, 3671, 2075, 17, 924, 1197, 1208, 2949, 3471, 3210, 1183]"
5465,"[0, 0, 0, 0, 0, 0, 0, 0, 0, 0, 0, 1362, 111, 2134]"
5466,"[2003, 196, 3545, 750, 1224, 1299, 1196, 1200, 110, 1189, 2859, 3679, 3481, 3578]"
5467,"[1288, 2405, 950, 2070, 971, 1179, 1617, 3543, 3379, 1304, 3093, 3467, 1283, 3681]"
5468,"[3263, 3448, 1648, 2376, 372, 230, 1701, 1573, 1844, 1836, 1884, 551, 627, 353]"
5469,"[1754, 912, 750, 527, 1208, 1294, 1299, 1944, 2944, 1183, 1256, 1272, 2028, 2427]"
5470,"[3615, 3185, 3510, 3756, 3618, 3626, 3871, 3201, 1084, 1617, 919, 1178, 1225, 920]"
5471,"[0, 0, 0, 0, 1968, 1210, 2359, 2959, 2628, 2114, 50, 296, 3360, 110]"
5472,"[2616, 1224, 3366, 3062, 2116, 3030, 947, 745, 260, 1204, 2993, 1265, 2096, 1272]"
5473,"[1270, 1653, 541, 2985, 1748, 316, 1372, 2528, 196, 2467, 1645, 1092, 1892, 1597]"
5474,"[924, 260, 1240, 1253, 1199, 1214, 3702, 3070, 2571, 1200, 32, 2858, 1537, 34]"
5475,"[3763, 10, 2118, 2677, 3155, 2580, 1994, 1129, 1266, 235, 162, 1187, 175, 198]"
5476,"[3543, 2949, 3634, 3649, 3654, 58, 3639, 3379, 2997, 3635, 1935, 3633, 2076, 913]"
5477,"[0, 0, 0, 0, 0, 0, 3072, 1198, 260, 1196, 1270, 750, 924, 2091]"
5478,"[1097, 1196, 1246, 3635, 2858, 3082, 2628, 2396, 1610, 597, 150, 590, 225, 356]"
5479,"[32, 1392, 1171, 21, 357, 1243, 837, 1923, 339, 2108, 440, 141, 539, 2622]"
5480,"[3526, 356, 1968, 2144, 2795, 2078, 2706, 919, 594, 1282, 1035, 2087, 1022, 364]"
5481,"[2858, 2762, 3147, 2997, 2976, 3745, 3355, 1391, 3186, 2959, 3082, 1333, 1127, 3552]"
5482,"[150, 875, 628, 364, 151, 1625, 2302, 1518, 380, 1639, 481, 1729, 147, 69]"
5483,"[222, 16, 412, 1357, 832, 147, 1190, 1672, 261, 2112, 350, 24, 230, 1680]"
5484,"[1214, 924, 2529, 2916, 2288, 3793, 2968, 1580, 3578, 3717, 1945, 50, 1221, 858]"
5485,"[2028, 356, 3104, 2406, 21, 592, 1247, 1188, 34, 1276, 1259, 1307, 2716, 2918]"
5486,"[3362, 293, 3104, 3265, 1089, 1227, 3266, 2194, 2000, 1500, 2268, 1396, 1729, 3701]"
5487,"[3052, 1375, 2474, 1882, 1270, 2011, 2012, 1094, 1097, 2005, 2716, 2717, 329, 1356]"
5488,"[1270, 2010, 1376, 1285, 3317, 2997, 1213, 3095, 2858, 1225, 1046, 2908, 141, 1199]"
5489,"[1101, 648, 1213, 2542, 441, 1892, 1092, 1208, 2427, 356, 3448, 647, 1265, 223]"
5490,"[1544, 316, 1, 317, 457, 1610, 377, 474, 2353, 349, 733, 1608, 3256, 368]"
5491,"[1378, 3444, 2580, 2683, 2770, 1343, 352, 1466, 3210, 3476, 2542, 3267, 1611, 1298]"
5492,"[2959, 3564, 3466, 253, 1854, 1955, 837, 1907, 508, 2059, 2574, 3617, 2724, 1721]"
5493,"[3098, 2313, 1220, 3505, 2743, 2347, 2407, 1321, 2247, 3524, 1361, 162, 535, 2841]"
5494,"[1304, 1264, 3418, 3703, 2872, 1573, 1220, 2956, 368, 3274, 2699, 2997, 898, 910]"
5495,"[2028, 318, 3052, 2858, 2908, 2959, 2997, 2762, 3082, 2706, 223, 2710, 1093, 2580]"
5496,"[2355, 45, 300, 357, 1127, 2188, 2699, 2706, 2827, 2683, 3005, 2433, 2694, 2770]"
5497,"[504, 1580, 2058, 1610, 1049, 2115, 3256, 3082, 1573, 438, 2334, 1101, 2167, 349]"
5498,"[1358, 40, 1758, 457, 246, 2677, 116, 2396, 1641, 2697, 2384, 1914, 2359, 2321]"
5499,"[3155, 1653, 3253, 1517, 377, 1370, 597, 1625, 2302, 3176, 349, 508, 39, 832]"
5500,"[1939, 3418, 800, 213, 265, 1694, 3038, 2333, 1172, 36, 1938, 1962, 232, 1734]"
5501,"[3712, 3060, 1958, 2262, 597, 2001, 2423, 2469, 2155, 539, 1614, 2295, 1380, 231]"
5502,"[802, 1721, 2671, 2801, 708, 2558, 3117, 163, 3006, 3007, 3175, 2908, 2959, 2997]"
5503,"[2395, 2396, 608, 3418, 318, 17, 2282, 3006, 1704, 342, 1188, 1307, 2916, 1249]"
5504,"[3524, 2004, 3254, 2413, 2369, 2374, 2375, 3099, 3506, 3590, 3619, 2717, 2478, 135]"
5505,"[21, 377, 2640, 2000, 198, 3404, 112, 480, 1527, 3578, 2600, 494, 2403, 1101]"
5506,"[1097, 2087, 3479, 2161, 1967, 2140, 317, 788, 2005, 2628, 2021, 3617, 2858, 2959]"
5507,"[2411, 999, 2336, 2006, 1207, 1247, 2858, 2572, 3516, 2997, 3005, 2694, 2355, 2770]"
5508,"[1513, 2598, 2692, 2485, 2395, 2396, 2070, 3114, 2987, 2337, 2701, 2600, 260, 2797]"
5509,"[1914, 1935, 2022, 1729, 1222, 293, 3289, 1279, 1954, 1305, 2702, 2076, 264, 823]"
5510,"[2058, 2115, 2916, 1608, 780, 2662, 1580, 1356, 2001, 316, 527, 2028, 3196, 2944]"
5511,"[750, 527, 1939, 3091, 318, 246, 2761, 3468, 1952, 2932, 1217, 2648, 1189, 2511]"
5512,"[1097, 595, 2018, 2687, 2137, 1015, 1012, 2161, 1907, 1022, 1073, 2846, 1013, 1688]"
5513,"[994, 1172, 1264, 2020, 3347, 621, 194, 2065, 1293, 1395, 3363, 2355, 2716, 800]"
5514,"[2908, 842, 2997, 2762, 3608, 1033, 3052, 3174, 3552, 616, 3081, 3005, 3033, 2836]"
5515,"[1242, 151, 3147, 50, 2762, 260, 2161, 2174, 2628, 2021, 2140, 2193, 1967, 2005]"
5516,"[105, 79, 3176, 537, 3118, 516, 781, 753, 875, 3078, 1641, 2618, 1537, 1892]"
5517,"[2010, 3093, 1294, 2289, 2075, 235, 2819, 1537, 1234, 3467, 3671, 2336, 2973, 2020]"
5518,"[2161, 2193, 1375, 3036, 2405, 2105, 2115, 1967, 2054, 2088, 2641, 2471, 2950, 1373]"
5519,"[1286, 2502, 1372, 1374, 3545, 1081, 3604, 242, 3142, 3725, 177, 1339, 1200, 1939]"
5520,"[761, 434, 3753, 318, 3147, 2001, 3183, 3125, 2539, 1193, 3481, 3536, 3114, 3555]"
5521,"[457, 1704, 480, 1721, 628, 556, 3255, 2890, 1188, 364, 300, 1197, 1682, 2302]"
5522,"[2455, 2518, 1298, 1347, 2068, 1485, 1035, 18, 1969, 370, 1970, 3578, 3752, 335]"
5523,"[1090, 62, 2240, 3259, 3250, 2797, 899, 1947, 1035, 3675, 1380, 1625, 1086, 1290]"
5524,"[141, 539, 2015, 1113, 3244, 2417, 500, 2424, 2136, 2469, 1367, 2098, 1135, 2724]"
5525,"[0, 0, 0, 0, 1894, 2081, 356, 2762, 3114, 1, 150, 2501, 480, 2355]"
5526,"[2866, 1082, 1097, 1935, 32, 272, 412, 3685, 1393, 1834, 3160, 1955, 2291, 1401]"
5527,"[0, 0, 0, 0, 0, 1961, 480, 2762, 296, 2268, 733, 1393, 3006, 225]"
5528,"[2396, 2020, 1228, 913, 3095, 1964, 1272, 1193, 1247, 1258, 1172, 2983, 111, 1096]"
5529,"[0, 0, 0, 0, 0, 2059, 912, 2804, 110, 3512, 3515, 3536, 3538, 3571]"
5530,"[3408, 2132, 2071, 1584, 82, 1119, 2165, 1959, 2453, 2114, 1680, 57, 1268, 247]"
5531,"[2393, 2989, 2193, 2802, 2105, 1375, 1687, 1690, 2002, 2288, 653, 1616, 3519, 2881]"
5532,"[3426, 2154, 2447, 510, 2975, 3005, 2694, 2881, 1911, 2762, 404, 1721, 2406, 377]"
5533,"[0, 0, 0, 0, 2442, 1913, 266, 1185, 1217, 1221, 858, 247, 260, 2173]"
5534,"[2916, 480, 941, 349, 1356, 1580, 1372, 86, 2115, 2470, 2094, 736, 3461, 434]"
5535,"[3508, 2921, 2922, 1148, 1223, 745, 2139, 1089, 1234, 2194, 47, 2985, 3091, 527]"
5536,"[3176, 3555, 2707, 1299, 3671, 1573, 3571, 2861, 2912, 3717, 2433, 3683, 2976, 3007]"
5537,"[2711, 965, 1251, 527, 908, 1104, 1939, 1254, 3006, 1294, 2677, 1927, 1944, 602]"
5538,"[3035, 2186, 969, 1253, 933, 3088, 3405, 1203, 2967, 3548, 2454, 3341, 934, 952]"
5539,"[312, 36, 803, 3317, 2729, 3167, 199, 1188, 2302, 944, 954, 3134, 978, 1704]"
5540,"[1276, 1136, 2300, 588, 914, 1028, 2565, 912, 1230, 1247, 750, 541, 1253, 3196]"
5541,"[3256, 527, 1090, 2440, 3470, 858, 318, 1221, 1225, 1193, 260, 1196, 1304, 2028]"
5542,"[898, 1204, 1207, 1219, 1267, 750, 3469, 2969, 702, 1247, 1262, 1084, 1251, 3468]"
5543,"[2915, 2858, 329, 1372, 1374, 1375, 3503, 2761, 3745, 3744, 3793, 2161, 2174, 2193]"
5544,"[1093, 2336, 2690, 3053, 2622, 2502, 2490, 2686, 2692, 2396, 2841, 2763, 213, 3006]"
5545,"[1441, 361, 1394, 2352, 2797, 3037, 3608, 3740, 224, 1271, 587, 2716, 2108, 589]"
5546,"[0, 0, 0, 0, 0, 0, 908, 2459, 1207, 1377, 1997, 1214, 2288, 2366]"
5547,"[1923, 3671, 3255, 3448, 441, 2371, 223, 104, 2747, 1569, 2706, 2746, 2567, 372]"
5548,"[1517, 1914, 562, 72, 372, 3476, 1897, 532, 877, 461, 597, 1701, 1441, 1366]"
5549,"[1198, 2969, 2023, 2762, 3643, 3654, 3681, 3633, 3685, 3668, 3618, 910, 1234, 1945]"
5550,"[2990, 786, 3274, 95, 3643, 1385, 2403, 1801, 2334, 3020, 2409, 1479, 3430, 2410]"
5551,"[1252, 2203, 1260, 1617, 1179, 2940, 2008, 1997, 1214, 1219, 1387, 2160, 2550, 1345]"
5552,"[1276, 1270, 2997, 3629, 1304, 3613, 3643, 3608, 1333, 58, 3654, 319, 3599, 454]"
5553,"[1173, 3527, 2352, 592, 2401, 2919, 3501, 1956, 3029, 2739, 3704, 2081, 2145, 2150]"
5554,"[1590, 2858, 2762, 3175, 2995, 1219, 1258, 1387, 3476, 1997, 2118, 1982, 1333, 1345]"
5555,"[1092, 1380, 1031, 1088, 2084, 2716, 3499, 1333, 1345, 1321, 2710, 1974, 2976, 3081]"
5556,"[838, 914, 342, 471, 2130, 39, 932, 3685, 1569, 351, 1821, 2297, 2369, 2045]"
5557,"[3498, 3176, 3811, 1701, 3751, 3793, 912, 908, 3896, 1258, 1090, 3897, 1221, 1639]"
5558,"[593, 1291, 745, 2918, 2997, 2324, 3452, 1148, 1223, 720, 2987, 1907, 317, 653]"
5559,"[1466, 150, 300, 36, 58, 3262, 1747, 3418, 1729, 534, 3100, 110, 3386, 1095]"
5560,"[1276, 2396, 3424, 1, 2997, 3362, 1307, 3363, 1294, 3451, 1569, 367, 2080, 468]"
5561,"[1042, 3107, 2237, 1653, 2890, 1633, 3082, 269, 454, 2006, 2763, 648, 2490, 2506]"
5562,"[529, 2745, 3471, 300, 1307, 1197, 1265, 377, 914, 440, 1721, 2340, 2797, 3526]"
5563,"[0, 0, 0, 2858, 3114, 2324, 1060, 356, 3060, 265, 293, 1393, 1721, 593]"
5564,"[0, 293, 2076, 908, 1199, 3462, 3606, 3629, 2762, 2997, 3634, 3412, 41, 1333]"
5565,"[2302, 1777, 232, 450, 838, 539, 3255, 2572, 597, 1485, 45, 2124, 2683, 471]"
5566,"[1287, 1207, 1950, 1247, 2728, 2732, 3168, 1199, 1214, 924, 1175, 1206, 1077, 2527]"
5567,"[903, 904, 950, 1964, 1212, 931, 731, 1086, 2467, 2184, 3251, 1092, 1201, 1266]"
5568,"[3723, 3661, 3669, 318, 296, 2762, 527, 1213, 1704, 1923, 553, 2080, 364, 2700]"
5569,"[1513, 372, 3263, 830, 186, 2431, 5, 2354, 2375, 246, 1923, 474, 2236, 1682]"
5570,"[1380, 2779, 1078, 2177, 185, 296, 750, 1304, 1247, 910, 912, 954, 2300, 919]"
5571,"[593, 1617, 1136, 909, 1952, 162, 926, 2289, 34, 1198, 1258, 2019, 919, 262]"
5572,"[2997, 1136, 1234, 2396, 898, 1270, 945, 2788, 1080, 1394, 306, 1196, 318, 593]"
5573,"[3551, 2917, 457, 1358, 1214, 1674, 1683, 373, 2550, 1994, 1200, 2871, 230, 1258]"
5574,"[1198, 969, 1291, 2871, 2987, 592, 480, 903, 2076, 596, 2085, 2355, 2139, 1274]"
5575,"[1281, 1569, 1918, 1588, 2746, 1542, 2683, 1441, 2598, 1367, 765, 2826, 2355, 2881]"
5576,"[378, 1021, 1005, 2042, 272, 62, 2268, 349, 150, 1721, 1013, 3623, 3751, 3155]"
5577,"[0, 0, 0, 0, 0, 0, 0, 0, 0, 1279, 1617, 3675, 2598, 1968]"
5578,"[2599, 2712, 2333, 785, 3160, 2502, 2734, 2686, 2692, 2841, 1073, 1097, 2174, 2005]"
5579,"[0, 0, 0, 858, 1097, 3072, 1221, 318, 919, 1213, 527, 2686, 111, 296]"
5580,"[3691, 2729, 2732, 2386, 3911, 3270, 1676, 524, 3536, 1259, 3462, 1997, 3507, 3061]"
5581,"[1197, 1387, 1240, 457, 2571, 1036, 3265, 3527, 1374, 3578, 3256, 493, 2000, 474]"
5582,"[1253, 3260, 1387, 3334, 1196, 3634, 1066, 916, 943, 3447, 3194, 1197, 1939, 3543]"
5583,"[2929, 2686, 2922, 3074, 3534, 3516, 2433, 2771, 3005, 2333, 2761, 913, 2669, 2670]"
5584,"[2664, 1340, 2160, 2657, 2716, 3013, 2454, 2644, 2654, 2747, 1258, 2651, 2288, 2554]"
5585,"[3476, 2118, 1994, 1345, 3550, 1347, 2787, 800, 924, 2076, 1625, 1533, 3275, 2997]"
5586,"[445, 1221, 3408, 3513, 608, 246, 296, 1266, 1704, 318, 2858, 2391, 2028, 593]"
5587,"[2028, 589, 36, 2324, 150, 3271, 235, 1885, 1873, 2916, 1610, 1, 272, 457]"
5588,"[2858, 2804, 926, 1221, 923, 1207, 1104, 1228, 1247, 971, 1224, 608, 34, 1172]"
5589,"[2890, 2321, 352, 2076, 904, 950, 1252, 1617, 913, 800, 1484, 3176, 3044, 451]"
5590,"[1962, 2330, 162, 1147, 1111, 1289, 3281, 1189, 246, 3077, 2632, 3470, 1233, 1673]"
5591,"[1639, 553, 2280, 1627, 2194, 1213, 1704, 899, 1206, 978, 3086, 924, 1267, 2361]"
5592,"[1233, 1262, 1267, 2028, 903, 912, 913, 2791, 924, 1287, 2728, 3703, 1224, 1394]"
5593,"[593, 1036, 377, 1674, 911, 10, 832, 587, 3256, 1370, 165, 2917, 1608, 2287]"
5594,"[3186, 3869, 3868, 3849, 3819, 3822, 3816, 2711, 2704, 50, 2575, 1245, 1249, 2357]"
5595,"[1527, 1580, 2692, 260, 2105, 2138, 2174, 2968, 2599, 2761, 968, 2395, 2987, 1214]"
5596,"[1584, 1127, 3527, 2916, 1210, 968, 2985, 2762, 2890, 1960, 3037, 3671, 590, 3494]"
5597,"[296, 2804, 527, 593, 608, 50, 1206, 1207, 1213, 1032, 1361, 3363, 111, 1089]"
5598,"[1027, 520, 2424, 1035, 3697, 3527, 724, 364, 3617, 3578, 3793, 3752, 3408, 3948]"
5599,"[3418, 1580, 21, 474, 349, 3256, 733, 1608, 2278, 10, 780, 493, 145, 2023]"
5600,"[2015, 3450, 585, 1689, 505, 1414, 1812, 3705, 3724, 3763, 3704, 3733, 3735, 2572]"
5601,"[904, 908, 745, 50, 924, 1200, 1674, 1036, 2763, 2427, 6, 2353, 1722, 3256]"
5602,"[2571, 1179, 1617, 2100, 2174, 2797, 1097, 3481, 3578, 3006, 2959, 3618, 3793, 3747]"
5603,"[3194, 3629, 2686, 1150, 2069, 1961, 1962, 2065, 3526, 2240, 2312, 1211, 2245, 3684]"
5604,"[1201, 3418, 1387, 1186, 1275, 590, 903, 965, 2212, 1641, 144, 492, 811, 500]"
5605,"[2702, 145, 2106, 3623, 3830, 2772, 2550, 3481, 3658, 2502, 1680, 3936, 2455, 3868]"
5606,"[0, 0, 0, 0, 0, 497, 218, 1477, 3554, 3711, 17, 2020, 265, 356]"
5607,"[345, 2709, 539, 3178, 2690, 104, 1732, 2770, 514, 1614, 585, 339, 1020, 1485]"
5608,"[0, 0, 0, 0, 3408, 3481, 3328, 3317, 2858, 3035, 2804, 318, 1293, 3424]"
5609,"[1406, 2075, 908, 3095, 2303, 1084, 919, 926, 670, 111, 2732, 1219, 2160, 2648]"
5610,"[457, 1358, 2762, 1, 36, 150, 356, 1120, 3246, 590, 337, 3271, 3105, 3147]"
5611,"[2094, 733, 2657, 288, 1918, 377, 1233, 3702, 3703, 969, 3418, 2571, 1954, 3256]"
5612,"[0, 0, 0, 0, 0, 0, 3072, 2806, 1380, 2433, 1093, 2581, 2961, 1221]"
5613,"[2539, 3200, 3253, 1784, 2150, 2302, 2065, 367, 440, 2406, 2108, 2407, 3448, 1923]"
5614,"[464, 836, 2099, 329, 1605, 434, 316, 86, 736, 1371, 1031, 2822, 2735, 1917]"
5615,"[1196, 1198, 2987, 2115, 3101, 2917, 1994, 1200, 1240, 2288, 1674, 3090, 1224, 1228]"
5616,"[2918, 3552, 3210, 2797, 1968, 1297, 3448, 1250, 1262, 527, 1196, 2944, 920, 3062]"
5617,"[733, 1374, 2021, 1270, 1240, 480, 1580, 1253, 1676, 2407, 2628, 1356, 2009, 329]"
5618,"[3175, 2706, 2539, 2302, 1580, 587, 1485, 2353, 480, 2058, 1573, 1608, 1552, 2273]"
5619,"[597, 2171, 1569, 342, 1683, 3578, 1197, 2959, 1617, 50, 1061, 2087, 2174, 2797]"
5620,"[1101, 3552, 2990, 1663, 2470, 1088, 3210, 2376, 2416, 3753, 592, 316, 1610, 2353]"
5621,"[1210, 2406, 2628, 1240, 2023, 953, 3039, 1099, 1584, 1228, 1327, 2120, 2677, 1587]"
5622,"[3039, 3421, 1965, 1220, 1948, 2926, 441, 2716, 2352, 1542, 3462, 1223, 1244, 2289]"
5623,"[2671, 1500, 39, 1619, 3260, 2501, 3271, 590, 480, 1357, 1042, 474, 493, 1449]"
5624,"[2791, 1079, 2915, 3361, 1097, 2872, 2174, 1073, 1233, 1272, 1408, 1224, 1263, 1944]"
5625,"[3421, 1948, 2352, 2406, 1934, 2290, 3671, 2371, 1073, 2109, 21, 357, 1125, 1663]"
5626,"[3143, 161, 3448, 647, 2476, 3441, 2322, 3137, 3154, 760, 1445, 2402, 2404, 2815]"
5627,"[562, 902, 922, 1282, 594, 1032, 364, 2018, 2139, 1023, 661, 1064, 1254, 3168]"
5628,"[0, 0, 0, 0, 0, 0, 1449, 1196, 708, 2633, 260, 1198, 1218, 457]"
5629,"[2762, 32, 1952, 154, 1247, 1276, 2732, 3788, 2067, 1947, 924, 2132, 3168, 908]"
5630,"[1198, 1201, 2859, 728, 2348, 3072, 1186, 1296, 2020, 1199, 1267, 3363, 1202, 1266]"
5631,"[1446, 1265, 1788, 1214, 1077, 307, 1299, 1354, 2761, 3347, 3471, 3503, 924, 1199]"
5632,"[1101, 380, 733, 3256, 1356, 2058, 3404, 349, 3274, 3082, 648, 95, 1722, 316]"
5633,"[541, 3471, 1301, 924, 1584, 3527, 2640, 2407, 1580, 2968, 3470, 3359, 858, 2019]"
5634,"[2407, 1257, 3479, 1127, 2115, 1275, 1196, 541, 1210, 318, 50, 1911, 2694, 2688]"
5635,"[0, 0, 0, 0, 0, 0, 0, 1198, 2730, 1230, 246, 1189, 1, 595]"
5636,"[3317, 2073, 1094, 110, 929, 2983, 3935, 2728, 97, 3101, 3505, 2474, 2321, 3114]"
5637,"[648, 3145, 733, 718, 97, 16, 2427, 330, 1609, 3623, 2571, 1050, 1288, 2763]"
5638,"[2739, 1094, 3271, 1639, 1271, 1268, 1611, 266, 3138, 2443, 3259, 1670, 1876, 724]"
5639,"[2997, 2712, 2912, 3081, 2762, 3556, 3481, 296, 1912, 2692, 750, 1066, 1193, 306]"
5640,"[0, 0, 0, 0, 0, 0, 0, 593, 1544, 2779, 260, 2858, 2959, 2997]"
5641,"[377, 1721, 802, 339, 3269, 2485, 252, 3257, 2724, 3436, 1100, 1, 3114, 2671]"
5642,"[2139, 3114, 2355, 1015, 2828, 3396, 588, 837, 558, 2294, 1033, 2102, 801, 13]"
5643,"[3359, 3735, 3194, 3011, 1952, 3350, 1084, 750, 176, 3793, 3897, 3408, 3145, 3618]"
5644,"[1653, 1580, 780, 1573, 1917, 3176, 1735, 1680, 1608, 2724, 597, 1923, 2396, 3623]"
5645,"[497, 2046, 587, 163, 1658, 2353, 1517, 1407, 104, 1721, 3253, 145, 165, 1370]"
5646,"[2717, 260, 1221, 858, 111, 1387, 1208, 1294, 2138, 2871, 750, 924, 1219, 2863]"
5647,"[1083, 858, 3408, 2531, 185, 2532, 1729, 2268, 2278, 1645, 2002, 1918, 2605, 260]"
5648,"[1100, 919, 1220, 1907, 1234, 2268, 2000, 2985, 1377, 153, 3039, 527, 2571, 2916]"
5649,"[22, 2640, 2641, 2005, 780, 1370, 1597, 648, 2106, 165, 316, 830, 344, 2424]"
5650,"[1527, 2763, 653, 3784, 3751, 1641, 3471, 1234, 3396, 3363, 1292, 2877, 3397, 1013]"
5651,"[1023, 596, 2078, 2081, 364, 3005, 2881, 2688, 2716, 3219, 2762, 3176, 50, 2391]"
5652,"[150, 3418, 2329, 3147, 16, 1466, 2427, 1693, 508, 2282, 1721, 1120, 628, 249]"
5653,"[1959, 3538, 3360, 3408, 1554, 3784, 2106, 3624, 3078, 3844, 3789, 3510, 3481, 2571]"
5654,"[3129, 2150, 1777, 1904, 3263, 1883, 3174, 3617, 1041, 529, 2391, 1673, 2022, 1084]"
5655,"[832, 1722, 391, 1892, 1835, 2605, 277, 376, 2294, 2714, 2002, 786, 3425, 736]"
5656,"[0, 0, 0, 0, 0, 0, 0, 0, 858, 1117, 896, 3089, 2019, 2289]"
5657,"[2561, 339, 1727, 1777, 1095, 31, 500, 1093, 1921, 3247, 1527, 1552, 1835, 2]"
5658,"[1617, 1234, 1945, 1953, 3334, 3362, 2130, 3364, 1084, 962, 2194, 2000, 2764, 2023]"
5659,"[780, 1608, 1370, 1888, 2002, 1805, 2393, 648, 2541, 1517, 1552, 799, 879, 555]"
5660,"[3175, 2762, 2976, 2997, 2712, 1199, 541, 3070, 1196, 2140, 2968, 1240, 1097, 610]"
5661,"[1200, 3396, 3549, 2987, 1961, 1962, 1682, 2583, 1148, 745, 594, 595, 2085, 2087]"
5662,"[1792, 2338, 3114, 1148, 3175, 1923, 1, 2321, 21, 1777, 3052, 1265, 1747, 367]"
5663,"[1242, 1259, 1394, 1956, 1961, 1968, 2872, 1376, 1097, 1222, 1228, 1275, 2020, 1962]"
5664,"[457, 785, 1513, 2702, 2763, 356, 2997, 2572, 1784, 223, 1923, 1517, 1777, 141]"
5665,"[318, 527, 923, 1207, 1219, 924, 1258, 2858, 3471, 2396, 50, 1411, 1136, 1206]"
5666,"[1210, 3578, 3317, 1197, 2858, 593, 50, 1617, 1266, 2028, 678, 110, 2762, 3006]"
5667,"[2076, 3198, 457, 3135, 2068, 3094, 1132, 2348, 3098, 2916, 1161, 3384, 2070, 1957]"
5668,"[1022, 1029, 590, 2046, 914, 2565, 364, 1380, 1947, 1035, 1088, 2657, 2746, 1688]"
5669,"[0, 0, 0, 2750, 1747, 1294, 905, 2289, 3067, 1079, 1235, 3099, 21, 52]"
5670,"[1977, 606, 2004, 1978, 1980, 1979, 3578, 593, 2858, 1704, 260, 1196, 1198, 858]"
5671,"[3552, 1517, 965, 11, 524, 104, 1299, 1042, 2571, 266, 3100, 1394, 1231, 2973]"
5672,"[0, 0, 0, 0, 3452, 2533, 1210, 920, 3006, 3175, 2997, 2628, 2762, 3145]"
5673,"[969, 1674, 1307, 17, 28, 1296, 920, 838, 1947, 39, 2108, 2941, 2369, 3614]"
5674,"[2396, 1, 1885, 34, 986, 1580, 480, 670, 527, 296, 318, 80, 608, 36]"
5675,"[2427, 1472, 3275, 994, 1393, 1, 1721, 1632, 1807, 372, 2358, 1287, 3728, 3742]"
5676,"[2108, 1747, 1057, 1449, 101, 2502, 1732, 357, 3174, 21, 1476, 52, 1215, 3255]"
5677,"[246, 1082, 3451, 2359, 1945, 904, 926, 922, 3148, 1234, 969, 1641, 2329, 1097]"
5678,"[1264, 1921, 3527, 904, 908, 2762, 1344, 3551, 373, 1343, 720, 1, 1345, 1997]"
5679,"[736, 2699, 1722, 517, 3020, 208, 1866, 2956, 786, 511, 423, 504, 1544, 1586]"
5680,"[931, 1264, 800, 1086, 3044, 2467, 1913, 731, 3176, 492, 3386, 2749, 1422, 1589]"
5681,"[678, 720, 1148, 608, 1204, 246, 1278, 1234, 2762, 1136, 1175, 314, 2997, 3114]"
5682,"[1017, 2478, 548, 553, 3897, 81, 3597, 3257, 2809, 3865, 3421, 2231, 2474, 319]"
5683,"[2028, 10, 1722, 2006, 780, 2273, 1438, 3257, 168, 590, 3269, 1917, 356, 2605]"
5684,"[2915, 3397, 2150, 125, 1257, 1747, 2795, 2155, 390, 1663, 1078, 1279, 2318, 2750]"
5685,"[1734, 2280, 1870, 2029, 2908, 2324, 125, 2333, 2858, 2706, 223, 2355, 3203, 3160]"
5686,"[1077, 3481, 356, 1199, 541, 1253, 2662, 2664, 593, 50, 2762, 608, 111, 2359]"
5687,"[2628, 2115, 1566, 349, 380, 112, 2006, 1031, 10, 107, 674, 2528, 2105, 2116]"
5688,"[2571, 2959, 1200, 1961, 1246, 1735, 2580, 1625, 1358, 1967, 2108, 1641, 25, 2502]"
5689,"[1022, 3949, 2599, 2890, 2966, 319, 3090, 306, 3178, 1537, 3911, 36, 3783, 2572]"
5690,"[924, 356, 1193, 3328, 858, 2728, 1228, 778, 111, 608, 1222, 1196, 1263, 593]"
5691,"[2081, 3040, 1125, 3501, 1968, 2100, 339, 440, 597, 367, 1777, 11, 2136, 1569]"
5692,"[2707, 627, 3005, 223, 1911, 2881, 2599, 2336, 1213, 1361, 80, 441, 562, 3466]"
5693,"[1230, 111, 913, 3435, 1284, 3334, 923, 908, 912, 2731, 2732, 1041, 3089, 2360]"
5694,"[3072, 1257, 913, 3552, 1284, 2997, 3334, 1304, 910, 2706, 2683, 2147, 2355, 1911]"
5695,"[0, 0, 0, 0, 0, 0, 0, 0, 7, 902, 1193, 1197, 3471, 541]"
5696,"[1721, 3345, 2870, 356, 3644, 3471, 3527, 541, 589, 610, 2571, 1240, 1270, 1097]"
5697,"[0, 0, 0, 0, 552, 1198, 1721, 2021, 3555, 3513, 3565, 3301, 3578, 2628]"
5698,"[1387, 1327, 2644, 2648, 2654, 2519, 2634, 1333, 3018, 2455, 1258, 2867, 3550, 2902]"
5699,"[608, 1252, 1267, 1617, 593, 50, 745, 111, 2917, 1036, 1674, 3634, 457, 2871]"
5700,"[2858, 1617, 441, 3466, 318, 1393, 34, 457, 2125, 3270, 2762, 1049, 1907, 356]"
5701,"[2710, 2355, 2038, 2580, 785, 2724, 1258, 3476, 2354, 2889, 1517, 1221, 858, 110]"
5702,"[851, 750, 1206, 3362, 3554, 3546, 3125, 2762, 2607, 2907, 29, 2600, 1480, 1719]"
5703,"[2186, 1284, 3334, 942, 1179, 1344, 1997, 1219, 1278, 1387, 1994, 2648, 1333, 2366]"
5704,"[1183, 1639, 2081, 2100, 1059, 910, 936, 955, 2937, 3088, 2936, 1028, 951, 2863]"
5705,"[2355, 1032, 3034, 2141, 1907, 2394, 661, 709, 2700, 1405, 1207, 2797, 1258, 2664]"
5706,"[780, 1580, 1876, 3175, 1396, 1573, 788, 2094, 588, 1243, 1784, 551, 3052, 1923]"
5707,"[2700, 595, 249, 14, 3253, 2391, 2763, 1120, 3060, 300, 2916, 440, 2058, 150]"
5708,"[1333, 3306, 1281, 616, 3339, 260, 750, 2010, 541, 1240, 741, 1253, 2571, 1748]"
5709,"[2797, 3576, 1997, 589, 1196, 1199, 3503, 1206, 541, 32, 1267, 1617, 1136, 1276]"
5710,"[1060, 778, 475, 32, 2959, 337, 1279, 1693, 2571, 110, 198, 377, 380, 2628]"
5711,"[1610, 457, 1343, 1833, 280, 454, 377, 1459, 2353, 2707, 2841, 1422, 1620, 2881]"
5712,"[1291, 1129, 1912, 2000, 6, 2527, 2288, 1374, 2490, 1525, 1580, 2985, 1408, 2528]"
5713,"[0, 0, 905, 1617, 3114, 34, 2396, 1537, 1265, 357, 1446, 5, 1641, 2302]"
5714,"[3552, 3654, 3082, 3591, 1375, 1081, 3115, 2975, 2840, 3118, 3387, 3157, 5, 3489]"
5715,"[1376, 2985, 1215, 2872, 3091, 3213, 1405, 2987, 2033, 1205, 1252, 1617, 541, 913]"
5716,"[1391, 1320, 512, 293, 1500, 6, 47, 2019, 3030, 1196, 1960, 1208, 2396, 1258]"
5717,"[3210, 1257, 1663, 3552, 2150, 2302, 2261, 380, 3450, 1215, 2134, 3040, 2539, 2657]"
5718,"[1840, 3155, 3176, 89, 45, 866, 2384, 364, 2355, 531, 2272, 2575, 224, 1580]"
5719,"[0, 0, 0, 0, 0, 0, 0, 0, 0, 2133, 1200, 2628, 593, 1968]"
5720,"[1479, 1234, 2804, 3363, 1294, 2791, 3421, 1968, 3358, 1500, 2423, 2795, 1883, 2134]"
5721,"[910, 919, 3362, 116, 608, 1178, 1247, 1104, 3504, 899, 1225, 3260, 1, 904]"
5722,"[318, 1084, 3703, 3068, 2708, 2488, 235, 965, 2159, 1704, 930, 2550, 759, 2202]"
5723,"[1285, 1732, 1827, 3052, 3448, 3147, 32, 1136, 3677, 3897, 1218, 3175, 2139, 1188]"
5724,"[1285, 300, 2890, 1952, 1292, 1301, 3422, 1580, 1272, 1077, 293, 1307, 2858, 2912]"
5725,"[0, 0, 0, 0, 0, 0, 0, 0, 1210, 3510, 3298, 3300, 3481, 3556]"
5726,"[1307, 3072, 2797, 1079, 1288, 2889, 34, 2791, 3421, 2915, 3361, 593, 608, 908]"
5727,"[3317, 3536, 3513, 3301, 3409, 3578, 2858, 2707, 2683, 2355, 2770, 2605, 2688, 2719]"
5728,"[237, 1593, 1918, 7, 3031, 2378, 1513, 1367, 2431, 256, 2177, 2724, 1911, 1390]"
5729,"[2428, 328, 2995, 2717, 2097, 3264, 1644, 2668, 1972, 1128, 2163, 1969, 196, 330]"
5730,"[539, 1060, 3253, 3175, 11, 357, 587, 318, 593, 2028, 608, 260, 1196, 1197]"
5731,"[2916, 2640, 380, 3639, 2991, 1610, 3256, 2000, 2058, 1101, 1580, 349, 292, 3638]"
5732,"[1291, 1374, 2640, 480, 590, 969, 2916, 380, 349, 2099, 2405, 1019, 912, 1247]"
5733,"[377, 3882, 1304, 3681, 2012, 3702, 1584, 1653, 2858, 457, 1258, 589, 2710, 1295]"
5734,"[3911, 3916, 1258, 36, 910, 3104, 1285, 2336, 2194, 1961, 2599, 2395, 2059, 3548]"
5735,"[0, 0, 0, 0, 0, 2695, 72, 356, 3160, 3100, 524, 778, 260, 923]"
5736,"[1242, 1639, 2728, 899, 953, 1961, 1249, 457, 1147, 2890, 11, 2064, 47, 947]"
5737,"[2858, 1219, 1252, 3683, 3046, 1193, 3118, 2505, 3408, 2908, 1836, 3538, 1721, 1179]"
5738,"[1939, 1944, 356, 2670, 1090, 647, 1298, 3339, 1208, 1221, 2706, 2707, 223, 2355]"
5739,"[1954, 493, 2858, 2762, 3578, 296, 1213, 1617, 2692, 3362, 608, 50, 431, 2391]"
5740,"[0, 0, 0, 1196, 1193, 750, 759, 110, 1, 2858, 2324, 232, 1580, 1921]"
5741,"[1527, 1080, 2628, 111, 1253, 2664, 1301, 1019, 924, 2529, 750, 3032, 260, 1206]"
5742,"[1204, 919, 923, 246, 1221, 1188, 34, 1225, 3468, 1084, 3088, 914, 899, 1028]"
5743,"[1252, 903, 913, 919, 527, 265, 1225, 2859, 1094, 593, 3469, 1617, 1296, 2565]"
5744,"[1193, 1080, 3037, 1208, 3359, 3396, 3363, 3471, 1955, 2866, 2109, 2137, 2090, 1380]"
5745,"[1240, 1242, 3418, 1220, 2457, 592, 2115, 474, 858, 919, 923, 318, 1097, 296]"
5746,"[1258, 1275, 1320, 1214, 2826, 2858, 1127, 2355, 593, 296, 318, 1247, 1299, 1288]"
5747,"[2137, 3396, 1012, 2018, 2, 2084, 3481, 307, 715, 477, 3052, 3328, 3793, 3745]"
5748,"[1265, 2571, 2291, 3252, 3499, 150, 3060, 589, 1625, 3100, 364, 1673, 2826, 3623]"
5749,"[3706, 2344, 670, 1922, 1912, 3265, 2692, 522, 1408, 2912, 474, 1785, 507, 2511]"
5750,"[1235, 928, 3424, 1889, 1185, 1288, 1537, 446, 1208, 247, 1299, 915, 307, 1273]"
5751,"[3114, 2089, 1, 986, 1588, 362, 2687, 837, 586, 364, 2294, 808, 1713, 1367]"
5752,"[337, 1704, 7, 1271, 308, 339, 1635, 440, 524, 2302, 2025, 1279, 605, 539]"
5753,"[1278, 1387, 1255, 3018, 2160, 1994, 3476, 1982, 1321, 1350, 1347, 2003, 1327, 3016]"
5754,"[300, 293, 1680, 1120, 475, 1246, 1672, 1268, 508, 2071, 2607, 147, 1051, 1290]"
5755,"[3015, 3449, 26, 1088, 1805, 2707, 35, 2826, 893, 3029, 2167, 330, 236, 383]"
5756,"[3052, 2829, 2860, 2507, 1393, 1307, 2067, 1207, 934, 858, 912, 2858, 720, 2396]"
5757,"[2918, 2700, 3088, 1219, 1617, 908, 3551, 1944, 899, 2712, 1287, 1036, 2730, 3159]"
5758,"[1097, 2872, 2015, 903, 904, 1212, 800, 1086, 2467, 2206, 2184, 908, 965, 373]"
5759,"[253, 516, 2417, 781, 452, 2314, 2599, 348, 2395, 588, 1500, 1517, 728, 1641]"
5760,"[0, 1721, 336, 480, 2753, 2858, 1265, 2772, 3052, 1, 467, 1580, 2997, 2302]"
5761,"[1614, 2301, 345, 1405, 3070, 367, 344, 333, 2416, 2374, 2752, 3258, 3773, 3208]"
5762,"[3361, 2321, 1747, 1081, 1663, 3255, 1485, 2779, 2245, 1042, 2301, 2003, 2040, 1629]"
5763,"[3624, 1573, 2347, 1219, 3499, 2160, 2550, 1997, 2633, 2644, 2648, 2664, 1340, 1345]"
5764,"[17, 1230, 1247, 2020, 912, 1265, 1094, 1674, 2396, 916, 1307, 356, 497, 915]"
5765,"[2810, 2791, 1292, 1080, 1223, 1265, 1079, 293, 235, 3108, 1517, 348, 1340, 150]"
5766,"[73, 474, 357, 1095, 1777, 1370, 1385, 7, 2621, 837, 1271, 1020, 3247, 2861]"
5767,"[208, 1379, 1382, 547, 1479, 3257, 442, 2722, 434, 479, 1100, 1690, 1752, 1866]"
5768,"[1094, 2969, 1643, 1684, 943, 2062, 915, 932, 1947, 2943, 509, 3099, 357, 2919]"
5769,"[3623, 3566, 3148, 3006, 3052, 3613, 2022, 2712, 3606, 3653, 1304, 3510, 3618, 3483]"
5770,"[1296, 3105, 590, 16, 1094, 2194, 538, 3100, 3169, 1302, 493, 1701, 2474, 1958]"
5771,"[2363, 1924, 2087, 3153, 1022, 2080, 2096, 1019, 2669, 912, 923, 1254, 1282, 919]"
5772,"[0, 0, 0, 0, 0, 0, 0, 0, 0, 0, 0, 2028, 2944, 110]"
5773,"[0, 0, 0, 593, 2081, 1198, 47, 2959, 2762, 858, 3408, 3555, 3006, 2858]"
5774,"[356, 1265, 2716, 3006, 527, 2028, 593, 919, 2858, 2020, 1203, 1358, 924, 1208]"
5775,"[266, 1717, 380, 805, 597, 2249, 3252, 305, 3263, 1722, 78, 2356, 1667, 100]"
5776,"[441, 2572, 2706, 3175, 2959, 1870, 527, 608, 1, 1266, 1704, 1089, 2507, 3617]"
5777,"[2654, 1337, 1387, 1333, 1321, 2716, 1178, 1960, 1208, 2067, 1222, 1263, 1090, 356]"
5778,"[1374, 1396, 1748, 3070, 1129, 2968, 2985, 2407, 2454, 2116, 2901, 2640, 2662, 1356]"
5779,"[628, 2231, 3176, 2245, 1799, 805, 1093, 372, 175, 94, 253, 436, 3422, 440]"
5780,"[163, 736, 1343, 1805, 1518, 353, 2617, 132, 543, 1479, 61, 95, 707, 427]"
5781,"[0, 0, 0, 0, 0, 0, 912, 3424, 1210, 3006, 2908, 2762, 2912, 2959]"
5782,"[3524, 3497, 2985, 2420, 2987, 2942, 2375, 2421, 2735, 590, 3005, 1367, 3107, 3450]"
5783,"[2424, 236, 237, 539, 852, 1597, 597, 378, 2291, 2340, 1777, 2496, 1569, 1441]"
5784,"[0, 0, 0, 0, 0, 0, 1097, 1198, 2572, 2706, 2683, 2037, 2355, 2770]"
5785,"[3753, 318, 1198, 1196, 260, 1291, 923, 2918, 3471, 2248, 1307, 1258, 1210, 1240]"
5786,"[104, 2301, 2109, 3261, 2262, 2356, 2736, 2539, 852, 144, 1441, 2134, 2567, 3263]"
5787,"[3521, 3060, 3911, 3751, 39, 3317, 2542, 223, 1162, 728, 235, 45, 1885, 1243]"
5788,"[1090, 2355, 1625, 1639, 3763, 3129, 481, 3770, 3869, 3181, 1032, 1566, 3812, 2648]"
5789,"[1284, 3487, 2997, 3606, 3341, 58, 1240, 1333, 1935, 2687, 2762, 3384, 2712, 3379]"
5790,"[2863, 1147, 1185, 1265, 2918, 1079, 589, 1670, 1197, 1291, 1834, 2321, 1674, 2272]"
5791,"[593, 1193, 908, 527, 1203, 1228, 111, 1288, 1197, 1247, 898, 902, 1554, 1307]"
5792,"[1344, 1321, 2706, 2639, 3254, 2064, 3182, 3007, 2677, 3949, 2683, 223, 3863, 2908]"
5793,"[1201, 2944, 2947, 2948, 2951, 2993, 1304, 2529, 3366, 2729, 922, 2186, 1248, 3364]"
5794,"[1391, 3, 1888, 2252, 785, 2163, 1367, 135, 3247, 1457, 3144, 2468, 203, 1612]"
5795,"[662, 527, 599, 3508, 1266, 1283, 3365, 2401, 383, 553, 978, 2433, 2890, 1777]"
5796,"[0, 0, 0, 0, 1968, 904, 3358, 930, 1193, 3186, 3556, 3298, 3175, 2997]"
5797,"[233, 2712, 2333, 2761, 913, 2585, 2622, 968, 2502, 299, 2686, 1513, 2692, 2395]"
5798,"[288, 3274, 1197, 1292, 1294, 3421, 1259, 3671, 1963, 3244, 2144, 2918, 3362, 3361]"
5799,"[2762, 2912, 2840, 3005, 541, 1267, 1617, 1748, 904, 1214, 1219, 1252, 589, 593]"
5800,"[0, 0, 0, 0, 0, 0, 0, 0, 0, 0, 0, 1210, 1610, 2683]"
5801,"[2916, 2288, 2640, 480, 2455, 1129, 1580, 1356, 968, 2528, 1909, 1653, 1748, 2011]"
5802,"[1219, 1212, 1260, 1104, 2186, 1230, 3224, 910, 2732, 903, 3067, 2859, 2010, 1248]"
5803,"[1210, 1884, 2599, 1223, 2997, 745, 223, 2396, 2542, 441, 2502, 1641, 2770, 551]"
5804,"[0, 0, 0, 0, 0, 0, 0, 0, 3101, 1961, 1230, 1270, 3545, 260]"
5805,"[2657, 2746, 2081, 1951, 1688, 1057, 1081, 364, 3604, 1219, 1258, 1278, 2648, 2767]"
5806,"[475, 2070, 2348, 2248, 3217, 2333, 2065, 2291, 563, 232, 3068, 946, 1633, 1683]"
5807,"[1747, 2155, 296, 1213, 1617, 1089, 1466, 2890, 1233, 527, 2028, 1094, 110, 151]"
5808,"[377, 1200, 2947, 2948, 1610, 2000, 1580, 1954, 2628, 1101, 1, 1292, 3088, 955]"
5809,"[2699, 2287, 2009, 329, 1320, 1797, 1297, 2289, 1747, 1500, 2359, 2395, 125, 1517]"
5810,"[0, 0, 0, 0, 0, 0, 1198, 1262, 508, 3101, 2384, 3420, 858, 1041]"
5811,"[933, 342, 1059, 2029, 597, 550, 1956, 1884, 1028, 1258, 2622, 1247, 2289, 2324]"
5812,"[3251, 2795, 2989, 3524, 3844, 3450, 2097, 1896, 1544, 700, 2369, 3115, 1113, 2639]"
5813,"[6, 2991, 3104, 2000, 2640, 1101, 2115, 480, 198, 21, 349, 380, 2001, 648]"
5814,"[2901, 3114, 1148, 318, 2028, 260, 1270, 1213, 1304, 296, 356, 3421, 593, 2791]"
5815,"[1196, 32, 1214, 1270, 1206, 2968, 1240, 1077, 2571, 29, 1965, 1374, 1653, 1580]"
5816,"[0, 0, 0, 0, 1196, 678, 2997, 2762, 2861, 2889, 2961, 2881, 3113, 3054]"
5817,"[3101, 1997, 1617, 1210, 1620, 3409, 3513, 3300, 1127, 2572, 2699, 2707, 2683, 3005]"
5818,"[0, 0, 0, 527, 3252, 111, 1730, 1127, 2355, 3203, 2041, 2712, 2318, 2716]"
5819,"[920, 1376, 1784, 2001, 2028, 3524, 3543, 3604, 3551, 3546, 457, 110, 589, 1610]"
5820,"[2734, 2396, 2762, 2069, 1221, 3421, 318, 1207, 750, 608, 919, 1196, 593, 1234]"
5821,"[497, 260, 1214, 541, 589, 3175, 2916, 246, 1147, 1111, 1649, 745, 3008, 1617]"
5822,"[2976, 2710, 2746, 2780, 2097, 2657, 253, 1320, 908, 1287, 926, 971, 1104, 1945]"
5823,"[589, 1199, 1206, 1921, 1584, 1965, 2985, 1527, 780, 1306, 327, 1305, 595, 2081]"
5824,"[1883, 2371, 21, 104, 3087, 799, 3398, 3253, 380, 551, 1380, 333, 586, 2792]"
5825,"[1200, 3747, 320, 3793, 3148, 1449, 3536, 3863, 902, 3408, 3554, 3897, 3910, 3949]"
5826,"[514, 21, 1639, 1057, 1653, 3252, 3256, 1120, 1047, 551, 1906, 1215, 2124, 111]"
5827,"[3489, 153, 2723, 761, 849, 2322, 2162, 1562, 1591, 2720, 1681, 1393, 1408, 377]"
5828,"[0, 0, 0, 0, 0, 0, 0, 0, 0, 0, 0, 3471, 260, 2028]"
5829,"[3421, 3061, 916, 3052, 2496, 260, 1221, 2692, 858, 969, 1387, 493, 1197, 2662]"
5830,"[3618, 3537, 3546, 3555, 3565, 3597, 3083, 1812, 69, 34, 1136, 3114, 3174, 2396]"
5831,"[3028, 1569, 2371, 3189, 2877, 3743, 3704, 3153, 3700, 2341, 3005, 3798, 1049, 653]"
5832,"[910, 1234, 3504, 3362, 1066, 1172, 2396, 1270, 3114, 2918, 1259, 1196, 1200, 1210]"
5833,"[3203, 3408, 2757, 2688, 2690, 913, 2581, 2622, 2734, 1959, 3219, 2906, 1513, 2396]"
5834,"[0, 1968, 913, 2686, 1513, 2396, 2070, 3022, 951, 1230, 2858, 2300, 1617, 3334]"
5835,"[3083, 1196, 1207, 2289, 2858, 953, 608, 3359, 3090, 3471, 2501, 34, 3006, 17]"
5836,"[1393, 1265, 150, 2761, 3256, 260, 1196, 1198, 1214, 1240, 1722, 1136, 1256, 1278]"
5837,"[2977, 1431, 204, 1497, 1862, 71, 2296, 1626, 2349, 2401, 3412, 2174, 3203, 2111]"
5838,"[2006, 2506, 956, 932, 2875, 3528, 919, 1931, 1204, 1303, 590, 1073, 2968, 3175]"
5839,"[1198, 608, 1250, 1207, 110, 293, 2918, 2948, 1265, 2294, 1, 1278, 1252, 1284]"
5840,"[919, 2565, 899, 3549, 1947, 918, 3061, 73, 2971, 2099, 3675, 1088, 3668, 497]"
5841,"[2108, 412, 1393, 1571, 500, 3357, 3481, 2959, 3510, 3173, 532, 2395, 2249, 2420]"
5842,"[1201, 1291, 457, 1953, 2947, 1304, 377, 1222, 1610, 1376, 2529, 1954, 2194, 2944]"
5843,"[1207, 1217, 2313, 1949, 58, 950, 1269, 1148, 1223, 720, 745, 2085, 1293, 1296]"
5844,"[2858, 1500, 3160, 3751, 3578, 3755, 3189, 1617, 2952, 3174, 2959, 3512, 3317, 3301]"
5845,"[1223, 2324, 899, 1041, 593, 904, 928, 3545, 903, 1348, 1927, 3418, 1957, 111]"
5846,"[1617, 1304, 928, 260, 2858, 50, 1219, 1254, 1247, 3022, 920, 1952, 1953, 1084]"
5847,"[2369, 1059, 597, 1597, 266, 252, 750, 1199, 1584, 1527, 2046, 2311, 1294, 1960]"
5848,"[1952, 3365, 1957, 1203, 1251, 1228, 1185, 1340, 1394, 900, 2969, 914, 2927, 1674]"
5849,"[1204, 527, 2028, 1224, 2427, 1090, 1408, 260, 750, 720, 745, 541, 2804, 1198]"
5851,"[1566, 1907, 2082, 2090, 2096, 783, 1688, 1023, 1033, 616, 3397, 1021, 802, 1193]"
5852,"[2959, 3296, 1747, 1246, 800, 3152, 2398, 1682, 2352, 1962, 2268, 281, 1784, 21]"
5853,"[1206, 1214, 1270, 3471, 2571, 32, 1200, 1240, 2916, 2454, 1924, 2985, 2640, 198]"
5854,"[3344, 2454, 2455, 1345, 2459, 1128, 1982, 1261, 1347, 2118, 2160, 1321, 2747, 2867]"
5855,"[2501, 2692, 475, 800, 862, 508, 515, 2858, 223, 2575, 2688, 2716, 2690, 913]"
5856,"[539, 2154, 1353, 2000, 352, 1569, 39, 2245, 589, 1198, 1240, 1291, 1036, 2115]"
5857,"[500, 2193, 2011, 105, 1049, 3101, 262, 2161, 1088, 2470, 2102, 2747, 2297, 203]"
5858,"[475, 3204, 934, 2115, 1610, 357, 1635, 147, 3546, 345, 3160, 1784, 2657, 1729]"
5859,"[1247, 1221, 2028, 3068, 1250, 111, 1213, 1104, 1225, 924, 1276, 1259, 1196, 3471]"
5860,"[2245, 1394, 2657, 2746, 2100, 2302, 2395, 1517, 339, 2926, 3253, 539, 1569, 3552]"
5861,"[1537, 3361, 2788, 946, 1235, 1270, 3362, 1641, 1307, 3341, 1079, 921, 2248, 1963]"
5862,"[2918, 2716, 1079, 2355, 2081, 588, 2174, 2915, 497, 597, 339, 500, 2407, 104]"
5863,"[0, 0, 0, 0, 0, 0, 0, 1580, 1617, 356, 2076, 2870, 3175, 2762]"
5864,"[2947, 1242, 2739, 1090, 1225, 497, 1250, 3471, 1952, 2396, 1610, 1960, 1258, 1]"
5865,"[788, 2393, 2021, 1544, 2672, 213, 318, 1041, 527, 2858, 1193, 3006, 2324, 2028]"
5866,"[111, 3468, 593, 318, 912, 923, 913, 1219, 1262, 260, 1254, 296, 2762, 1258]"
5867,"[3545, 428, 527, 2858, 1127, 2699, 2707, 2975, 2710, 3005, 2433, 223, 3203, 2881]"
5868,"[1096, 2067, 3135, 2858, 1230, 2804, 1537, 2300, 3114, 2396, 1235, 1278, 1304, 3429]"
5869,"[1275, 786, 380, 1527, 2353, 597, 509, 2959, 356, 3578, 2858, 832, 2600, 1653]"
5870,"[1884, 2395, 2501, 2571, 1222, 2858, 1288, 1500, 1206, 608, 296, 2959, 318, 1732]"
5871,"[953, 1262, 1097, 1354, 2648, 589, 3067, 924, 1333, 2366, 934, 1240, 1954, 1411]"
5872,"[3793, 3578, 2791, 1221, 858, 3911, 1036, 3527, 2268, 3253, 3052, 553, 50, 1639]"
5873,"[457, 2393, 2028, 260, 1210, 1610, 110, 3082, 2571, 1240, 1036, 589, 1200, 1214]"
5874,"[3702, 3703, 1222, 2997, 2594, 3160, 3006, 347, 3894, 3751, 2231, 3263, 471, 2329]"
5875,"[648, 3717, 3578, 3148, 1206, 3751, 750, 3147, 3624, 1, 2028, 720, 94, 2997]"
5876,"[0, 0, 0, 1097, 2313, 380, 2947, 260, 317, 3418, 1387, 858, 1198, 1304]"
5877,"[0, 0, 0, 0, 0, 1257, 2628, 2761, 1196, 1206, 2710, 2716, 913, 3300]"
5878,"[1197, 3071, 1220, 2077, 3703, 1291, 3480, 2097, 1290, 1285, 3479, 2193, 2734, 2161]"
5879,"[2947, 1291, 2571, 1610, 1127, 3527, 1275, 6, 592, 2490, 2948, 1580, 2916, 2763]"
5880,"[3006, 866, 3007, 3812, 3814, 3819, 3793, 3298, 1799, 3889, 3578, 3462, 1259, 3022]"
5881,"[509, 2875, 2316, 2916, 780, 1917, 185, 1690, 1320, 3148, 318, 593, 150, 1873]"
5882,"[1210, 260, 1196, 1270, 541, 589, 924, 2571, 1200, 1240, 2916, 1676, 480, 1374]"
5883,"[0, 0, 0, 0, 0, 0, 0, 0, 923, 1961, 2281, 3168, 2858, 2997]"
5884,"[1260, 1267, 1284, 541, 1617, 1748, 2987, 924, 750, 2010, 1199, 1921, 1924, 29]"
5885,"[2860, 2976, 3481, 3317, 3513, 3578, 3298, 3509, 3301, 3000, 1291, 592, 952, 2987]"
5886,"[903, 1269, 1247, 2291, 1206, 2010, 1250, 1208, 647, 368, 3317, 2959, 1730, 1619]"
5887,"[899, 2096, 3549, 1947, 1022, 1951, 1035, 1674, 1357, 1282, 1097, 986, 2085, 2687]"
5888,"[2395, 952, 3210, 2690, 1449, 1963, 3451, 3481, 2770, 3552, 1958, 356, 1883, 2371]"
5889,"[1264, 2797, 1242, 3347, 2791, 3516, 3175, 2390, 910, 1230, 1223, 2997, 3037, 898]"
5890,"[144, 440, 1937, 3044, 1805, 3476, 1711, 3386, 2024, 2401, 2478, 2761, 1201, 1944]"
5891,"[2700, 2672, 2858, 1127, 2997, 3298, 223, 2759, 1093, 2959, 2605, 3510, 3717, 2856]"
5892,"[1596, 2442, 594, 2291, 1396, 3882, 472, 1305, 3175, 1580, 1584, 2571, 2916, 718]"
5893,"[497, 2506, 1934, 1449, 2109, 1297, 492, 838, 471, 2290, 1542, 1414, 322, 1732]"
5894,"[3494, 2922, 383, 1007, 416, 458, 1379, 2055, 487, 858, 608, 1234, 3104, 2268]"
5895,"[50, 1617, 858, 1089, 3019, 1213, 3362, 2580, 1953, 1179, 2917, 2391, 555, 2542]"
5896,"[3255, 2770, 368, 539, 2004, 2012, 2683, 785, 2907, 2999, 586, 3258, 333, 2052]"
5897,"[3296, 3334, 3341, 3374, 261, 2076, 3549, 3516, 3521, 319, 3308, 616, 3591, 3552]"
5898,"[306, 3072, 866, 2006, 2997, 2712, 2628, 2396, 527, 50, 2571, 2858, 2355, 2541]"
5899,"[0, 0, 0, 0, 0, 0, 0, 0, 0, 0, 3494, 3552, 1935, 2762]"
5900,"[1956, 1594, 307, 3498, 2067, 308, 14, 1810, 2929, 477, 3252, 345, 1958, 523]"
5901,"[0, 0, 0, 0, 0, 1210, 2628, 3504, 1196, 2858, 919, 908, 1225, 529]"
5902,"[3545, 2971, 914, 2946, 199, 900, 918, 907, 1220, 1380, 1252, 1617, 1212, 1219]"
5903,"[1653, 1573, 1584, 1372, 1396, 198, 780, 527, 161, 466, 1, 595, 2761, 2687]"
5904,"[0, 0, 0, 0, 0, 0, 0, 0, 0, 0, 356, 1196, 500, 345]"
5905,"[2660, 541, 924, 671, 1097, 2665, 2667, 1301, 1356, 1376, 2009, 1374, 2363, 2393]"
5906,"[1704, 364, 733, 2406, 3256, 1407, 2890, 1136, 2791, 1060, 2248, 3044, 3176, 1892]"
5907,"[1046, 965, 2208, 1267, 3096, 898, 905, 945, 1294, 899, 1299, 1199, 1213, 2762]"
5908,"[3702, 380, 1101, 3671, 590, 2012, 2478, 1378, 2021, 3361, 2791, 3396, 588, 3552]"
5909,"[0, 0, 0, 0, 0, 0, 0, 0, 0, 1196, 1194, 1982, 1214, 1219]"
5910,"[3125, 1643, 1747, 580, 272, 1672, 1393, 110, 1183, 1680, 21, 1177, 1650, 262]"
5911,"[230, 2278, 280, 3176, 353, 2110, 22, 10, 2617, 1754, 2263, 288, 1148, 2997]"
5912,"[1246, 104, 2125, 2993, 2353, 2105, 1073, 2071, 1923, 357, 1257, 1909, 1693, 2109]"
5913,"[628, 1500, 2282, 1639, 529, 428, 454, 1721, 588, 362, 3147, 88, 597, 69]"
5914,"[1179, 1783, 50, 1213, 858, 3362, 608, 1945, 1084, 1089, 1953, 2917, 293, 555]"
5915,"[2236, 2694, 586, 539, 736, 837, 1027, 2023, 2724, 3264, 3, 2822, 550, 2335]"
5916,"[2699, 2012, 674, 2661, 327, 3037, 3093, 3487, 1008, 2478, 416, 1344, 946, 3448]"
5917,"[1172, 1270, 2804, 1265, 1278, 1294, 2863, 1292, 2248, 2716, 2396, 3361, 2915, 1307]"
5918,"[0, 0, 0, 2791, 593, 3502, 3052, 1221, 111, 1204, 3471, 608, 1196, 1258]"
5919,"[0, 0, 0, 0, 0, 0, 1270, 2706, 3285, 2694, 223, 2772, 1093, 2428]"
5920,"[25, 2243, 1777, 11, 1680, 587, 509, 2080, 3578, 3160, 3916, 50, 36, 1617]"
5921,"[1196, 1198, 2571, 1210, 1221, 858, 1291, 1, 296, 2100, 1997, 1258, 1387, 2716]"
5922,"[1244, 1231, 866, 1084, 2132, 1259, 1208, 1222, 2076, 150, 950, 1269, 2414, 3386]"
5923,"[1393, 2762, 3552, 318, 593, 1358, 2028, 2433, 2571, 2706, 589, 608, 3868, 3481]"
5924,"[2528, 10, 3372, 3519, 303, 353, 3441, 2524, 1378, 1690, 2013, 2094, 434, 3430]"
5925,"[1580, 1216, 480, 1544, 2081, 2085, 262, 2137, 2018, 2090, 362, 3471, 1200, 2455]"
5926,"[329, 474, 1049, 1356, 1597, 733, 110, 2000, 1101, 292, 1376, 2001, 1374, 3257]"
5927,"[2577, 324, 203, 1904, 3006, 3125, 3118, 2721, 3746, 3751, 3357, 3859, 3783, 3747]"
5928,"[2917, 3518, 3521, 3559, 913, 3415, 3310, 3416, 3462, 1281, 1284, 3307, 3334, 954]"
5929,"[332, 2617, 879, 196, 724, 2781, 2003, 2519, 2900, 382, 1341, 1128, 1388, 2740]"
5930,"[1252, 593, 928, 608, 906, 2571, 2917, 2206, 377, 1036, 3505, 1480, 1921, 2353]"
5931,"[1265, 1, 2396, 2791, 2716, 1079, 1073, 2, 1240, 2028, 589, 2194, 3418, 969]"
5932,"[0, 0, 0, 0, 0, 0, 0, 0, 912, 1921, 1208, 2028, 589, 3267]"
5933,"[2712, 2580, 2716, 785, 2805, 2502, 2568, 2734, 3219, 3512, 2598, 24, 2395, 2762]"
5934,"[1221, 858, 260, 2858, 3095, 908, 1193, 527, 1228, 1247, 1294, 593, 1256, 296]"
5935,"[2804, 1270, 1307, 2918, 318, 69, 1747, 1, 1911, 216, 2700, 223, 3450, 231]"
5936,"[858, 260, 1240, 1214, 913, 608, 1200, 296, 1221, 1387, 69, 1136, 1036, 2791]"
5937,"[2355, 2804, 2918, 1127, 1300, 2150, 1527, 2968, 1584, 10, 1663, 2991, 2140, 610]"
5938,"[2133, 112, 1009, 2, 50, 1248, 903, 908, 1200, 457, 924, 247, 2186, 373]"
5939,"[2657, 1923, 1242, 2303, 356, 1344, 1961, 1221, 587, 1186, 3194, 2916, 1953, 1610]"
5940,"[0, 1552, 1961, 350, 3505, 2827, 2881, 2599, 3203, 2718, 2428, 2688, 2676, 2390]"
5941,"[1563, 2649, 2493, 593, 50, 589, 293, 47, 928, 1212, 2762, 2186, 2208, 1617]"
5942,"[1954, 1263, 950, 913, 1212, 1269, 903, 904, 1086, 1252, 1264, 2212, 929, 930]"
5943,"[593, 1234, 750, 527, 34, 1, 318, 1207, 3260, 1097, 2293, 2396, 1082, 1259]"
5944,"[0, 0, 0, 0, 0, 0, 0, 0, 0, 0, 3501, 915, 1172, 356]"
5945,"[1230, 3194, 1193, 2925, 3201, 2303, 111, 3359, 3362, 1208, 3093, 1964, 1244, 1272]"
5946,"[207, 3, 351, 46, 105, 3528, 3436, 2359, 539, 2321, 357, 2324, 1641, 1784]"
5947,"[1219, 1278, 2648, 2488, 2550, 1997, 1333, 2644, 2716, 1340, 2780, 1982, 2746, 1130]"
5948,"[2184, 2068, 176, 2915, 1099, 2804, 224, 1283, 1304, 1288, 3467, 1938, 1511, 261]"
5949,"[1673, 3499, 1268, 3105, 1407, 1639, 3253, 16, 1343, 588, 1271, 249, 3255, 835]"
5950,"[2926, 3036, 1127, 2439, 2329, 3363, 111, 2804, 2859, 1300, 1196, 1358, 3196, 3683]"
5951,"[953, 1278, 2692, 2918, 3347, 356, 1374, 1200, 293, 1242, 1500, 1259, 223, 1387]"
5952,"[964, 3494, 2527, 2012, 368, 1378, 2478, 416, 940, 1198, 858, 3366, 2019, 1953]"
5953,"[480, 1584, 1356, 1396, 671, 780, 1372, 1196, 1199, 1210, 541, 3471, 260, 924]"
5954,"[1086, 2992, 2058, 3204, 230, 627, 2661, 899, 497, 950, 1284, 2206, 3386, 2467]"
5955,"[1213, 678, 50, 1454, 608, 593, 3159, 2501, 314, 2997, 1617, 2761, 913, 3334]"
5956,"[3147, 1682, 1484, 597, 2046, 1199, 3408, 111, 1136, 1960, 1921, 319, 2908, 2609]"
5957,"[2797, 3253, 223, 1517, 3052, 497, 3087, 180, 2518, 2150, 1884, 2301, 368, 2478]"
5958,"[2922, 3168, 1233, 2028, 1214, 2947, 1387, 2115, 318, 3037, 3074, 2527, 1200, 3204]"
5959,"[0, 0, 858, 377, 3481, 3273, 1641, 2700, 39, 2390, 1215, 1784, 2709, 2706]"
5960,"[2336, 2688, 2716, 2333, 2719, 2676, 2713, 913, 2310, 24, 1513, 2906, 43, 2724]"
5961,"[1213, 1179, 2912, 2391, 1466, 1500, 2542, 2580, 866, 47, 999, 2586, 1748, 593]"
5962,"[587, 110, 2858, 1221, 858, 1193, 296, 1198, 1225, 260, 2028, 1213, 1219, 50]"
5963,"[2353, 1587, 2723, 318, 1217, 2289, 2020, 1673, 2797, 1242, 457, 480, 172, 373]"
5964,"[509, 1845, 52, 2108, 346, 1407, 2702, 3081, 373, 3155, 1343, 141, 1645, 1921]"
5965,"[0, 0, 0, 0, 0, 1193, 1274, 1012, 2858, 2683, 2706, 2707, 3005, 2975]"
5966,"[3246, 2329, 17, 58, 1187, 337, 194, 36, 1051, 3060, 345, 2268, 538, 21]"
5967,"[0, 0, 0, 0, 0, 0, 290, 2028, 1499, 1193, 2284, 3006, 2908, 2959]"
5968,"[2019, 2028, 969, 2905, 1201, 1242, 1304, 589, 1953, 2944, 1214, 1240, 1387, 2366]"
5969,"[3526, 1269, 1078, 3175, 1265, 3210, 1304, 1079, 3037, 1226, 3157, 2355, 3552, 1220]"
5970,"[1270, 3527, 2640, 1200, 1374, 1876, 1127, 2311, 1077, 780, 1375, 329, 1372, 1544]"
5971,"[2745, 62, 1124, 848, 282, 300, 1907, 1035, 260, 1198, 969, 1210, 457, 1376]"
5972,"[1035, 2529, 2948, 3555, 480, 804, 3114, 1250, 3510, 3745, 3408, 3519, 3654, 3897]"
5973,"[512, 3471, 2010, 924, 1196, 2571, 32, 1210, 2628, 480, 3300, 1127, 2529, 2916]"
5974,"[1660, 2611, 3160, 1747, 45, 1643, 1183, 1090, 2171, 1683, 1060, 11, 21, 1365]"
5975,"[1196, 150, 1208, 1097, 1246, 2087, 919, 3114, 588, 2355, 2078, 364, 2081, 260]"
5976,"[3072, 1394, 3090, 1196, 2020, 1246, 2348, 2926, 3071, 1261, 2972, 1173, 1961, 2791]"
5977,"[3421, 2819, 1244, 1272, 1278, 1294, 3471, 3359, 1955, 1997, 1263, 3198, 3200, 1078]"
5978,"[349, 2699, 2403, 1876, 1358, 2919, 953, 3350, 3654, 1754, 2664, 3728, 457, 1249]"
5979,"[1950, 111, 2791, 913, 3462, 3543, 1284, 3307, 3310, 1281, 3334, 3350, 2076, 1240]"
5980,"[357, 2993, 3252, 1253, 2108, 1292, 594, 1244, 2662, 3451, 1179, 3585, 2633, 2657]"
5981,"[2096, 2467, 2750, 2779, 2406, 1035, 3044, 2212, 3398, 2078, 2407, 199, 3451, 3230]"
5982,"[1267, 1276, 1231, 1240, 3471, 34, 1204, 2396, 919, 1961, 1704, 593, 1617, 1]"
5983,"[3354, 3471, 1196, 1097, 924, 1240, 2529, 1270, 1199, 2140, 1200, 480, 1374, 589]"
5984,"[1097, 1200, 1214, 1240, 1270, 2664, 1199, 32, 1206, 1210, 2288, 1374, 610, 1909]"
5985,"[2145, 26, 1271, 529, 2926, 2432, 2395, 2384, 1206, 1446, 3618, 34, 1203, 1197]"
5986,"[969, 265, 1188, 1230, 2396, 1244, 898, 928, 2969, 914, 1947, 1265, 1296, 920]"
5987,"[232, 1171, 1236, 2700, 562, 1279, 2359, 3052, 532, 144, 1179, 1617, 296, 1213]"
5988,"[2324, 509, 3105, 36, 1094, 3481, 3006, 34, 2599, 3108, 1265, 2355, 21, 1641]"
5989,"[2, 1848, 3489, 1126, 2162, 317, 60, 2628, 1750, 558, 3005, 2881, 2959, 2961]"
5990,"[2238, 3283, 2921, 2971, 2871, 1955, 2991, 2657, 1078, 3167, 2932, 1982, 1380, 2346]"
5991,"[1073, 2294, 158, 2082, 1238, 916, 3030, 1136, 3097, 1307, 1188, 914, 3438, 1702]"
5992,"[2700, 2762, 3114, 86, 2694, 2490, 2571, 2028, 2890, 2278, 3513, 2959, 1779, 3552]"
5993,"[0, 0, 0, 0, 2762, 3334, 1333, 2752, 903, 908, 904, 930, 2186, 1219]"
5994,"[592, 1101, 1129, 1527, 733, 1275, 292, 1127, 1215, 1261, 2912, 780, 2640, 1370]"
5995,"[1688, 1033, 48, 3435, 1954, 969, 3534, 2706, 3155, 2694, 3863, 3751, 2861, 3510]"
5996,"[3197, 2247, 552, 2672, 1350, 1688, 3274, 31, 2245, 3301, 2989, 3247, 2376, 2504]"
5997,"[1356, 1129, 1527, 2985, 1653, 198, 3070, 2454, 2455, 1580, 1127, 2011, 610, 1676]"
5998,"[628, 838, 994, 1678, 1635, 3252, 3176, 296, 608, 25, 2959, 3713, 2272, 534]"
5999,"[913, 922, 930, 3435, 1248, 1252, 1260, 1267, 1284, 1617, 2066, 1179, 2186, 3334]"
6000,"[1727, 3032, 1687, 2311, 2180, 2617, 2269, 1792, 2520, 3555, 2875, 48, 2524, 1752]"
6001,"[841, 2712, 1680, 2396, 2959, 3081, 3788, 1635, 3751, 3481, 1358, 965, 3147, 3947]"
6002,"[3359, 2819, 2866, 2871, 1955, 1997, 1419, 3037, 1913, 3551, 3733, 3729, 3099, 1362]"
6003,"[1171, 21, 2657, 497, 1081, 3501, 492, 2245, 915, 3422, 2746, 440, 1297, 708]"
6004,"[745, 595, 2700, 2628, 3479, 2872, 2193, 1967, 2968, 2143, 2081, 2139, 1033, 2137]"
6005,"[2710, 2826, 2617, 1347, 3016, 253, 2901, 2517, 3264, 2459, 1342, 1970, 2713, 177]"
6006,"[1028, 594, 2081, 1032, 596, 2085, 2078, 2080, 1907, 2096, 1022, 3398, 595, 2097]"
6007,"[780, 2353, 292, 2662, 3062, 1876, 3441, 2273, 517, 2476, 494, 2393, 3197, 1438]"
6008,"[1196, 1221, 858, 110, 1036, 2028, 2571, 1610, 3256, 1200, 1291, 2916, 377, 474]"
6009,"[1617, 1625, 3176, 648, 3006, 318, 2324, 1784, 1704, 628, 1721, 454, 3252, 225]"
6010,"[1266, 2401, 3494, 3508, 2922, 553, 590, 3074, 383, 2012, 996, 2478, 432, 458]"
6011,"[2501, 912, 3448, 3591, 2001, 1693, 2915, 1297, 1967, 1275, 292, 1682, 349, 2944]"
6012,"[0, 0, 0, 0, 0, 0, 0, 0, 0, 0, 0, 382, 481, 2894]"
6013,"[1947, 1028, 551, 2083, 2087, 900, 1022, 2746, 1380, 1416, 2877, 1760, 1030, 1]"
6014,"[594, 2087, 900, 914, 3549, 1282, 1288, 938, 1947, 2971, 1035, 588, 2941, 2946]"
6015,"[3159, 1566, 2858, 34, 1230, 1307, 2396, 1265, 223, 2064, 2973, 497, 492, 2300]"
6016,"[750, 1267, 2648, 951, 3545, 1252, 3819, 1256, 2203, 2839, 3456, 3245, 3129, 3894]"
6017,"[0, 0, 141, 969, 2353, 3408, 3512, 381, 2762, 913, 954, 3462, 3543, 1281]"
6018,"[3471, 750, 541, 1077, 1097, 32, 1206, 2455, 1199, 1584, 1653, 2407, 2968, 2009]"
6019,"[2880, 1580, 349, 733, 1356, 2167, 480, 112, 648, 329, 577, 303, 316, 3269]"
6020,"[1214, 1304, 1387, 2019, 3405, 2947, 2948, 1196, 457, 3404, 3406, 2366, 589, 3418]"
6021,"[2081, 2804, 2324, 1234, 1278, 1394, 1270, 34, 1136, 1080, 1923, 3421, 2352, 3361]"
6022,"[1291, 1079, 2194, 1240, 1259, 1394, 1036, 1200, 1222, 1258, 3360, 1246, 2474, 2115]"
6023,"[1769, 479, 485, 204, 1882, 1004, 50, 2194, 6, 47, 2268, 293, 1805, 1645]"
6024,"[2528, 2640, 1370, 3082, 648, 1918, 780, 1608, 316, 2985, 2002, 21, 3443, 329]"
6025,"[2542, 345, 2302, 892, 1184, 441, 3255, 1566, 45, 380, 2622, 574, 492, 597]"
6026,"[2117, 2009, 2407, 3340, 1375, 1924, 674, 1391, 1917, 318, 593, 246, 1198, 162]"
6027,"[377, 457, 3418, 110, 2028, 1876, 1573, 1917, 1610, 1580, 10, 1370, 333, 3114]"
6028,"[858, 165, 1954, 861, 1953, 1214, 1242, 2571, 1200, 1240, 1036, 1610, 592, 1573]"
6029,"[0, 1961, 899, 3524, 3548, 3545, 3543, 3549, 3550, 3499, 3505, 3591, 3526, 3529]"
6030,"[1917, 442, 173, 2034, 2642, 327, 2872, 2138, 2174, 2797, 3479, 2193, 1073, 2]"
6031,"[32, 3157, 3270, 919, 1270, 2716, 1537, 1297, 8, 1275, 361, 1097, 1210, 1291]"
6032,"[969, 899, 17, 900, 1204, 246, 1219, 1214, 1333, 1387, 2716, 2747, 2517, 1032]"
6033,"[2947, 1210, 1304, 1127, 2194, 457, 1408, 592, 3404, 480, 349, 780, 1608, 2353]"
6034,"[0, 0, 0, 0, 0, 1345, 527, 913, 3435, 1248, 1252, 1617, 2726, 541]"
6035,"[3528, 418, 2431, 1726, 1, 2396, 1265, 1500, 2355, 1517, 3253, 440, 1614, 2384]"
6036,"[671, 2912, 1569, 3281, 2439, 1784, 1913, 2425, 2125, 3034, 1447, 2725, 1179, 1748]"
6037,"[3132, 1307, 1172, 1294, 3471, 260, 750, 1253, 1200, 2287, 2288, 2662, 1301, 3175]"
6038,"[0, 0, 0, 0, 0, 0, 0, 1210, 2146, 356, 1079, 1148, 3548, 3088]"
6039,"[1284, 950, 1964, 2206, 2208, 1086, 906, 942, 1680, 926, 1237, 923, 1252, 2019]"
6040,"[3168, 3182, 2575, 1212, 3362, 1258, 2068, 1947, 1211, 2571, 1333, 953, 2725, 1673]"
